1430121447.715000,0.000000,0.000000,0.000000
1430121447.725000,0.000000,0.000000,0.000000
1430121447.735000,0.000000,0.000000,0.000000
1430121447.745000,0.000000,0.000000,0.000000
1430121447.755000,0.000000,0.000000,0.000000
1430121447.765000,0.000000,0.000000,0.000000
1430121447.776000,0.000000,0.000000,0.000000
1430121447.785000,0.000000,0.000000,0.000000
1430121447.796000,0.000000,0.000000,0.000000
1430121447.805000,0.000000,0.000000,0.000000
1430121447.815000,0.000000,0.000000,0.000000
1430121447.825000,0.000000,0.000000,0.000000
1430121447.835000,0.000000,0.000000,0.000000
1430121447.846000,0.000000,0.000000,0.000000
1430121447.855000,0.000000,0.000000,0.000000
1430121447.865000,0.000000,0.000000,0.000000
1430121447.876000,0.000000,0.000000,0.000000
1430121447.885000,0.000000,0.000000,0.000000
1430121447.896000,0.000000,0.000000,0.000000
1430121447.905000,0.000000,0.000000,0.000000
1430121447.915000,0.000000,0.000000,0.000000
1430121447.926000,0.000000,0.000000,0.000000
1430121447.935000,0.000000,0.000000,0.000000
1430121447.945000,0.000000,0.000000,0.000000
1430121447.955000,0.000000,0.000000,0.000000
1430121447.965000,0.000000,0.000000,0.000000
1430121447.975000,0.000000,0.000000,0.000000
1430121447.985000,0.000000,0.000000,0.000000
1430121447.995000,7.159424,4.635620,-28.640747
1430121448.005000,7.159424,4.635620,-28.640747
1430121448.015000,7.159424,4.635620,-28.640747
1430121448.025000,6.144714,4.296875,-28.971863
1430121448.036000,6.359863,4.133606,-28.865051
1430121448.045000,6.359863,4.133606,-28.865051
1430121448.055000,7.498169,3.276062,-28.308105
1430121448.065000,7.427979,3.620911,-27.970886
1430121448.075000,7.427979,3.620911,-27.970886
1430121448.085000,7.328796,4.125977,-27.479553
1430121448.095000,6.556702,5.343628,-28.019714
1430121448.106000,6.556702,5.343628,-28.019714
1430121448.115000,6.144714,5.995178,-28.308105
1430121448.126000,6.144714,6.909180,-29.200745
1430121448.135000,6.144714,6.909180,-29.200745
1430121448.145000,6.144714,6.909180,-29.200745
1430121448.155000,6.202698,6.924438,-29.229736
1430121448.165000,6.202698,6.924438,-29.229736
1430121448.176000,7.498169,4.975891,-27.645874
1430121448.185000,7.794189,5.867004,-27.645874
1430121448.195000,7.794189,5.867004,-27.645874
1430121448.205000,8.514404,8.035278,-27.645874
1430121448.216000,9.422302,6.575012,-28.179932
1430121448.225000,9.422302,6.575012,-28.179932
1430121448.235000,10.208130,5.316162,-28.640747
1430121448.245000,10.604858,5.979919,-28.509521
1430121448.255000,10.604858,5.979919,-28.509521
1430121448.265000,10.716248,6.166077,-28.474426
1430121448.275000,10.716248,6.166077,-28.474426
1430121448.285000,10.716248,6.166077,-28.474426
1430121448.295000,9.530640,5.654907,-28.308105
1430121448.306000,9.440613,5.683899,-28.103638
1430121448.315000,9.440613,5.683899,-28.103638
1430121448.325000,9.022522,5.825806,-27.148438
1430121448.335000,9.735107,5.967712,-27.426147
1430121448.345000,9.735107,5.967712,-27.426147
1430121448.355000,10.716248,6.166077,-27.810669
1430121448.365000,9.245300,6.278992,-27.478027
1430121448.376000,9.245300,6.278992,-27.478027
1430121448.385000,8.514404,6.335449,-27.313232
1430121448.396000,8.204651,6.645203,-28.526306
1430121448.405000,8.204651,6.645203,-28.526306
1430121448.416000,8.204651,6.645203,-28.526306
1430121448.425000,8.049011,6.654358,-28.701782
1430121448.435000,8.049011,6.654358,-28.701782
1430121448.445000,6.144714,6.335449,-29.635620
1430121448.455000,6.246948,6.230164,-29.635620
1430121448.465000,6.246948,6.230164,-29.635620
1430121448.475000,6.481934,5.995178,-29.635620
1430121448.485000,5.638123,6.842041,-29.359436
1430121448.495000,5.638123,6.842041,-29.359436
1430121448.505000,4.959106,7.524109,-29.138184
1430121448.517000,3.741455,6.030273,-29.269409
1430121448.525000,3.741455,6.030273,-29.269409
1430121448.536000,3.434753,5.654907,-29.302979
1430121448.545000,3.434753,5.654907,-29.302979
1430121448.555000,3.434753,5.654907,-29.302979
1430121448.565000,-0.291443,4.975891,-29.966736
1430121448.575000,0.032043,5.364990,-30.093384
1430121448.586000,1.402283,7.014465,-30.630493
1430121448.595000,1.402283,7.014465,-30.630493
1430121448.605000,-0.378418,6.120300,-30.339050
1430121448.615000,-0.378418,6.120300,-30.339050
1430121448.625000,-2.661133,4.975891,-29.966736
1430121448.635000,-3.704834,4.162598,-29.626465
1430121448.646000,-4.185486,3.787231,-29.469299
1430121448.655000,-4.185486,3.787231,-29.469299
1430121448.665000,-5.761719,3.787231,-29.161072
1430121448.675000,-5.761719,3.787231,-29.161072
1430121448.685000,-5.761719,3.787231,-29.161072
1430121448.696000,-5.761719,3.773499,-29.202271
1430121448.705000,-4.354858,3.616333,-29.966736
1430121448.715000,-4.354858,3.616333,-29.966736
1430121448.725000,-5.014038,3.175354,-29.751587
1430121448.735000,-6.387329,2.256775,-29.302979
1430121448.747000,-6.387329,2.256775,-29.302979
1430121448.755000,-6.871033,1.577759,-28.829956
1430121448.765000,-7.234192,1.068115,-28.474426
1430121448.775000,-7.234192,1.068115,-28.474426
1430121448.785000,-7.925415,0.651550,-27.796936
1430121448.795000,-8.079529,0.558472,-27.645874
1430121448.806000,-8.079529,0.558472,-27.645874
1430121448.815000,-8.079529,0.558472,-27.645874
1430121448.825000,-8.079529,0.558472,-27.645874
1430121448.835000,-8.079529,0.558472,-27.645874
1430121448.845000,-9.103394,-2.493286,-27.757263
1430121448.855000,-9.103394,-2.493286,-27.757263
1430121448.866000,-8.248901,-3.350830,-27.479553
1430121448.875000,-8.317566,-3.237915,-27.500916
1430121448.885000,-8.317566,-3.237915,-27.500916
1430121448.895000,-8.757019,-2.500916,-27.645874
1430121448.905000,-8.822632,-2.044678,-26.943970
1430121448.915000,-8.822632,-2.044678,-26.943970
1430121448.925000,-8.926392,-1.310730,-25.820923
1430121448.935000,-9.465027,-1.420593,-26.980591
1430121448.945000,-9.465027,-1.420593,-26.980591
1430121448.955000,-9.773254,-1.481628,-27.645874
1430121448.965000,-10.978699,-1.481628,-27.055359
1430121448.975000,-10.978699,-1.481628,-27.055359
1430121448.985000,-10.978699,-1.481628,-27.055359
1430121448.995000,-11.145020,-1.498413,-26.965332
1430121449.006000,-11.145020,-1.498413,-26.965332
1430121449.015000,-12.144470,-2.500916,-25.987244
1430121449.026000,-12.641907,-2.366638,-25.588989
1430121449.035000,-12.641907,-2.366638,-25.588989
1430121449.046000,-14.007568,-1.991272,-24.494934
1430121449.055000,-13.920593,-1.550293,-24.061584
1430121449.065000,-13.920593,-1.550293,-24.061584
1430121449.075000,-13.838196,-1.141357,-23.664856
1430121449.085000,-15.795898,-1.535034,-22.257996
1430121449.096000,-15.795898,-1.535034,-22.257996
1430121449.105000,-16.377258,-1.651001,-21.841431
1430121449.115000,-16.377258,-1.651001,-21.841431
1430121449.125000,-16.377258,-1.651001,-21.841431
1430121449.135000,-17.054749,-1.310730,-19.520569
1430121449.145000,-17.182922,-1.286316,-19.194031
1430121449.155000,-17.182922,-1.286316,-19.194031
1430121449.165000,-17.901611,-1.141357,-17.364502
1430121449.175000,-17.425537,-0.801086,-17.697144
1430121449.185000,-17.425537,-0.801086,-17.697144
1430121449.195000,-16.716003,-0.291443,-18.193054
1430121449.205000,-17.048645,0.263977,-18.301392
1430121449.215000,-17.048645,0.263977,-18.301392
1430121449.225000,-17.224121,0.558472,-18.359375
1430121449.235000,-18.298340,0.402832,-19.709778
1430121449.245000,-18.298340,0.402832,-19.709778
1430121449.255000,-18.298340,0.402832,-19.709778
1430121449.265000,-18.388367,0.398254,-19.828796
1430121449.275000,-18.388367,0.398254,-19.828796
1430121449.285000,-17.732239,0.727844,-19.187927
1430121449.295000,-17.492676,0.582886,-19.328308
1430121449.305000,-17.492676,0.582886,-19.328308
1430121449.315000,-16.885376,0.218201,-19.685364
1430121449.326000,-17.248535,0.762939,-19.506836
1430121449.335000,-17.248535,0.762939,-19.506836
1430121449.345000,-17.562866,1.237488,-19.354248
1430121449.355000,-16.629028,2.441406,-20.268250
1430121449.365000,-16.377258,2.766418,-20.515442
1430121449.375000,-16.377258,2.766418,-20.515442
1430121449.385000,-16.377258,2.766418,-20.515442
1430121449.396000,-15.869141,2.937317,-19.023132
1430121449.406000,-15.869141,2.937317,-19.023132
1430121449.415000,-15.898132,3.021240,-19.049072
1430121449.426000,-16.038513,3.446960,-19.187927
1430121449.435000,-16.038513,3.446960,-19.187927
1430121449.445000,-15.898132,3.446960,-19.464111
1430121449.455000,-15.898132,3.446960,-19.464111
1430121449.465000,-15.699768,3.446960,-19.851685
1430121449.476000,-16.720581,4.240417,-18.630981
1430121449.485000,-17.224121,4.635620,-18.028259
1430121449.496000,-17.224121,4.635620,-18.028259
1430121449.506000,-17.068481,6.668091,-20.008850
1430121449.516000,-17.068481,6.668091,-20.008850
1430121449.525000,-17.068481,6.668091,-20.008850
1430121449.536000,-16.992188,6.845093,-20.135498
1430121449.545000,-15.699768,6.845093,-19.187927
1430121449.555000,-15.699768,6.845093,-19.187927
1430121449.565000,-15.852356,7.504272,-19.631958
1430121449.576000,-16.207886,9.054565,-20.680237
1430121449.585000,-16.207886,9.054565,-20.680237
1430121449.597000,-15.928650,8.772278,-20.405579
1430121449.605000,-15.699768,8.544922,-20.182800
1430121449.615000,-15.699768,8.544922,-20.182800
1430121449.625000,-15.428162,7.723999,-18.583679
1430121449.635000,-15.361023,7.524109,-18.193054
1430121449.645000,-15.361023,7.524109,-18.193054
1430121449.655000,-15.361023,7.524109,-18.193054
1430121449.665000,-16.716003,8.544922,-19.187927
1430121449.675000,-16.716003,8.544922,-19.187927
1430121449.685000,-16.532898,8.360291,-19.187927
1430121449.695000,-15.699768,7.524109,-19.187927
1430121449.705000,-15.699768,7.524109,-19.187927
1430121449.715000,-15.921021,7.008362,-19.546509
1430121449.726000,-16.207886,6.335449,-20.018005
1430121449.736000,-16.207886,6.335449,-20.018005
1430121449.745000,-16.325378,6.451416,-18.313599
1430121449.756000,-16.377258,6.504822,-17.530823
1430121449.765000,-16.377258,6.504822,-17.530823
1430121449.776000,-16.377258,6.823730,-16.906738
1430121449.785000,-16.377258,6.823730,-16.906738
1430121449.796000,-16.377258,6.823730,-16.906738
1430121449.805000,-16.432190,6.811523,-16.961670
1430121449.815000,-17.224121,6.335449,-18.359375
1430121449.825000,-17.224121,6.335449,-18.359375
1430121449.835000,-17.652893,6.442261,-18.254089
1430121449.845000,-18.579102,6.675720,-18.028259
1430121449.855000,-18.579102,6.675720,-18.028259
1430121449.865000,-17.906189,7.350159,-17.744446
1430121449.875000,-17.393494,7.864380,-17.530823
1430121449.885000,-17.393494,7.864380,-17.530823
1430121449.895000,-16.006470,8.421326,-16.171265
1430121449.905000,-15.699768,8.544922,-15.872192
1430121449.916000,-15.699768,8.544922,-15.872192
1430121449.925000,-15.699768,8.544922,-15.872192
1430121449.935000,-15.361023,8.883667,-17.530823
1430121449.945000,-15.361023,8.883667,-17.530823
1430121449.955000,-15.161133,9.219360,-17.463684
1430121449.966000,-14.346313,10.583496,-17.198181
1430121449.975000,-14.346313,10.583496,-17.198181
1430121449.986000,-14.880371,10.812378,-17.720032
1430121449.995000,-15.530396,11.093140,-18.359375
1430121450.005000,-15.530396,11.093140,-18.359375
1430121450.016000,-15.173340,11.689758,-18.475342
1430121450.025000,-15.022278,11.943054,-18.525696
1430121450.035000,-15.022278,11.943054,-18.525696
1430121450.045000,-14.218140,12.751770,-18.051147
1430121450.055000,-14.218140,12.751770,-18.051147
1430121450.065000,-14.218140,12.751770,-18.051147
1430121450.076000,-14.190674,12.860107,-18.014526
1430121450.085000,-14.346313,13.641357,-17.861938
1430121450.096000,-14.346313,13.641357,-17.861938
1430121450.105000,-13.954163,13.809204,-18.464661
1430121450.115000,-13.160706,14.151001,-19.685364
1430121450.125000,-13.160706,14.151001,-19.685364
1430121450.135000,-13.851929,14.250183,-19.009399
1430121450.145000,-14.346313,14.321899,-18.525696
1430121450.155000,-14.346313,14.321899,-18.525696
1430121450.165000,-13.780212,13.751221,-17.970276
1430121450.175000,-13.668823,13.641357,-17.861938
1430121450.185000,-13.668823,13.641357,-17.861938
1430121450.195000,-13.668823,13.641357,-17.861938
1430121450.205000,-14.176941,13.471985,-18.028259
1430121450.215000,-14.176941,13.471985,-18.028259
1430121450.225000,-14.176941,13.616943,-17.956543
1430121450.235000,-14.176941,14.151001,-17.695618
1430121450.245000,-14.176941,14.151001,-17.695618
1430121450.255000,-14.729309,13.279724,-17.153931
1430121450.265000,-15.361023,12.283325,-16.535950
1430121450.275000,-13.661194,12.283325,-16.772461
1430121450.285000,-13.661194,12.283325,-16.772461
1430121450.295000,-12.991333,12.283325,-16.867065
1430121450.305000,-15.124512,13.104248,-17.991638
1430121450.315000,-15.124512,13.104248,-17.991638
1430121450.325000,-15.124512,13.104248,-17.991638
1430121450.336000,-15.208435,13.017273,-17.820740
1430121450.345000,-15.208435,13.017273,-17.820740
1430121450.355000,-15.361023,11.943054,-15.872192
1430121450.366000,-15.361023,12.530518,-15.986633
1430121450.375000,-15.361023,12.530518,-15.986633
1430121450.386000,-15.361023,13.641357,-16.203308
1430121450.395000,-14.250183,13.742065,-16.499329
1430121450.405000,-14.250183,13.742065,-16.499329
1430121450.415000,-13.499451,13.812256,-16.700745
1430121450.425000,-14.651489,13.812256,-16.983032
1430121450.435000,-14.651489,13.812256,-16.983032
1430121450.445000,-14.852905,13.812256,-17.033386
1430121450.455000,-14.852905,13.812256,-17.033386
1430121450.465000,-14.852905,13.812256,-17.033386
1430121450.476000,-13.330078,11.943054,-17.861938
1430121450.486000,-13.214111,12.452698,-17.822266
1430121450.496000,-13.214111,12.452698,-17.822266
1430121450.505000,-12.821960,14.151001,-17.695618
1430121450.515000,-13.230896,13.412476,-17.454529
1430121450.525000,-13.230896,13.412476,-17.454529
1430121450.535000,-13.668823,12.622070,-17.198181
1430121450.545000,-13.172913,14.366150,-17.440796
1430121450.555000,-13.172913,14.366150,-17.440796
1430121450.565000,-12.991333,15.000916,-17.530823
1430121450.575000,-12.159729,14.833069,-16.712952
1430121450.585000,-12.159729,14.833069,-16.712952
1430121450.595000,-12.159729,14.833069,-16.712952
1430121450.605000,-12.393188,14.697266,-16.680908
1430121450.615000,-12.393188,14.697266,-16.680908
1430121450.625000,-14.346313,13.641357,-16.535950
1430121450.635000,-14.161682,13.702393,-16.836548
1430121450.645000,-14.161682,13.702393,-16.836548
1430121450.655000,-13.838196,13.812256,-17.364502
1430121450.665000,-13.421631,14.019775,-16.954041
1430121450.675000,-13.421631,14.019775,-16.954041
1430121450.687000,-13.160706,14.151001,-16.700745
1430121450.697000,-13.014221,12.823486,-16.844177
1430121450.705000,-13.014221,12.823486,-16.844177
1430121450.715000,-12.991333,12.622070,-16.867065
1430121450.726000,-12.991333,12.622070,-16.867065
1430121450.746000,-13.838196,12.792969,-17.364502
1430121450.747000,-13.838196,12.792969,-17.364502
1430121450.755000,-14.089966,12.792969,-17.692566
1430121450.765000,-14.089966,12.792969,-17.692566
1430121450.778000,-14.852905,12.792969,-18.690491
1430121450.786000,-14.347839,12.283325,-17.533875
1430121450.801000,-13.838196,11.772156,-16.369629
1430121450.805000,-13.838196,11.772156,-16.369629
1430121450.815000,-13.711548,11.387634,-17.739868
1430121450.829000,-13.668823,11.262512,-18.193054
1430121450.838000,-13.668823,11.262512,-18.193054
1430121450.846000,-13.668823,11.262512,-18.193054
1430121450.858000,-14.515686,12.452698,-17.364502
1430121450.865000,-14.515686,12.452698,-17.364502
1430121450.878000,-14.471436,12.318420,-17.190552
1430121450.885000,-14.471436,12.318420,-17.190552
1430121450.898000,-14.176941,11.433411,-16.038513
1430121450.905000,-14.242554,11.497498,-16.227722
1430121450.934000,-14.561462,11.602783,-16.535950
1430121450.944000,-14.561462,11.602783,-16.535950
1430121450.944000,-14.561462,11.602783,-16.535950
1430121450.959000,-14.685059,11.602783,-16.535950
1430121450.964000,-14.085388,11.300659,-16.535950
1430121450.974000,-14.085388,11.300659,-16.535950
1430121450.984000,-14.085388,11.300659,-16.535950
1430121450.994000,-14.012146,11.291504,-16.543579
1430121451.005000,-14.346313,13.641357,-17.198181
1430121451.014000,-14.346313,13.641357,-17.198181
1430121451.025000,-13.989258,13.461304,-16.758728
1430121451.034000,-12.991333,12.962341,-15.539551
1430121451.044000,-12.991333,12.962341,-15.539551
1430121451.054000,-13.342285,12.785339,-17.083740
1430121451.065000,-13.668823,12.622070,-18.525696
1430121451.074000,-13.668823,12.622070,-18.525696
1430121451.085000,-14.190674,13.143921,-16.995239
1430121451.100000,-14.346313,13.302612,-16.535950
1430121451.104000,-14.346313,13.302612,-16.535950
1430121451.114000,-14.346313,13.302612,-16.535950
1430121451.126000,-14.346313,12.962341,-18.193054
1430121451.134000,-14.346313,12.962341,-18.193054
1430121451.144000,-14.448547,12.707520,-17.944336
1430121451.161000,-15.022278,11.262512,-16.535950
1430121451.164000,-15.022278,11.262512,-16.535950
1430121451.175000,-14.955139,10.922241,-16.867065
1430121451.187000,-14.852905,10.414124,-17.364502
1430121451.194000,-14.852905,10.414124,-17.364502
1430121451.204000,-15.629578,9.857178,-18.341064
1430121451.215000,-16.038513,9.564209,-18.856812
1430121451.225000,-16.038513,9.564209,-18.856812
1430121451.245000,-14.813232,10.179138,-18.254089
1430121451.250000,-14.813232,10.179138,-18.254089
1430121451.265000,-14.813232,10.179138,-18.254089
1430121451.266000,-14.813232,10.179138,-18.254089
1430121451.287000,-14.663696,10.264587,-18.203735
1430121451.289000,-14.663696,10.264587,-18.203735
1430121451.306000,-13.330078,11.602783,-18.193054
1430121451.307000,-13.330078,11.602783,-18.193054
1430121451.319000,-14.147949,10.963440,-17.924500
1430121451.325000,-14.147949,10.963440,-17.924500
1430121451.338000,-14.852905,10.414124,-17.695618
1430121451.345000,-14.852905,10.414124,-17.695618
1430121451.359000,-13.380432,10.278320,-17.564392
1430121451.365000,-12.991333,10.243225,-17.530823
1430121451.375000,-12.991333,10.243225,-17.530823
1430121451.385000,-12.991333,10.243225,-17.530823
1430121451.395000,-14.685059,10.583496,-18.193054
1430121451.405000,-14.685059,10.583496,-18.193054
1430121451.421000,-14.628601,10.583496,-17.968750
1430121451.426000,-14.346313,10.583496,-16.867065
1430121451.435000,-14.346313,10.583496,-16.867065
1430121451.445000,-14.346313,11.010742,-16.448975
1430121451.471000,-14.575195,10.684204,-16.542053
1430121451.472000,-14.575195,10.684204,-16.542053
1430121451.494000,-14.575195,10.684204,-16.542053
1430121451.505000,-14.575195,10.684204,-16.542053
1430121451.506000,-14.575195,10.684204,-16.542053
1430121451.534000,-13.403320,9.992981,-15.907288
1430121451.548000,-13.403320,9.992981,-15.907288
1430121451.550000,-13.403320,9.992981,-15.907288
1430121451.577000,-13.403320,9.992981,-15.907288
1430121451.578000,-13.403320,9.992981,-15.907288
1430121451.578000,-13.403320,9.992981,-15.907288
1430121451.589000,-14.236450,10.993958,-16.827393
1430121451.598000,-14.236450,10.993958,-16.827393
1430121451.608000,-14.685059,10.243225,-16.535950
1430121451.618000,-14.958191,10.794067,-17.340088
1430121451.629000,-14.958191,10.794067,-17.340088
1430121451.638000,-15.022278,10.923767,-17.530823
1430121451.648000,-15.022278,10.923767,-17.530823
1430121451.659000,-15.022278,10.923767,-17.530823
1430121451.668000,-14.852905,12.792969,-16.700745
1430121451.678000,-14.569092,12.696838,-16.668701
1430121451.688000,-14.569092,12.696838,-16.668701
1430121451.698000,-13.330078,12.283325,-16.535950
1430121451.708000,-12.585449,12.132263,-16.535950
1430121451.718000,-12.585449,12.132263,-16.535950
1430121451.729000,-11.636353,11.943054,-16.535950
1430121451.739000,-12.808228,12.178040,-16.535950
1430121451.749000,-12.808228,12.178040,-16.535950
1430121451.758000,-13.330078,12.283325,-16.535950
1430121451.768000,-12.852478,13.082886,-16.378784
1430121451.779000,-12.852478,13.082886,-16.378784
1430121451.788000,-12.852478,13.082886,-16.378784
1430121451.800000,-12.786865,13.189697,-16.311646
1430121451.808000,-12.786865,13.189697,-16.311646
1430121451.819000,-12.313843,13.981628,-15.539551
1430121451.828000,-12.368774,14.471436,-15.591431
1430121451.842000,-12.483215,15.510559,-15.705872
1430121451.848000,-12.483215,15.510559,-15.705872
1430121451.860000,-11.997986,15.412903,-16.181946
1430121451.869000,-11.997986,15.412903,-16.181946
1430121451.880000,-11.636353,15.341187,-16.535950
1430121451.888000,-11.216736,15.200806,-16.946411
1430121451.903000,-11.128235,15.171814,-17.033386
1430121451.908000,-11.128235,15.171814,-17.033386
1430121451.922000,-11.128235,15.171814,-17.033386
1430121451.928000,-11.128235,15.171814,-17.033386
1430121451.941000,-13.160706,14.151001,-15.374756
1430121451.949000,-13.160706,14.428711,-15.441895
1430121452.020000,-13.238525,14.813232,-15.629578
1430121452.020000,-13.238525,14.813232,-15.629578
1430121452.020000,-13.238525,14.813232,-15.629578
1430121452.030000,-13.238525,14.813232,-15.629578
1430121452.041000,-11.988831,13.327026,-14.544678
1430121452.050000,-11.988831,13.327026,-14.544678
1430121452.061000,-11.988831,13.327026,-14.544678
1430121452.070000,-12.051392,13.316345,-14.498901
1430121452.080000,-12.821960,13.471985,-14.047241
1430121452.090000,-12.821960,13.471985,-14.047241
1430121452.100000,-12.879944,13.528442,-14.555359
1430121452.111000,-12.991333,13.641357,-15.539551
1430121452.120000,-12.991333,13.641357,-15.539551
1430121452.130000,-11.987305,13.842773,-15.539551
1430121452.141000,-11.297607,13.981628,-15.539551
1430121452.150000,-11.297607,13.981628,-15.539551
1430121452.160000,-11.441040,12.399292,-15.399170
1430121452.171000,-11.466980,12.112427,-15.374756
1430121452.180000,-11.466980,12.112427,-15.374756
1430121452.190000,-11.466980,12.112427,-15.374756
1430121452.200000,-13.160706,15.171814,-15.374756
1430121452.210000,-13.160706,15.171814,-15.374756
1430121452.220000,-13.275146,14.982605,-15.042114
1430121452.230000,-13.668823,14.321899,-13.882446
1430121452.241000,-13.668823,14.321899,-13.882446
1430121452.250000,-13.185120,13.673401,-14.355469
1430121452.264000,-12.652588,12.962341,-14.877319
1430121452.270000,-12.652588,12.962341,-14.877319
1430121452.280000,-12.776184,14.074707,-16.687012
1430121452.291000,-12.821960,14.491272,-17.364502
1430121452.300000,-12.821960,14.491272,-17.364502
1430121452.311000,-13.818359,14.491272,-15.089417
1430121452.321000,-13.818359,14.491272,-15.089417
1430121452.331000,-13.818359,14.491272,-15.089417
1430121452.345000,-13.644409,14.543152,-15.058899
1430121452.351000,-11.975098,15.000916,-15.208435
1430121452.363000,-12.097168,15.121460,-15.208435
1430121452.371000,-12.097168,15.121460,-15.208435
1430121452.383000,-12.313843,15.341187,-15.208435
1430121452.394000,-13.348389,14.926147,-16.220093
1430121452.402000,-13.348389,14.926147,-16.220093
1430121452.410000,-14.007568,14.662170,-16.867065
1430121452.424000,-12.254333,14.074707,-16.293335
1430121452.430000,-12.254333,14.074707,-16.293335
1430121452.444000,-11.975098,13.981628,-16.203308
1430121452.450000,-11.975098,13.981628,-16.203308
1430121452.463000,-11.975098,13.981628,-16.203308
1430121452.470000,-11.466980,14.491272,-14.379883
1430121452.492000,-11.674500,14.697266,-14.660645
1430121452.493000,-11.674500,14.697266,-14.660645
1430121452.505000,-11.674500,14.697266,-14.660645
1430121452.512000,-11.674500,14.697266,-14.660645
1430121452.527000,-12.313843,15.341187,-15.539551
1430121452.531000,-12.652588,13.302612,-15.872192
1430121452.549000,-12.400818,14.569092,-14.880371
1430121452.551000,-12.400818,14.569092,-14.880371
1430121452.560000,-12.313843,15.000916,-14.544678
1430121452.570000,-12.652588,14.662170,-15.872192
1430121452.581000,-12.652588,14.662170,-15.872192
1430121452.590000,-12.652588,14.662170,-15.872192
1430121452.600000,-12.696838,14.575195,-15.872192
1430121452.610000,-12.696838,14.575195,-15.872192
1430121452.620000,-12.991333,13.981628,-15.872192
1430121452.632000,-12.799072,13.916016,-15.431213
1430121452.640000,-12.799072,13.916016,-15.431213
1430121452.651000,-12.483215,13.812256,-14.710999
1430121452.660000,-12.483215,14.884949,-14.500427
1430121452.670000,-12.483215,14.884949,-14.500427
1430121452.680000,-12.483215,15.510559,-14.379883
1430121452.690000,-13.830566,14.158630,-15.110779
1430121452.700000,-13.830566,14.158630,-15.110779
1430121452.710000,-13.830566,14.158630,-15.110779
1430121452.720000,-13.989258,13.989258,-15.216064
1430121452.730000,-13.989258,13.989258,-15.216064
1430121452.740000,-12.144470,14.831543,-16.038513
1430121452.751000,-12.991333,13.641357,-15.539551
1430121452.769000,-12.991333,13.641357,-15.539551
1430121452.771000,-12.991333,13.641357,-15.539551
1430121452.781000,-13.166809,13.641357,-15.710449
1430121452.791000,-13.166809,13.641357,-15.710449
1430121452.800000,-13.330078,13.641357,-15.872192
1430121452.810000,-12.419128,14.555359,-15.232849
1430121452.820000,-12.419128,14.555359,-15.232849
1430121452.830000,-12.144470,14.831543,-15.042114
1430121452.842000,-12.144470,14.831543,-15.042114
1430121452.851000,-12.144470,14.831543,-15.042114
1430121452.860000,-12.144470,14.491272,-15.705872
1430121452.871000,-12.269592,14.465332,-15.730286
1430121452.881000,-12.269592,14.465332,-15.730286
1430121452.890000,-12.991333,14.321899,-15.872192
1430121452.907000,-12.924194,13.983154,-15.937805
1430121452.910000,-12.924194,13.983154,-15.937805
1430121452.925000,-12.821960,13.471985,-16.038513
1430121452.930000,-12.162781,14.353943,-15.391541
1430121452.951000,-11.805725,14.831543,-15.042114
1430121452.952000,-11.805725,14.831543,-15.042114
1430121452.967000,-13.635254,12.995911,-15.638733
1430121452.971000,-13.635254,12.995911,-15.638733
1430121453.025000,-13.635254,12.995911,-15.638733
1430121453.027000,-13.635254,12.995911,-15.638733
1430121453.028000,-13.635254,12.995911,-15.638733
1430121453.050000,-13.635254,12.995911,-15.638733
1430121453.050000,-13.635254,12.995911,-15.638733
1430121453.058000,-13.456726,14.151001,-15.634155
1430121453.067000,-12.821960,14.151001,-17.033386
1430121453.078000,-12.821960,14.151001,-17.033386
1430121453.087000,-12.554932,14.151001,-15.719604
1430121453.097000,-12.483215,14.151001,-15.374756
1430121453.108000,-12.483215,14.151001,-15.374756
1430121453.117000,-12.483215,14.151001,-15.374756
1430121453.127000,-11.636353,15.341187,-15.208435
1430121453.137000,-11.834717,15.199280,-15.290833
1430121453.147000,-11.834717,15.199280,-15.290833
1430121453.157000,-12.821960,14.491272,-15.705872
1430121453.168000,-12.821960,14.491272,-15.705872
1430121453.179000,-12.893677,14.419556,-15.634155
1430121453.187000,-12.991333,14.321899,-15.539551
1430121453.199000,-12.991333,14.321899,-15.539551
1430121453.207000,-13.676453,13.406372,-15.093994
1430121453.219000,-14.007568,12.962341,-14.877319
1430121453.228000,-14.007568,12.962341,-14.877319
1430121453.237000,-12.753296,13.905334,-15.489197
1430121453.247000,-12.753296,13.905334,-15.489197
1430121453.264000,-12.753296,13.905334,-15.489197
1430121453.267000,-12.680054,14.044189,-15.547180
1430121453.279000,-13.160706,15.171814,-15.705872
1430121453.287000,-13.420105,14.392090,-15.249634
1430121453.299000,-13.420105,14.392090,-15.249634
1430121453.308000,-14.007568,12.622070,-14.213562
1430121453.319000,-13.914490,12.336731,-15.045166
1430121453.327000,-13.914490,12.336731,-15.045166
1430121453.346000,-12.330627,13.349915,-15.034485
1430121453.347000,-12.330627,13.349915,-15.034485
1430121453.365000,-11.975098,13.641357,-14.877319
1430121453.367000,-11.975098,13.641357,-14.877319
1430121453.385000,-11.975098,13.641357,-14.877319
1430121453.388000,-11.975098,13.641357,-14.877319
1430121453.403000,-13.499451,12.452698,-14.379883
1430121453.408000,-13.436890,12.452698,-14.941406
1430121453.425000,-13.160706,12.452698,-17.364502
1430121453.428000,-13.160706,12.452698,-17.364502
1430121453.452000,-12.483215,12.792969,-16.369629
1430121453.453000,-12.483215,12.792969,-16.369629
1430121453.472000,-13.536072,12.908936,-16.253662
1430121453.473000,-13.536072,12.908936,-16.253662
1430121453.502000,-14.007568,12.962341,-16.203308
1430121453.502000,-14.007568,12.962341,-16.203308
1430121453.502000,-14.007568,12.962341,-16.203308
1430121453.512000,-13.529968,12.802124,-16.670227
1430121453.522000,-13.529968,12.802124,-16.670227
1430121453.532000,-13.525391,12.817383,-16.798401
1430121453.543000,-13.838196,13.131714,-18.028259
1430121453.552000,-13.838196,13.131714,-18.028259
1430121453.562000,-13.562012,12.852478,-17.646790
1430121453.572000,-12.991333,12.283325,-16.867065
1430121453.582000,-12.991333,12.283325,-16.867065
1430121453.592000,-12.501526,12.577820,-16.769409
1430121453.602000,-12.144470,12.792969,-16.700745
1430121453.613000,-12.144470,12.792969,-16.700745
1430121453.622000,-12.426758,11.943054,-18.080139
1430121453.632000,-12.483215,11.772156,-18.359375
1430121453.642000,-12.483215,11.772156,-18.359375
1430121453.652000,-12.483215,11.772156,-18.359375
1430121453.662000,-11.466980,11.772156,-17.695618
1430121453.672000,-11.466980,11.772156,-17.695618
1430121453.682000,-11.753845,11.985779,-17.904663
1430121453.693000,-12.821960,12.792969,-18.690491
1430121453.702000,-12.744141,11.926270,-18.612671
1430121453.712000,-12.744141,11.926270,-18.612671
1430121453.722000,-12.652588,10.923767,-18.525696
1430121453.733000,-12.048340,11.286926,-19.117737
1430121453.742000,-12.048340,11.286926,-19.117737
1430121453.752000,-11.805725,11.433411,-19.354248
1430121453.765000,-10.987854,9.951782,-18.229675
1430121453.772000,-10.987854,9.951782,-18.229675
1430121453.782000,-10.987854,9.951782,-18.229675
1430121453.793000,-10.990906,9.870911,-18.316650
1430121453.803000,-10.990906,9.870911,-18.316650
1430121453.813000,-11.297607,9.564209,-19.520569
1430121453.822000,-11.239624,9.622192,-20.381165
1430121453.850000,-11.128235,9.733582,-22.007751
1430121453.851000,-11.128235,9.733582,-22.007751
1430121453.853000,-10.621643,9.631348,-20.715332
1430121453.862000,-10.621643,9.631348,-20.715332
1430121453.873000,-10.281372,9.564209,-19.851685
1430121453.884000,-10.281372,10.142517,-19.851685
1430121453.892000,-10.281372,10.142517,-19.851685
1430121453.903000,-10.281372,10.243225,-19.851685
1430121453.912000,-10.281372,10.243225,-19.851685
1430121453.922000,-10.281372,10.243225,-19.851685
1430121453.932000,-9.942627,10.583496,-19.520569
1430121453.949000,-10.021973,10.424805,-19.442749
1430121453.974000,-11.177063,9.983826,-18.789673
1430121454.005000,-12.144470,10.073853,-18.359375
1430121454.007000,-12.144470,10.073853,-18.359375
1430121454.018000,-10.661316,10.816956,-17.390442
1430121454.026000,-10.112000,11.093140,-17.033386
1430121454.036000,-11.448669,13.101196,-16.052246
1430121454.045000,-11.448669,13.101196,-16.052246
1430121454.056000,-11.448669,13.101196,-16.052246
1430121454.065000,-11.428833,13.211060,-15.766907
1430121454.076000,-11.128235,13.812256,-13.716125
1430121454.086000,-11.128235,13.812256,-13.716125
1430121454.096000,-11.567688,14.126587,-13.163757
1430121454.106000,-12.313843,14.662170,-12.223816
1430121454.117000,-12.313843,14.662170,-12.223816
1430121454.125000,-11.894226,14.027405,-11.193848
1430121454.137000,-11.636353,13.641357,-10.565186
1430121454.146000,-11.636353,13.641357,-10.565186
1430121454.156000,-10.302734,14.979553,-10.420227
1430121454.165000,-10.302734,14.979553,-10.420227
1430121454.175000,-10.302734,14.979553,-10.420227
1430121454.185000,-10.112000,15.171814,-10.395813
1430121454.197000,-10.112000,15.850830,-8.741760
1430121454.205000,-10.112000,15.850830,-8.741760
1430121454.216000,-10.198975,15.763855,-8.909607
1430121454.225000,-10.450745,15.510559,-9.405518
1430121454.237000,-10.450745,15.510559,-9.405518
1430121454.248000,-10.537720,15.768433,-8.984375
1430121454.261000,-10.620117,16.020203,-8.575439
1430121454.265000,-10.620117,16.020203,-8.575439
1430121454.288000,-9.265137,14.321899,-9.239197
1430121454.288000,-9.265137,14.321899,-9.239197
1430121454.299000,-9.265137,14.321899,-9.239197
1430121454.306000,-9.265137,14.321899,-9.239197
1430121454.319000,-10.620117,13.302612,-10.234070
1430121454.326000,-10.620117,13.302612,-10.234070
1430121454.339000,-10.667419,13.534546,-10.278320
1430121454.345000,-10.958862,15.000916,-10.565186
1430121454.361000,-10.366821,14.801025,-11.145020
1430121454.365000,-10.366821,14.801025,-11.145020
1430121454.375000,-9.434509,14.491272,-12.057495
1430121454.386000,-9.434509,14.491272,-12.057495
1430121454.409000,-10.450745,14.831543,-9.405518
1430121454.410000,-10.450745,14.831543,-9.405518
1430121454.423000,-9.693909,15.287781,-10.147095
1430121454.425000,-9.693909,15.287781,-10.147095
1430121454.441000,-9.693909,15.287781,-10.147095
1430121454.446000,-9.693909,15.287781,-10.147095
1430121454.464000,-10.281372,14.662170,-11.228943
1430121454.465000,-10.281372,14.662170,-11.228943
1430121454.475000,-10.281372,14.662170,-11.228943
1430121454.485000,-10.517883,14.802551,-11.274719
1430121454.506000,-11.128235,15.171814,-11.395264
1430121454.509000,-10.232544,15.350342,-12.448120
1430121454.521000,-10.232544,15.350342,-12.448120
1430121454.525000,-10.232544,15.350342,-12.448120
1430121454.545000,-9.434509,15.510559,-13.385010
1430121454.546000,-9.434509,15.510559,-13.385010
1430121454.567000,-9.265137,14.321899,-13.882446
1430121454.568000,-9.265137,14.321899,-13.882446
1430121454.583000,-7.742310,15.510559,-16.369629
1430121454.586000,-7.742310,15.510559,-16.369629
1430121454.602000,-7.879639,15.153503,-16.502380
1430121454.606000,-7.879639,15.153503,-16.502380
1430121454.615000,-8.587646,13.302612,-17.198181
1430121454.625000,-8.587646,13.302612,-17.198181
1430121454.647000,-8.587646,12.962341,-17.861938
1430121454.649000,-8.587646,12.962341,-17.861938
1430121454.664000,-8.026123,13.751221,-18.852234
1430121454.665000,-8.026123,13.751221,-18.852234
1430121454.681000,-7.742310,14.151001,-19.354248
1430121454.685000,-7.742310,14.151001,-19.354248
1430121454.701000,-8.982849,12.283325,-18.138123
1430121454.706000,-8.982849,12.283325,-18.138123
1430121454.727000,-8.995056,12.097168,-18.041992
1430121454.729000,-8.995056,12.097168,-18.041992
1430121454.755000,-6.726074,11.772156,-18.359375
1430121454.766000,-6.726074,11.772156,-18.359375
1430121454.773000,-6.726074,10.414124,-20.680237
1430121454.778000,-6.819153,10.505676,-20.225525
1430121454.786000,-6.819153,10.505676,-20.225525
1430121454.799000,-6.895447,10.583496,-19.851685
1430121454.806000,-7.710266,10.037231,-21.180725
1430121454.816000,-7.710266,10.037231,-21.180725
1430121454.826000,-7.910156,9.902954,-21.510315
1430121454.836000,-7.910156,9.902954,-21.510315
1430121454.846000,-7.910156,9.902954,-21.510315
1430121454.856000,-6.556702,9.902954,-21.510315
1430121454.866000,-6.741333,9.840393,-21.569824
1430121454.877000,-6.741333,9.840393,-21.569824
1430121454.886000,-7.572937,9.564209,-21.841431
1430121454.898000,-7.135010,9.416199,-20.837402
1430121454.906000,-7.135010,9.416199,-20.837402
1430121454.918000,-6.556702,9.223938,-19.520569
1430121454.927000,-7.020569,9.223938,-19.746399
1430121454.938000,-7.020569,9.223938,-19.746399
1430121454.946000,-7.234192,9.223938,-19.851685
1430121454.957000,-8.184814,10.496521,-17.988586
1430121454.966000,-8.184814,10.496521,-17.988586
1430121454.978000,-8.184814,10.496521,-17.988586
1430121454.987000,-8.248901,10.583496,-17.819214
1430121454.998000,-8.248901,10.583496,-17.819214
1430121455.007000,-8.248901,10.583496,-17.198181
1430121455.023000,-8.677673,10.797119,-16.673279
1430121455.027000,-8.677673,10.797119,-16.673279
1430121455.039000,-9.603882,11.262512,-15.539551
1430121455.046000,-9.028625,11.070251,-15.351868
1430121455.060000,-8.587646,10.923767,-15.208435
1430121455.066000,-8.587646,10.923767,-15.208435
1430121455.079000,-8.726501,11.618042,-11.538696
1430121455.086000,-8.726501,11.618042,-11.538696
1430121455.100000,-8.757019,11.772156,-10.731506
1430121455.107000,-8.757019,11.772156,-10.731506
1430121455.124000,-9.942627,11.262512,-11.560059
1430121455.126000,-9.942627,11.262512,-11.560059
1430121455.141000,-9.674072,11.532593,-11.097717
1430121455.146000,-9.674072,11.532593,-11.097717
1430121455.167000,-8.436584,12.469482,-9.387207
1430121455.168000,-8.436584,12.469482,-9.387207
1430121455.189000,-8.248901,12.283325,-9.570312
1430121455.190000,-8.248901,12.283325,-9.570312
1430121455.204000,-8.012390,12.519836,-9.570312
1430121455.206000,-8.012390,12.519836,-9.570312
1430121455.229000,-8.393860,12.460327,-8.782959
1430121455.230000,-8.393860,12.460327,-8.782959
1430121455.270000,-8.393860,12.460327,-8.782959
1430121455.274000,-8.393860,12.460327,-8.782959
1430121455.280000,-8.393860,12.460327,-8.782959
1430121455.284000,-9.490967,10.920715,-9.681702
1430121455.294000,-9.490967,10.920715,-9.681702
1430121455.304000,-8.926392,9.902954,-10.234070
1430121455.317000,-8.926392,11.302185,-9.843445
1430121455.324000,-8.926392,11.302185,-9.843445
1430121455.334000,-8.926392,12.283325,-9.570312
1430121455.344000,-8.357239,11.711121,-9.291077
1430121455.354000,-8.357239,11.711121,-9.291077
1430121455.364000,-8.248901,11.602783,-9.239197
1430121455.375000,-8.248901,11.602783,-9.239197
1430121455.384000,-8.248901,11.602783,-9.239197
1430121455.394000,-8.757019,11.093140,-9.072876
1430121455.404000,-8.460999,11.166382,-8.781433
1430121455.414000,-8.460999,11.166382,-8.781433
1430121455.425000,-7.403564,11.433411,-7.746887
1430121455.434000,-7.244873,11.912537,-7.276917
1430121455.444000,-7.244873,11.912537,-7.276917
1430121455.454000,-7.064819,12.452698,-6.752014
1430121455.465000,-6.575012,12.452698,-9.152222
1430121455.484000,-6.387329,12.452698,-10.067749
1430121455.485000,-6.387329,12.452698,-10.067749
1430121455.499000,-7.873535,10.960388,-10.551453
1430121455.504000,-7.873535,10.960388,-10.551453
1430121455.520000,-7.873535,10.960388,-10.551453
1430121455.527000,-7.910156,11.027527,-10.598755
1430121455.535000,-7.910156,11.027527,-10.598755
1430121455.544000,-7.910156,11.943054,-10.897827
1430121455.554000,-7.910156,11.701965,-12.065125
1430121455.564000,-7.910156,11.701965,-12.065125
1430121455.574000,-7.910156,11.262512,-14.213562
1430121455.585000,-7.296753,10.028076,-14.614868
1430121455.594000,-7.296753,10.028076,-14.614868
1430121455.604000,-6.895447,9.223938,-14.877319
1430121455.614000,-7.765198,8.641052,-14.308167
1430121455.627000,-7.910156,8.544922,-14.213562
1430121455.635000,-7.910156,8.544922,-14.213562
1430121455.644000,-7.910156,8.544922,-14.213562
1430121455.662000,-7.742310,9.733582,-15.374756
1430121455.665000,-7.742310,9.733582,-15.374756
1430121455.674000,-7.542419,9.692383,-15.335083
1430121455.686000,-6.895447,9.564209,-15.208435
1430121455.695000,-6.895447,9.564209,-15.208435
1430121455.704000,-7.310486,9.147644,-15.614319
1430121455.721000,-7.742310,8.714294,-16.038513
1430121455.725000,-7.742310,8.714294,-16.038513
1430121455.735000,-6.361389,9.091187,-15.914917
1430121455.753000,-5.879211,9.223938,-15.872192
1430121455.754000,-5.879211,9.223938,-15.872192
1430121455.764000,-5.711365,8.041382,-16.694641
1430121455.774000,-5.711365,8.041382,-16.694641
1430121455.787000,-5.711365,8.041382,-16.694641
1430121455.794000,-5.648804,8.137512,-16.720581
1430121455.813000,-5.201721,8.883667,-16.867065
1430121455.814000,-5.201721,8.883667,-16.867065
1430121455.824000,-5.520630,8.564758,-16.679382
1430121455.835000,-6.048584,8.035278,-16.369629
1430121455.845000,-6.048584,8.035278,-16.369629
1430121455.854000,-6.048584,8.882141,-16.783142
1430121455.865000,-6.048584,9.393311,-17.033386
1430121455.874000,-6.048584,9.393311,-17.033386
1430121455.885000,-6.941223,10.287476,-16.740417
1430121455.894000,-6.941223,10.287476,-16.740417
1430121455.905000,-6.941223,10.287476,-16.740417
1430121455.915000,-7.063293,10.415649,-16.693115
1430121455.924000,-6.556702,10.923767,-14.877319
1430121455.934000,-6.556702,10.923767,-14.877319
1430121455.945000,-6.776428,10.528564,-14.492798
1430121455.962000,-7.403564,9.393311,-13.385010
1430121455.965000,-7.403564,9.393311,-13.385010
1430121455.974000,-8.441162,9.913635,-13.214111
1430121455.987000,-9.434509,10.414124,-13.052368
1430121456.027000,-9.434509,10.414124,-13.052368
1430121456.029000,-9.434509,10.414124,-13.052368
1430121456.030000,-9.434509,10.414124,-13.052368
1430121456.043000,-9.434509,10.414124,-13.052368
1430121456.050000,-7.403564,10.414124,-13.052368
1430121456.059000,-7.258606,10.461426,-12.625122
1430121456.069000,-7.258606,10.461426,-12.625122
1430121456.079000,-6.387329,10.752869,-10.067749
1430121456.089000,-6.321716,9.878540,-9.083557
1430121456.100000,-6.321716,9.878540,-9.083557
1430121456.109000,-6.217957,8.544922,-7.580566
1430121456.119000,-7.096863,9.866333,-6.289673
1430121456.130000,-7.096863,9.866333,-6.289673
1430121456.139000,-7.572937,10.583496,-5.590820
1430121456.149000,-9.095764,8.747864,-6.784058
1430121456.159000,-9.095764,8.747864,-6.784058
1430121456.169000,-9.095764,8.747864,-6.784058
1430121456.179000,-9.230042,8.598328,-6.890869
1430121456.189000,-9.230042,8.598328,-6.890869
1430121456.199000,-7.910156,10.583496,-5.923462
1430121456.209000,-7.910156,10.105896,-6.573486
1430121456.220000,-7.910156,10.105896,-6.573486
1430121456.229000,-7.910156,8.883667,-8.244324
1430121456.239000,-8.181763,8.248901,-7.624817
1430121456.252000,-8.181763,8.248901,-7.624817
1430121456.261000,-8.418274,7.695007,-7.083130
1430121456.269000,-6.559753,8.227539,-5.780029
1430121456.285000,-6.559753,8.227539,-5.780029
1430121456.289000,-6.048584,8.374023,-5.424500
1430121456.303000,-6.048584,8.374023,-5.424500
1430121456.309000,-6.048584,8.374023,-5.424500
1430121456.319000,-6.387329,7.695007,-6.088257
1430121456.329000,-6.582642,7.554626,-5.679321
1430121456.339000,-6.582642,7.554626,-5.679321
1430121456.349000,-7.572937,6.845093,-3.601074
1430121456.361000,-7.644653,6.773376,-3.945923
1430121456.370000,-7.742310,6.675720,-4.429626
1430121456.381000,-7.742310,6.675720,-4.429626
1430121456.389000,-8.422852,6.675720,-4.429626
1430121456.400000,-8.757019,6.675720,-4.429626
1430121456.409000,-8.757019,6.675720,-4.429626
1430121456.422000,-8.914185,8.088684,-5.809021
1430121456.429000,-8.914185,8.088684,-5.809021
1430121456.446000,-9.022522,8.195496,-6.066895
1430121456.450000,-9.022522,8.195496,-6.066895
1430121456.467000,-10.789490,8.035278,-8.741760
1430121456.470000,-10.789490,8.035278,-8.741760
1430121456.488000,-9.611511,8.189392,-9.393311
1430121456.491000,-6.895447,8.544922,-10.897827
1430121456.527000,-6.895447,8.544922,-10.897827
1430121456.529000,-6.895447,8.544922,-10.897827
1430121456.530000,-6.895447,8.544922,-10.897827
1430121456.550000,-2.912903,5.403137,-3.236389
1430121456.554000,-2.912903,5.403137,-3.236389
1430121456.559000,-3.169250,5.145264,-2.606201
1430121456.570000,-3.169250,5.145264,-2.606201
1430121456.579000,-6.217957,3.787231,-0.616455
1430121456.590000,-6.217957,3.787231,-0.616455
1430121456.599000,-7.603455,3.947449,-2.033997
1430121456.609000,-13.499451,4.635620,-8.078003
1430121456.620000,-13.499451,4.635620,-8.078003
1430121456.629000,-14.773560,4.109192,-12.994385
1430121456.639000,-16.377258,3.446960,-19.187927
1430121456.650000,-16.377258,3.446960,-19.187927
1430121456.659000,-12.611389,2.027893,-22.645569
1430121456.670000,-10.958862,1.406860,-24.162292
1430121456.679000,-10.958862,1.406860,-24.162292
1430121456.689000,-2.604675,1.728821,-19.442749
1430121456.700000,-2.604675,1.728821,-19.442749
1430121456.709000,-2.604675,1.728821,-19.442749
1430121456.719000,-1.730347,2.015686,-18.321228
1430121456.730000,3.434753,5.316162,-7.746887
1430121456.740000,3.434753,5.316162,-7.746887
1430121456.749000,2.603149,6.037903,-4.219055
1430121456.759000,0.894165,7.524109,3.031921
1430121456.770000,0.894165,7.524109,3.031921
1430121456.779000,-1.841736,8.308411,2.075195
1430121456.789000,-3.846741,8.883667,1.373291
1430121456.800000,-3.846741,8.883667,1.373291
1430121456.809000,-11.032104,4.783630,-3.453064
1430121456.819000,-12.483215,3.956604,-4.429626
1430121456.830000,-12.483215,3.956604,-4.429626
1430121456.839000,-12.483215,3.956604,-4.429626
1430121456.849000,-20.272827,-5.220032,-15.374756
1430121456.866000,-22.114563,-6.570435,-17.591858
1430121456.870000,-22.114563,-6.570435,-17.591858
1430121456.881000,-29.077148,-11.676025,-25.987244
1430121456.890000,-29.077148,-11.676025,-25.987244
1430121456.900000,-29.391479,-11.206055,-30.430603
1430121456.910000,-29.754639,-10.656738,-35.604858
1430121456.925000,-17.524719,-4.217529,-38.093567
1430121456.930000,-17.524719,-4.217529,-38.093567
1430121456.943000,-12.652588,-1.651001,-39.086914
1430121456.949000,-12.652588,-1.651001,-39.086914
1430121456.961000,14.537048,8.866882,-30.744934
1430121456.970000,14.537048,8.866882,-30.744934
1430121456.980000,14.537048,8.866882,-30.744934
1430121456.990000,18.328857,9.895325,-28.619385
1430121457.015000,47.883606,13.932800,-2.290344
1430121457.058000,47.883606,13.932800,-2.290344
1430121457.058000,47.883606,13.932800,-2.290344
1430121457.068000,20.030212,-4.879761,22.764587
1430121457.078000,-25.550842,-9.091187,18.655396
1430121457.089000,-33.311462,-9.806824,17.955017
1430121457.098000,-33.311462,-9.806824,17.955017
1430121457.108000,-33.311462,-9.806824,17.955017
1430121457.119000,-68.533325,-4.029846,4.357910
1430121457.128000,-68.533325,-4.029846,4.357910
1430121457.138000,-63.946533,-2.024841,0.941467
1430121457.148000,-48.721313,4.635620,-10.400391
1430121457.158000,-48.721313,4.635620,-10.400391
1430121457.169000,-22.763062,5.538940,-14.007568
1430121457.178000,4.959106,6.504822,-17.861938
1430121457.188000,4.959106,6.504822,-17.861938
1430121457.198000,24.655151,6.004333,-14.932251
1430121457.208000,31.713867,5.825806,-13.882446
1430121457.219000,31.713867,5.825806,-13.882446
1430121457.228000,5.789185,1.292419,-6.182861
1430121457.238000,5.789185,1.292419,-6.182861
1430121457.250000,0.987244,0.439453,-5.953979
1430121457.259000,0.987244,0.439453,-5.953979
1430121457.270000,-33.650208,-5.729675,-4.927063
1430121457.282000,-33.837891,-6.790161,-8.149719
1430121457.288000,-33.837891,-6.790161,-8.149719
1430121457.299000,-34.158325,-8.618164,-13.716125
1430121457.308000,-34.158325,-8.618164,-13.716125
1430121457.319000,-13.908386,-2.407837,-16.079712
1430121457.329000,-1.475525,1.406860,-17.530823
1430121457.340000,17.253113,5.105591,-14.785767
1430121457.348000,17.253113,5.105591,-14.785767
1430121457.360000,20.030212,5.654907,-14.379883
1430121457.370000,20.030212,5.654907,-14.379883
1430121457.380000,20.030212,5.654907,-14.379883
1430121457.389000,10.885620,-1.481628,-0.450134
1430121457.401000,3.773499,-3.860474,2.037048
1430121457.409000,3.773499,-3.860474,2.037048
1430121457.421000,-17.562866,-10.997009,9.498596
1430121457.430000,-25.044250,-9.632874,3.672791
1430121457.441000,-25.044250,-9.632874,3.672791
1430121457.449000,-32.464600,-8.277893,-2.108765
1430121457.466000,-20.205688,-0.846863,-16.862488
1430121457.470000,-20.205688,-0.846863,-16.862488
1430121457.484000,-16.207886,1.577759,-21.675110
1430121457.489000,-16.207886,1.577759,-21.675110
1430121457.525000,-16.207886,1.577759,-21.675110
1430121457.527000,-16.207886,1.577759,-21.675110
1430121457.528000,-16.207886,1.577759,-21.675110
1430121457.551000,9.700012,-1.651001,-12.554932
1430121457.553000,9.700012,-1.651001,-12.554932
1430121457.567000,9.700012,-1.651001,-12.554932
1430121457.567000,9.700012,-1.651001,-12.554932
1430121457.577000,-17.521667,-9.423828,-0.424194
1430121457.589000,-17.521667,-9.423828,-0.424194
1430121457.597000,-21.627808,-9.977722,-1.445007
1430121457.607000,-14.849854,-6.500244,-14.572144
1430121457.617000,-14.849854,-6.500244,-14.572144
1430121457.627000,-14.849854,-6.500244,-14.572144
1430121457.637000,-13.778687,-6.033325,-16.314697
1430121457.647000,-13.778687,-6.033325,-16.314697
1430121457.657000,0.047302,-3.860474,-23.002625
1430121457.667000,0.860596,-4.586792,-21.675110
1430121457.680000,0.860596,-4.586792,-21.675110
1430121457.688000,3.096008,-6.578064,-18.028259
1430121457.699000,-1.576233,-7.197571,-13.453674
1430121457.707000,-1.576233,-7.197571,-13.453674
1430121457.719000,-5.879211,-7.768250,-9.239197
1430121457.728000,-8.361816,-9.735107,-8.599854
1430121457.737000,-8.361816,-9.735107,-8.599854
1430121457.748000,-9.095764,-10.316467,-8.410645
1430121457.759000,-9.095764,-10.316467,-8.410645
1430121457.767000,-9.095764,-10.316467,-8.410645
1430121457.779000,-7.572937,-10.147095,-15.208435
1430121457.787000,-6.983948,-9.812927,-15.232849
1430121457.801000,-3.677368,-7.937622,-15.374756
1430121457.807000,-3.677368,-7.937622,-15.374756
1430121457.820000,-2.993774,-8.624268,-15.106201
1430121457.827000,-2.993774,-8.624268,-15.106201
1430121457.843000,-1.983643,-9.637451,-14.710999
1430121457.849000,-4.312134,-9.971619,-14.167786
1430121457.867000,-5.540466,-10.147095,-13.882446
1430121457.867000,-5.540466,-10.147095,-13.882446
1430121457.887000,-7.382202,-8.915710,-15.983582
1430121457.888000,-7.382202,-8.915710,-15.983582
1430121457.904000,-7.382202,-8.915710,-15.983582
1430121457.908000,-7.479858,-8.804321,-16.326904
1430121457.925000,-4.693604,-9.297180,-20.018005
1430121457.927000,-4.693604,-9.297180,-20.018005
1430121457.945000,-4.550171,-8.862305,-19.592285
1430121457.948000,-4.550171,-8.862305,-19.592285
1430121457.967000,-3.912354,-7.859802,-18.792725
1430121457.969000,-3.912354,-7.859802,-18.792725
1430121457.987000,-3.677368,-7.937622,-19.023132
1430121457.988000,-3.677368,-7.937622,-19.023132
1430121458.014000,-5.953979,-6.460571,-17.317200
1430121458.015000,-5.953979,-6.460571,-17.317200
1430121458.026000,-5.953979,-6.460571,-17.317200
1430121458.027000,-5.953979,-6.460571,-17.317200
1430121458.064000,-8.926392,-5.049133,-16.867065
1430121458.065000,-8.926392,-5.049133,-16.867065
1430121458.066000,-8.926392,-5.049133,-16.867065
1430121458.098000,-9.692383,-3.656006,-19.029236
1430121458.101000,-10.281372,-2.670288,-20.182800
1430121458.101000,-10.281372,-2.670288,-20.182800
1430121458.111000,-10.281372,-2.670288,-20.182800
1430121458.121000,-9.370422,-2.441406,-19.067383
1430121458.131000,-8.926392,-2.330017,-18.525696
1430121458.141000,-8.926392,-2.330017,-18.525696
1430121458.151000,-9.240723,-3.587341,-18.217468
1430121458.161000,-9.240723,-3.587341,-18.217468
1430121458.172000,-9.240723,-3.587341,-18.217468
1430121458.182000,-9.239197,-3.611755,-18.133545
1430121458.192000,-8.757019,-2.160645,-17.033386
1430121458.201000,-8.757019,-2.160645,-17.033386
1430121458.211000,-9.013367,-2.212524,-18.086243
1430121458.222000,-9.603882,-2.330017,-20.515442
1430121458.231000,-9.603882,-2.330017,-20.515442
1430121458.241000,-8.572388,-3.178406,-20.605469
1430121458.251000,-7.742310,-3.860474,-20.680237
1430121458.262000,-7.742310,-3.860474,-20.680237
1430121458.275000,-8.425903,-3.997803,-20.545959
1430121458.281000,-8.587646,-4.029846,-20.515442
1430121458.292000,-8.587646,-4.029846,-20.515442
1430121458.302000,-8.587646,-4.029846,-20.515442
1430121458.311000,-9.434509,-3.179932,-19.354248
1430121458.321000,-9.434509,-3.179932,-19.354248
1430121458.331000,-9.434509,-2.993774,-19.413757
1430121458.342000,-9.434509,-2.160645,-19.685364
1430121458.351000,-9.434509,-2.160645,-19.685364
1430121458.362000,-9.582520,-1.123047,-19.973755
1430121458.371000,-9.773254,0.218201,-20.349121
1430121458.381000,-9.773254,0.218201,-20.349121
1430121458.391000,-9.075928,0.917053,-22.398376
1430121458.401000,-8.757019,1.237488,-23.333740
1430121458.411000,-8.757019,1.237488,-23.333740
1430121458.421000,-6.687927,0.119019,-22.241211
1430121458.431000,-6.687927,0.119019,-22.241211
1430121458.445000,-6.637573,-0.009155,-22.138977
1430121458.452000,-6.637573,-0.009155,-22.138977
1430121458.465000,-7.742310,-0.801086,-21.675110
1430121458.483000,-7.418823,-1.127625,-22.099304
1430121458.484000,-7.418823,-1.127625,-22.099304
1430121458.495000,-6.726074,-1.820374,-23.002625
1430121458.514000,-5.369568,-2.406311,-23.571777
1430121458.515000,-5.369568,-2.406311,-23.571777
1430121458.530000,-4.354858,-2.841187,-23.997498
1430121458.537000,-4.354858,-2.841187,-23.997498
1430121458.544000,-2.261353,-2.140808,-24.133301
1430121458.555000,-1.814270,-1.991272,-24.162292
1430121458.565000,-1.814270,-1.991272,-24.162292
1430121458.574000,-1.814270,-1.991272,-24.162292
1430121458.584000,-2.153015,-3.689575,-25.157166
1430121458.594000,-2.052307,-3.656006,-24.726868
1430121458.604000,-2.052307,-3.656006,-24.726868
1430121458.614000,-1.644897,-3.520203,-23.002625
1430121458.624000,-0.874329,-4.141235,-23.606873
1430121458.634000,-0.874329,-4.141235,-23.606873
1430121458.645000,0.047302,-4.879761,-24.328613
1430121458.654000,-0.431824,-4.159546,-25.030518
1430121458.664000,-0.431824,-4.159546,-25.030518
1430121458.674000,-0.630188,-3.860474,-25.323486
1430121458.684000,0.993347,-3.860474,-25.640869
1430121458.694000,0.993347,-3.860474,-25.640869
1430121458.705000,0.993347,-3.860474,-25.640869
1430121458.714000,1.063538,-4.006958,-25.569153
1430121458.724000,1.063538,-4.006958,-25.569153
1430121458.734000,1.063538,-5.558777,-24.659729
1430121458.744000,1.119995,-5.616760,-24.603271
1430121458.766000,1.119995,-5.616760,-24.603271
1430121458.767000,1.119995,-5.616760,-24.603271
1430121458.780000,1.031494,-4.727173,-25.276184
1430121458.786000,1.031494,-4.727173,-25.276184
1430121458.795000,0.894165,-4.029846,-25.820923
1430121458.804000,1.606750,-5.032349,-26.519775
1430121458.815000,1.741028,-5.220032,-26.651001
1430121458.825000,1.741028,-5.220032,-26.651001
1430121458.835000,1.741028,-5.220032,-26.651001
1430121458.845000,2.418518,-2.841187,-26.651001
1430121458.855000,2.418518,-2.841187,-26.651001
1430121458.864000,1.931763,-2.503967,-26.686096
1430121458.874000,0.216675,-1.310730,-26.815796
1430121458.886000,0.216675,-1.310730,-26.815796
1430121458.895000,0.375366,-0.991821,-27.441406
1430121458.905000,0.555420,-0.631714,-28.143311
1430121458.914000,0.555420,-0.631714,-28.143311
1430121458.925000,-1.283264,0.720215,-28.262329
1430121458.935000,-1.983643,1.237488,-28.308105
1430121458.944000,-1.983643,1.237488,-28.308105
1430121458.954000,-1.818848,2.066040,-29.440308
1430121458.964000,-1.818848,2.066040,-29.440308
1430121458.974000,-1.818848,2.066040,-29.440308
1430121458.984000,-2.023315,2.365112,-29.367065
1430121459.027000,-3.846741,4.806519,-28.474426
1430121459.028000,-3.846741,4.806519,-28.474426
1430121459.030000,-3.846741,4.806519,-28.474426
1430121459.048000,-3.846741,4.806519,-28.474426
1430121459.048000,-3.846741,4.806519,-28.474426
1430121459.058000,-6.217957,7.864380,-25.489807
1430121459.068000,-8.544922,7.864380,-26.628113
1430121459.078000,-8.544922,7.864380,-26.628113
1430121459.088000,-8.926392,7.864380,-26.815796
1430121459.098000,-8.926392,7.864380,-26.815796
1430121459.108000,-8.926392,7.864380,-26.815796
1430121459.119000,-9.095764,9.393311,-24.328613
1430121459.128000,-9.498596,9.312439,-24.485779
1430121459.138000,-9.498596,9.312439,-24.485779
1430121459.149000,-10.789490,9.054565,-24.992371
1430121459.158000,-10.540771,8.638000,-25.396729
1430121459.168000,-10.540771,8.638000,-25.396729
1430121459.178000,-10.281372,8.204651,-25.820923
1430121459.189000,-10.910034,9.590149,-25.697327
1430121459.198000,-10.910034,9.590149,-25.697327
1430121459.208000,-11.128235,10.073853,-25.654602
1430121459.219000,-10.119629,8.383179,-26.972961
1430121459.228000,-10.119629,8.383179,-26.972961
1430121459.238000,-10.119629,8.383179,-26.972961
1430121459.248000,-10.112000,8.496094,-27.101135
1430121459.258000,-10.112000,8.496094,-27.101135
1430121459.268000,-10.112000,9.393311,-27.976990
1430121459.286000,-10.617065,9.771729,-27.235413
1430121459.288000,-10.617065,9.771729,-27.235413
1430121459.299000,-11.466980,10.414124,-25.987244
1430121459.309000,-11.996460,11.369324,-25.675964
1430121459.319000,-11.996460,11.369324,-25.675964
1430121459.329000,-12.313843,11.943054,-25.489807
1430121459.340000,-11.125183,13.134766,-25.779724
1430121459.348000,-11.125183,13.134766,-25.779724
1430121459.360000,-11.125183,13.134766,-25.779724
1430121459.369000,-10.960388,13.302612,-25.817871
1430121459.380000,-10.960388,13.302612,-25.817871
1430121459.388000,-11.297607,13.302612,-24.826050
1430121459.400000,-11.125183,13.648987,-24.826050
1430121459.409000,-11.125183,13.648987,-24.826050
1430121459.422000,-10.620117,14.662170,-24.826050
1430121459.429000,-10.018921,13.192749,-24.740601
1430121459.443000,-9.434509,11.772156,-24.659729
1430121459.448000,-9.434509,11.772156,-24.659729
1430121459.467000,-7.632446,11.514282,-26.173401
1430121459.468000,-7.632446,11.514282,-26.173401
1430121459.486000,-7.064819,11.433411,-26.651001
1430121459.488000,-7.064819,11.433411,-26.651001
1430121459.564000,-6.726074,10.073853,-28.308105
1430121459.565000,-6.726074,10.073853,-28.308105
1430121459.565000,-6.726074,10.073853,-28.308105
1430121459.576000,-5.650330,6.513977,-29.360962
1430121459.586000,-5.650330,6.513977,-29.360962
1430121459.598000,-5.709839,6.335449,-29.302979
1430121459.606000,-5.101013,6.945801,-29.899597
1430121459.618000,-5.101013,6.945801,-29.899597
1430121459.625000,-5.101013,6.945801,-29.899597
1430121459.638000,-5.010986,7.000732,-29.969788
1430121459.645000,-5.010986,7.000732,-29.969788
1430121459.655000,-4.185486,6.504822,-30.133057
1430121459.665000,-3.952026,6.362915,-30.177307
1430121459.675000,-3.952026,6.362915,-30.177307
1430121459.685000,-3.338623,5.995178,-30.297852
1430121459.699000,-3.608704,6.263733,-30.384827
1430121459.705000,-3.608704,6.263733,-30.384827
1430121459.719000,-3.846741,6.504822,-30.464172
1430121459.727000,-3.846741,5.706787,-30.982971
1430121459.739000,-3.846741,5.485535,-31.127930
1430121459.745000,-3.846741,5.485535,-31.127930
1430121459.764000,-3.846741,5.485535,-31.127930
1430121459.765000,-3.846741,5.485535,-31.127930
1430121459.795000,-3.636169,6.941223,-29.925537
1430121459.829000,-3.338623,8.035278,-29.635620
1430121459.830000,-3.338623,8.035278,-29.635620
1430121459.844000,-2.888489,8.259583,-29.193115
1430121459.850000,-2.888489,8.259583,-29.193115
1430121459.864000,-2.661133,8.374023,-28.971863
1430121459.869000,-2.661133,8.374023,-28.971863
1430121459.884000,-3.906250,9.622192,-27.754211
1430121459.889000,-3.906250,9.622192,-27.754211
1430121459.904000,-4.089355,9.747314,-27.659607
1430121459.909000,-4.089355,9.747314,-27.659607
1430121459.924000,-5.709839,10.073853,-27.976990
1430121459.930000,-5.709839,10.073853,-27.976990
1430121459.949000,-5.032349,12.112427,-26.318359
1430121459.952000,-5.032349,12.112427,-26.318359
1430121459.963000,-6.805420,12.580872,-25.860596
1430121459.969000,-6.805420,12.580872,-25.860596
1430121459.987000,-8.248901,12.962341,-25.489807
1430121459.991000,-8.248901,12.962341,-25.489807
1430121460.001000,-8.384705,13.914490,-24.557495
1430121460.012000,-8.384705,13.914490,-24.557495
1430121460.023000,-8.384705,13.914490,-24.557495
1430121460.032000,-8.418274,14.151001,-24.328613
1430121460.039000,-7.403564,14.491272,-23.002625
1430121460.051000,-7.403564,14.491272,-23.002625
1430121460.060000,-7.684326,14.521790,-22.482300
1430121460.070000,-8.926392,14.662170,-20.182800
1430121460.081000,-9.368896,15.841675,-20.182800
1430121460.090000,-9.368896,15.841675,-20.182800
1430121460.099000,-9.942627,17.379761,-20.182800
1430121460.109000,-9.942627,17.379761,-20.182800
1430121460.119000,-9.361267,16.561890,-19.841003
1430121460.129000,-9.095764,16.191101,-19.685364
1430121460.139000,-9.095764,16.191101,-19.685364
1430121460.150000,-9.255981,15.710449,-19.529724
1430121460.159000,-9.255981,15.710449,-19.529724
1430121460.169000,-9.255981,15.710449,-19.529724
1430121460.179000,-9.288025,15.634155,-19.631958
1430121460.189000,-9.603882,15.000916,-21.177673
1430121460.199000,-9.603882,15.000916,-21.177673
1430121460.209000,-8.848572,15.000916,-21.388245
1430121460.220000,-7.234192,15.000916,-21.841431
1430121460.229000,-7.234192,15.000916,-21.841431
1430121460.239000,-7.814026,14.613342,-22.219849
1430121460.249000,-8.248901,14.321899,-22.505188
1430121460.259000,-8.248901,14.321899,-22.505188
1430121460.269000,-7.553101,15.020752,-21.548462
1430121460.279000,-7.403564,15.171814,-21.343994
1430121460.289000,-7.403564,15.171814,-21.343994
1430121460.300000,-7.403564,15.171814,-21.343994
1430121460.309000,-7.910156,18.060303,-19.520569
1430121460.319000,-7.910156,18.060303,-19.520569
1430121460.330000,-7.876587,17.956543,-19.152832
1430121460.341000,-7.742310,17.550659,-17.695618
1430121460.349000,-7.742310,17.550659,-17.695618
1430121460.359000,-8.203125,18.321228,-17.695618
1430121460.370000,-8.757019,19.248962,-17.695618
1430121460.380000,-8.996582,18.768311,-18.867493
1430121460.390000,-8.996582,18.768311,-18.867493
1430121460.400000,-9.095764,18.569946,-19.354248
1430121460.411000,-8.447266,19.546509,-19.990540
1430121460.424000,-8.447266,19.546509,-19.990540
1430121460.430000,-8.447266,19.546509,-19.990540
1430121460.443000,-8.229065,19.485474,-20.117188
1430121460.450000,-8.229065,19.485474,-20.117188
1430121460.462000,-6.217957,18.399048,-21.177673
1430121460.470000,-6.448364,18.283081,-21.177673
1430121460.482000,-6.448364,18.283081,-21.177673
1430121460.490000,-6.895447,18.060303,-21.177673
1430121460.515000,-5.879211,18.060303,-23.500061
1430121460.518000,-5.879211,18.060303,-23.500061
1430121460.519000,-5.879211,18.060303,-23.500061
1430121460.531000,-5.593872,16.624451,-23.217773
1430121460.541000,-5.593872,16.624451,-23.217773
1430121460.549000,-5.540466,16.360474,-23.167419
1430121460.559000,-5.540466,16.360474,-23.167419
1430121460.569000,-5.540466,16.360474,-23.167419
1430121460.579000,-5.709839,16.191101,-23.002625
1430121460.590000,-5.747986,15.998840,-23.039246
1430121460.599000,-5.747986,15.998840,-23.039246
1430121460.609000,-5.879211,15.341187,-23.167419
1430121460.620000,-4.830933,14.935303,-24.035645
1430121460.630000,-4.830933,14.935303,-24.035645
1430121460.640000,-3.677368,14.491272,-24.992371
1430121460.650000,-4.664612,14.985657,-24.508667
1430121460.661000,-4.664612,14.985657,-24.508667
1430121460.669000,-5.032349,15.171814,-24.328613
1430121460.683000,-2.871704,17.672729,-24.165344
1430121460.689000,-2.871704,17.672729,-24.165344
1430121460.703000,-2.871704,17.672729,-24.165344
1430121460.709000,-2.665710,17.517090,-24.250793
1430121460.729000,-1.306152,15.850830,-24.992371
1430121460.730000,-1.306152,15.850830,-24.992371
1430121460.748000,-1.971436,16.275024,-24.932861
1430121460.749000,-1.971436,16.275024,-24.932861
1430121460.787000,-3.169250,17.041016,-24.826050
1430121460.789000,-3.169250,17.041016,-24.826050
1430121460.820000,-3.169250,17.041016,-24.826050
1430121460.820000,-3.169250,17.041016,-24.826050
1430121460.831000,-1.814270,18.060303,-25.157166
1430121460.840000,-1.814270,18.060303,-25.157166
1430121460.851000,-4.185486,18.399048,-24.826050
1430121460.860000,-3.977966,18.606567,-24.458313
1430121460.870000,-3.977966,18.606567,-24.458313
1430121460.880000,-3.338623,19.248962,-23.333740
1430121460.890000,-3.338623,18.400574,-23.333740
1430121460.900000,-3.338623,18.400574,-23.333740
1430121460.910000,-3.338623,17.550659,-23.333740
1430121460.920000,-2.192688,19.978333,-23.707581
1430121460.931000,-2.192688,19.978333,-23.707581
1430121460.940000,-1.814270,20.779419,-23.831177
1430121460.950000,-1.814270,20.779419,-23.831177
1430121460.960000,-1.814270,20.779419,-23.831177
1430121460.970000,-2.491760,20.779419,-22.505188
1430121460.980000,-2.491760,20.867920,-22.373962
1430121460.990000,-2.491760,20.867920,-22.373962
1430121461.001000,-2.491760,21.458435,-21.510315
1430121461.010000,-2.297974,21.002197,-21.572876
1430121461.020000,-1.983643,20.268250,-21.675110
1430121461.034000,-1.983643,20.268250,-21.675110
1430121461.040000,-2.200317,20.700073,-21.464539
1430121461.050000,-2.322388,20.948792,-21.343994
1430121461.060000,-2.322388,20.948792,-21.343994
1430121461.070000,-3.526306,21.549988,-20.460510
1430121461.081000,-3.526306,21.549988,-20.460510
1430121461.090000,-3.526306,21.549988,-20.460510
1430121461.103000,-3.677368,21.592712,-20.362854
1430121461.111000,-3.677368,19.248962,-21.343994
1430121461.123000,-3.677368,19.248962,-21.343994
1430121461.131000,-3.451538,19.203186,-21.298218
1430121461.143000,-2.830505,19.079590,-21.177673
1430121461.151000,-2.830505,19.079590,-21.177673
1430121461.161000,-2.919006,19.166565,-22.816467
1430121461.172000,-2.999878,19.248962,-24.328613
1430121461.187000,-4.179382,18.328857,-24.456787
1430121461.190000,-4.179382,18.328857,-24.456787
1430121461.209000,-4.524231,18.060303,-24.494934
1430121461.210000,-4.524231,18.060303,-24.494934
1430121461.225000,-4.524231,18.060303,-24.494934
1430121461.233000,-2.999878,17.889404,-26.651001
1430121461.287000,-2.873230,17.607117,-26.475525
1430121461.287000,-2.873230,17.607117,-26.475525
1430121461.287000,-2.873230,17.607117,-26.475525
1430121461.299000,-1.814270,16.700745,-26.815796
1430121461.307000,-1.039124,16.810608,-26.489258
1430121461.317000,-1.039124,16.810608,-26.489258
1430121461.327000,-0.630188,16.870117,-26.318359
1430121461.337000,-2.792358,19.659424,-24.804688
1430121461.348000,-2.792358,19.659424,-24.804688
1430121461.357000,-2.792358,19.659424,-24.804688
1430121461.368000,-2.963257,19.828796,-24.708557
1430121461.377000,-1.983643,17.210388,-25.987244
1430121461.388000,-1.983643,17.210388,-25.987244
1430121461.397000,-1.934814,17.259216,-26.034546
1430121461.408000,-1.814270,17.379761,-26.152039
1430121461.419000,-1.814270,17.379761,-26.152039
1430121461.427000,-1.814270,17.747498,-26.152039
1430121461.439000,-1.814270,18.060303,-26.152039
1430121461.448000,-1.814270,18.060303,-26.152039
1430121461.457000,-2.354431,17.248535,-27.206421
1430121461.467000,-2.491760,17.041016,-27.479553
1430121461.479000,-2.491760,17.041016,-27.479553
1430121461.487000,-2.491760,17.041016,-27.479553
1430121461.499000,-3.338623,17.210388,-25.987244
1430121461.508000,-3.338623,17.210388,-25.987244
1430121461.517000,-3.047180,17.210388,-26.329041
1430121461.527000,-1.644897,17.210388,-27.976990
1430121461.539000,-1.644897,17.210388,-27.976990
1430121461.547000,-1.861572,17.427063,-27.482605
1430121461.561000,-2.153015,17.720032,-26.815796
1430121461.570000,-2.153015,17.720032,-26.815796
1430121461.578000,-2.383423,17.720032,-26.815796
1430121461.588000,-2.491760,17.720032,-26.815796
1430121461.598000,-2.491760,17.720032,-26.815796
1430121461.607000,-2.020264,16.613770,-25.733948
1430121461.620000,-2.020264,16.613770,-25.733948
1430121461.628000,-2.020264,16.613770,-25.733948
1430121461.643000,-1.887512,16.549683,-25.654602
1430121461.647000,-0.291443,16.870117,-25.654602
1430121461.664000,-0.553894,17.132568,-26.115417
1430121461.667000,-0.553894,17.132568,-26.115417
1430121461.685000,-1.136780,17.720032,-27.148438
1430121461.687000,-1.136780,17.720032,-27.148438
1430121461.702000,-1.614380,17.240906,-27.239990
1430121461.707000,-1.983643,16.870117,-27.313232
1430121461.728000,-2.537537,16.592407,-28.395081
1430121461.729000,-2.537537,16.592407,-28.395081
1430121461.747000,-2.661133,16.531372,-28.640747
1430121461.748000,-2.661133,16.531372,-28.640747
1430121461.774000,-2.661133,16.531372,-28.640747
1430121461.785000,-2.661133,16.531372,-28.640747
1430121461.786000,-2.661133,16.531372,-28.640747
1430121461.811000,-1.983643,17.210388,-27.313232
1430121461.812000,-1.983643,17.210388,-27.313232
1430121461.831000,-2.322388,16.870117,-27.976990
1430121461.831000,-2.322388,16.870117,-27.976990
1430121461.836000,-2.322388,16.870117,-27.976990
1430121461.845000,-2.085876,16.394043,-27.511597
1430121461.856000,-1.983643,16.191101,-27.313232
1430121461.865000,-1.983643,16.191101,-27.313232
1430121461.876000,-1.823425,16.351318,-26.837158
1430121461.885000,-1.823425,16.351318,-26.837158
1430121461.896000,-1.823425,16.351318,-26.837158
1430121461.906000,-1.800537,16.374207,-26.774597
1430121461.915000,-1.644897,16.531372,-26.318359
1430121461.925000,-1.644897,16.531372,-26.318359
1430121461.935000,-1.815796,16.813660,-26.594543
1430121461.946000,-2.153015,17.379761,-27.148438
1430121461.957000,-2.153015,17.379761,-27.148438
1430121461.965000,-0.465393,17.079163,-26.855469
1430121461.977000,0.724792,16.870117,-26.651001
1430121461.985000,0.724792,16.870117,-26.651001
1430121461.995000,-0.697327,17.440796,-26.928711
1430121462.006000,-0.967407,17.550659,-26.982117
1430121462.018000,-0.967407,17.550659,-26.982117
1430121462.026000,-0.967407,17.550659,-26.982117
1430121462.043000,0.386047,17.889404,-26.982117
1430121462.046000,0.386047,17.889404,-26.982117
1430121462.059000,-0.280762,17.889404,-27.127075
1430121462.065000,-2.661133,17.889404,-27.645874
1430121462.075000,-2.661133,17.889404,-28.112793
1430121462.085000,-2.343750,18.048096,-28.112793
1430121462.099000,-1.983643,18.229675,-28.640747
1430121462.106000,-1.983643,18.229675,-28.640747
1430121462.125000,-1.136780,16.700745,-27.148438
1430121462.126000,-1.136780,16.700745,-27.148438
1430121462.144000,-3.454590,15.371704,-26.173401
1430121462.146000,-3.454590,15.371704,-26.173401
1430121462.155000,-3.454590,15.371704,-26.173401
1430121462.165000,-3.454590,15.371704,-26.173401
1430121462.181000,-3.456116,15.428162,-26.406860
1430121462.185000,-2.999878,16.191101,-28.640747
1430121462.204000,-3.120422,16.311646,-27.932739
1430121462.205000,-3.120422,16.311646,-27.932739
1430121462.224000,-3.338623,16.531372,-26.651001
1430121462.226000,-3.338623,16.531372,-26.651001
1430121462.235000,-2.153015,15.681458,-28.474426
1430121462.248000,-2.153015,15.681458,-28.474426
1430121462.306000,-1.864624,17.712402,-26.774597
1430121462.307000,-1.864624,17.712402,-26.774597
1430121462.309000,-1.864624,17.712402,-26.774597
1430121462.329000,-1.864624,17.712402,-26.774597
1430121462.329000,-1.864624,17.712402,-26.774597
1430121462.337000,-1.306152,15.510559,-26.982117
1430121462.347000,-0.131226,16.690063,-26.982117
1430121462.357000,-0.131226,16.690063,-26.982117
1430121462.367000,1.063538,17.889404,-26.982117
1430121462.377000,0.555420,15.853882,-26.982117
1430121462.387000,0.555420,15.853882,-26.982117
1430121462.397000,0.386047,15.171814,-26.982117
1430121462.407000,0.216675,16.360474,-26.815796
1430121462.417000,0.216675,16.360474,-26.815796
1430121462.427000,0.216675,16.360474,-26.815796
1430121462.439000,0.216675,16.360474,-26.815796
1430121462.447000,-0.019836,16.294861,-26.835632
1430121462.458000,-1.644897,15.850830,-26.982117
1430121462.468000,-1.774597,15.335083,-27.232361
1430121462.478000,-1.774597,15.335083,-27.232361
1430121462.487000,-1.983643,14.491272,-27.645874
1430121462.499000,-1.983643,14.491272,-27.645874
1430121462.507000,-2.305603,13.739014,-27.331543
1430121462.518000,-2.491760,13.302612,-27.148438
1430121462.529000,-2.491760,13.302612,-27.148438
1430121462.542000,-3.691101,12.699890,-28.321838
1430121462.547000,-3.691101,12.699890,-28.321838
1430121462.559000,-3.691101,12.699890,-28.321838
1430121462.567000,-3.828430,12.623596,-28.475952
1430121462.579000,-1.983643,12.792969,-28.640747
1430121462.587000,-2.339172,12.078857,-28.813171
1430121462.599000,-2.339172,12.078857,-28.813171
1430121462.607000,-3.338623,10.073853,-29.302979
1430121462.623000,-3.863525,10.073853,-29.302979
1430121462.627000,-3.863525,10.073853,-29.302979
1430121462.643000,-4.354858,10.073853,-29.302979
1430121462.647000,-3.575134,9.289551,-29.812622
1430121462.665000,-3.338623,9.054565,-29.966736
1430121462.668000,-3.338623,9.054565,-29.966736
1430121462.683000,-3.338623,9.054565,-29.966736
1430121462.688000,-3.338623,9.054565,-29.966736
1430121462.701000,-3.169250,8.544922,-30.133057
1430121462.707000,-3.245544,8.367920,-30.206299
1430121462.729000,-3.677368,7.354736,-30.630493
1430121462.730000,-3.677368,7.354736,-30.630493
1430121462.744000,-2.320862,6.672668,-31.028748
1430121462.747000,-2.320862,6.672668,-31.028748
1430121462.786000,-0.291443,5.654907,-31.625366
1430121462.788000,-0.291443,5.654907,-31.625366
1430121462.789000,-0.291443,5.654907,-31.625366
1430121462.811000,1.925659,5.375671,-31.474304
1430121462.813000,1.925659,5.375671,-31.474304
1430121462.827000,1.925659,5.375671,-31.474304
1430121462.828000,1.925659,5.375671,-31.474304
1430121462.838000,3.773499,5.654907,-29.635620
1430121462.848000,3.773499,5.654907,-29.635620
1430121462.858000,4.261780,5.654907,-30.017090
1430121462.869000,5.467224,5.654907,-30.961609
1430121462.878000,5.467224,5.654907,-30.961609
1430121462.888000,5.282593,6.022644,-30.422974
1430121462.898000,5.128479,6.335449,-29.966736
1430121462.908000,5.128479,6.335449,-29.966736
1430121462.918000,7.276917,5.525208,-30.229187
1430121462.928000,7.836914,5.316162,-30.297852
1430121462.938000,7.836914,5.316162,-30.297852
1430121462.948000,7.836914,5.316162,-30.297852
1430121462.958000,11.732483,2.766418,-29.469299
1430121462.968000,11.732483,2.766418,-29.469299
1430121462.978000,11.906433,2.824402,-29.354858
1430121462.989000,12.748718,3.106689,-28.805542
1430121462.998000,12.748718,3.106689,-28.805542
1430121463.008000,13.394165,3.178406,-28.593445
1430121463.019000,14.271545,3.276062,-28.308105
1430121463.028000,14.271545,3.276062,-28.308105
1430121463.038000,14.729309,2.355957,-28.532410
1430121463.048000,14.949036,1.918030,-28.640747
1430121463.058000,14.949036,1.918030,-28.640747
1430121463.069000,16.209412,2.232361,-26.480103
1430121463.078000,16.209412,2.232361,-26.480103
1430121463.089000,16.209412,2.232361,-26.480103
1430121463.100000,16.304016,2.236938,-26.318359
1430121463.109000,16.304016,1.918030,-26.318359
1430121463.120000,16.304016,1.918030,-26.318359
1430121463.129000,16.873169,2.177429,-26.469421
1430121463.141000,18.167114,2.766418,-26.815796
1430121463.149000,18.167114,2.766418,-26.815796
1430121463.161000,18.928528,2.957153,-26.069641
1430121463.169000,19.522095,3.106689,-25.489807
1430121463.180000,19.522095,3.106689,-25.489807
1430121463.188000,20.486450,2.690125,-26.164246
1430121463.203000,20.706177,2.597046,-26.318359
1430121463.208000,20.706177,2.597046,-26.318359
1430121463.222000,20.706177,2.597046,-26.318359
1430121463.229000,19.183350,4.806519,-26.815796
1430121463.246000,18.786621,4.739380,-26.492310
1430121463.248000,18.786621,4.739380,-26.492310
1430121463.286000,17.150879,4.466248,-25.157166
1430121463.287000,17.150879,4.466248,-25.157166
1430121463.288000,17.150879,4.466248,-25.157166
1430121463.313000,15.490723,7.727051,-28.007507
1430121463.314000,15.490723,7.727051,-28.007507
1430121463.326000,15.490723,7.727051,-28.007507
1430121463.327000,15.490723,7.727051,-28.007507
1430121463.346000,15.490723,7.727051,-28.007507
1430121463.348000,13.356018,7.710266,-27.992249
1430121463.357000,13.356018,7.710266,-27.992249
1430121463.367000,13.203430,7.879639,-28.027344
1430121463.378000,12.579346,10.073853,-28.640747
1430121463.387000,12.579346,10.073853,-28.640747
1430121463.397000,12.690735,9.509277,-28.640747
1430121463.407000,12.918091,8.374023,-28.640747
1430121463.417000,12.918091,8.374023,-28.640747
1430121463.427000,13.015747,7.479858,-28.930664
1430121463.437000,13.087463,6.845093,-29.138184
1430121463.447000,13.087463,6.845093,-29.138184
1430121463.458000,11.528015,6.703186,-29.830933
1430121463.467000,11.224365,6.675720,-29.966736
1430121463.479000,11.224365,6.675720,-29.966736
1430121463.487000,11.224365,6.675720,-29.966736
1430121463.497000,10.716248,5.825806,-31.459045
1430121463.508000,10.716248,5.825806,-31.459045
1430121463.518000,10.388184,6.007385,-31.564331
1430121463.527000,9.191895,6.675720,-31.956482
1430121463.539000,8.953857,5.960083,-31.723022
1430121463.547000,8.953857,5.960083,-31.723022
1430121463.557000,8.683777,5.145264,-31.459045
1430121463.568000,8.683777,5.145264,-31.459045
1430121463.577000,8.439636,5.145264,-30.741882
1430121463.587000,8.345032,5.145264,-30.464172
1430121463.598000,8.345032,5.145264,-30.464172
1430121463.607000,8.345032,2.168274,-30.786133
1430121463.617000,8.345032,2.168274,-30.786133
1430121463.627000,8.345032,2.168274,-30.786133
1430121463.637000,8.378601,2.256775,-30.827332
1430121463.648000,8.683777,3.787231,-31.127930
1430121463.657000,8.683777,3.787231,-31.127930
1430121463.668000,8.384705,3.846741,-31.301880
1430121463.677000,7.836914,3.956604,-31.625366
1430121463.687000,8.450317,4.367065,-31.224060
1430121463.697000,8.450317,4.367065,-31.224060
1430121463.707000,8.853149,4.635620,-30.961609
1430121463.717000,10.012817,4.635620,-31.529236
1430121463.727000,10.012817,4.635620,-31.529236
1430121463.737000,10.208130,4.635620,-31.625366
1430121463.747000,10.208130,4.635620,-31.625366
1430121463.757000,10.208130,4.635620,-31.625366
1430121463.767000,8.175659,5.316162,-30.961609
1430121463.778000,8.732605,5.474854,-31.428528
1430121463.789000,8.732605,5.474854,-31.428528
1430121463.797000,10.546875,5.995178,-32.951355
1430121463.808000,9.800720,5.081177,-32.058716
1430121463.817000,9.800720,5.081177,-32.058716
1430121463.827000,9.022522,4.125977,-31.127930
1430121463.837000,9.022522,4.125977,-31.127930
1430121463.847000,9.022522,5.131531,-31.863403
1430121463.857000,9.022522,5.485535,-32.122803
1430121463.867000,9.526062,4.978943,-32.286072
1430121463.877000,9.526062,4.978943,-32.286072
1430121463.888000,9.526062,4.978943,-32.286072
1430121463.897000,9.449768,4.934692,-32.247925
1430121463.907000,9.449768,4.934692,-32.247925
1430121463.917000,8.853149,4.635620,-31.956482
1430121463.927000,9.356689,4.635620,-31.462097
1430121463.938000,9.356689,4.635620,-31.462097
1430121463.947000,10.208130,4.635620,-30.630493
1430121463.957000,8.724976,4.209900,-31.459045
1430121463.967000,8.724976,4.209900,-31.459045
1430121463.977000,7.836914,3.956604,-31.956482
1430121463.987000,9.024048,5.148315,-31.083679
1430121463.997000,9.024048,5.148315,-31.083679
1430121464.007000,9.024048,5.148315,-31.083679
1430121464.017000,9.191895,5.316162,-30.961609
1430121464.027000,9.191895,5.316162,-30.961609
1430121464.037000,9.361267,5.485535,-31.459045
1430121464.047000,9.403992,5.270386,-31.248474
1430121464.057000,9.403992,5.270386,-31.248474
1430121464.067000,9.530640,4.635620,-30.630493
1430121464.077000,9.185791,4.635620,-30.291748
1430121464.087000,9.185791,4.635620,-30.291748
1430121464.097000,8.853149,4.635620,-29.966736
1430121464.107000,8.079529,5.409241,-31.478882
