1427676971.88,-1.58528056553241,-3.4579697927429582,1.8124904688843022
1427676971.89,-0.7339718630859665,-2.6579479300049416,1.3728231163645632
1427676971.9,-0.5760020733297309,-1.8753918852732208,1.107045690631957
1427676971.91,-0.6621712545326774,0.1479759674833079,0.669895740841279
1427676971.92,-0.7144513893524616,1.3653625528502866,0.4522499701771719
1427676971.93,-0.3437287528478565,0.6899909310149261,-0.027422519781663435
1427676971.94,0.24258971587193878,-0.6365810835193827,-0.758838573735036
1427676971.95,0.4779890285356065,-1.307815516448916,-1.010436533013716
1427676971.96,0.19797126751607555,-0.5350432770421208,-0.6316522756556464
1427676971.97,-0.30098873316916974,0.47904028103874935,-0.007196451845091906
1427676971.98,-0.44430966766414587,0.640371675385064,0.22273650473993994
1427676971.99,-0.36258733554823774,0.5531819417774677,0.17501344417797993
1427676972.0,-0.13431998545744417,0.6948813496318076,0.07880138316700694
1427676972.01,0.11319610334664379,0.8478676544657592,-0.11928170612851145
1427676972.02,0.17614993735750634,0.6890931897245578,-0.027668264254399805
1427676972.03,0.4915324729656717,0.22913245568899393,0.34702217872603536
1427676972.04,0.7330577188343211,-0.12093548859842876,0.5451548164162614
1427676972.05,0.186320364643567,-0.08378462803693636,0.16846738515940876
1427676972.06,-1.0360038897607664,0.16417887783395407,-0.9000327112600994
1427676972.07,-1.732968099926139,0.221270908388723,-1.4392076279068542
1427676972.08,-1.0010771455085425,-0.14341239904950606,-0.5648784614058149
1427676972.09,-0.3832700931030032,-0.5999187766580936,0.25915465571520474
1427676972.1,-0.3603138816863737,-0.5786641968208336,0.31013550706772697
1427676972.11,0.4283454508617834,-0.14873300392885613,0.472477702364978
1427676972.12,1.0575453819012313,0.12053521197506205,0.6294342131938784
1427676972.13,0.9537886728060758,0.14749830568153363,0.6232890443666198
1427676972.14,0.8900585494296271,0.15332239817360935,0.5688086222503146
1427676972.15,0.405813399012634,0.011168723875449694,0.15797740770083668
1427676972.16,-0.1326246508776845,-0.1754104973921823,-0.22076947622917542
1427676972.17,-0.20924946176098314,-0.16688341059124187,-0.35813257909201196
1427676972.18,-0.45195381768175663,-0.1380512286121097,-0.661756429981593
1427676972.19,-0.607414850518925,-0.11843340858156914,-0.9429595819944273
1427676972.2,-0.25439015017317423,0.06024894278230372,-0.7964694500223934
1427676972.21,0.5473005159844206,0.4547548910988384,-0.47757757848637916
1427676972.22,1.1280381387611995,0.7291635211506904,-0.30928111336296926
1427676972.23,0.5102338956612389,0.3429052070809238,0.20764979682338433
1427676972.24,-0.37418339134843487,-0.24277680704030682,0.8920142424577424
1427676972.25,-0.555690234295747,-0.3547374481359022,1.0342392168420098
1427676972.26,-0.5800910528945462,-0.3190292247580572,1.0388224835879365
1427676972.27,-0.18493896845829066,-0.31111878478841487,0.6660128201622111
1427676972.28,0.5950970285209298,-0.26752530016400566,-0.10494344739993328
1427676972.29,0.6398070187708549,-0.19199263963989444,-0.250871860958616
1427676972.3,0.04941321897047522,0.11871599225915344,-0.28851729323485675
1427676972.31,-0.2711754838896847,0.37744725637370014,-0.4767465459710981
1427676972.32,-0.30201873561421777,0.43431830896236673,-0.42315004390860744
1427676972.33,-0.267528497718419,0.4875344243415335,-0.5033471908855647
1427676972.34,-0.047392817554701594,0.32781795813047715,0.10943569118723571
1427676972.35,0.22725220011116914,0.023021666512111523,0.9425596849847007
1427676972.36,0.6989898478232488,-0.38001862618119464,-0.045673658841926146
1427676972.37,1.0170321384213483,-0.6299926924516511,-1.0239403783043586
1427676972.38,0.12558565011331807,-0.24518661829978974,0.01415955279915121
1427676972.39,-0.9233324407453912,0.12035094986593813,0.9652763968972266
1427676972.4,-1.0595930685438024,0.23545693121773037,1.1263891587378814
1427676972.41,-1.011295906660741,0.21998901183133307,1.2064785616993359
1427676972.42,-0.42535111266076575,-0.5234193835652159,0.2721479489003661
1427676972.43,0.45559757377781357,-1.3485339183644733,-0.8253340346480633
1427676972.44,0.5212964913705781,-1.3652365642480915,-0.9006929273892776
1427676972.45,0.26677847348208605,-0.6108341896057372,-0.8164808118240232
1427676972.46,0.08473182447549824,0.3886174519952811,-0.5154552976541642
1427676972.47,-0.06751889557138552,0.6313958515965319,0.038668757800226876
1427676972.48,-0.0689754898862335,0.4790153388011794,0.4857081920724281
1427676972.49,-0.12128912798790803,0.5711943761647993,0.9827860633013361
1427676972.5,-0.3013139158477454,0.4047374863926829,0.818882043779174
1427676972.51,-0.523243566537611,0.12115680450367314,0.1257217717552419
1427676972.52,-0.3667447034435014,-0.08466663152358665,-0.2532778647885857
1427676972.53,0.12895941111047668,-0.3123525357665636,-0.49776889801108226
1427676972.54,0.23612647167737527,-0.3943819939094005,-0.5840723247382215
1427676972.55,0.13974746533227927,-0.4231700283441935,-0.521566625799723
1427676972.56,0.2259516192327199,-0.42626515963220607,-0.5016174879024184
1427676972.57,0.21478599914567847,-0.4598001918704004,-0.4885254700751723
1427676972.58,0.2305539595865423,-0.3710834362715249,-0.3951778761821926
1427676972.59,0.45335744904596387,0.2553040085825344,0.1130823675686842
1427676972.6,0.3485831898252554,1.0855343286991457,0.6202536151612444
1427676972.61,-0.15025548457354476,1.4005315124088142,0.5427551085751885
1427676972.62,-0.3713951784282771,0.832000177637077,0.25284908772391057
1427676972.63,-0.3762851630493611,-0.15430160489974223,-0.08815744402347708
1427676972.64,-0.4372725055431541,-0.598952338560762,-0.33156894223080674
1427676972.65,-0.3027671022961928,-0.43827466109930485,-0.10814788464673908
1427676972.66,-0.10769429047474027,-0.20365783160019563,0.19375899104703548
1427676972.67,-0.07602863145081708,-0.12126969590595296,0.22029743906459393
1427676972.68,-0.10049917220875558,-0.13902569260992792,0.1831389578325756
1427676972.69,-0.1351593307285026,-0.04942958961998787,0.08614334323414743
1427676972.7,-0.17600626143159342,0.10693112343605496,-0.07365194080823056
1427676972.71,-0.07477245421177953,0.07597104592681213,-0.15212109295316686
1427676972.72,0.3218552717236172,-0.1262659038741513,-0.19162934133694706
1427676972.73,0.6279904735900519,-0.20742684098802716,-0.1576999659553574
1427676972.74,0.5434500985143648,-0.03633838624396862,-0.05122612775620161
1427676972.75,0.38374694200848514,0.12619100599832397,0.018538415433292377
1427676972.76,0.18012260435091623,0.1012668024430125,0.11715189947461119
1427676972.77,4.8149320253237926e-05,-0.20791489589659873,0.09569189544807918
1427676972.78,0.019946505017541194,-0.6836661481704909,-0.08725356337615126
1427676972.79,-0.1322234185889033,-0.5628155427108942,0.011568195349740844
1427676972.8,-0.42095445683379207,0.047147684091551456,0.2974584179839581
1427676972.81,-0.4503975363123327,0.18333550975802598,0.3388997973284517
1427676972.82,-0.3972200945981346,0.0689732169985093,0.2917002700473433
1427676972.83,-0.39300665707955723,0.11611602895394184,0.2994989919136059
1427676972.84,-0.3678151818928317,0.08820092324961222,0.29606017421732933
1427676972.85,-0.3151370383680835,0.07391272849801545,0.28900171124448676
1427676972.86,0.10991792789210862,0.13061887618336715,0.13640632226608437
1427676972.87,0.810364500541902,0.179315656785829,-0.10361530613184339
1427676972.88,1.053130434986586,0.21037084091071423,-0.18766155510153426
1427676972.89,1.1041336551723442,0.21405948584569545,-0.18301225887792172
1427676972.9,1.1556567368516992,0.21520627428965095,-0.17891804528533478
1427676972.91,0.2578894385395968,-0.035913085468291465,-0.19185095696142718
1427676972.92,-0.9259303091228467,-0.39574790056095355,-0.21329522309859444
1427676972.93,-1.0358613995103538,-0.3613455940130281,-0.0873079868047455
1427676972.94,-0.9058488998178985,-0.23991749052968714,0.10460391034318117
1427676972.95,-1.0265289500702552,-0.2653835438119581,0.09282408705207906
1427676972.96,-0.6655236146101073,-0.0706589511496923,-0.16946490948503357
1427676972.97,-0.21534135290231415,0.17845135420078756,-0.4862914946431867
1427676972.98,-0.14097481319141492,0.14667116731276436,-0.4239675019553528
1427676972.99,-0.042025876184939914,-0.03819170692292742,0.12464828524635897
1427676973.0,0.11031101184782072,-0.12443436187902264,0.4961701455073635
1427676973.01,0.06657757018045356,0.12350627330678562,0.21572414046707367
1427676973.02,-0.0480995338513064,0.4355855817497166,-0.28598399520542617
1427676973.03,-0.04869050420256976,0.24623263433042775,-0.391873027219375
1427676973.04,-0.06143055846110136,-0.3072473964397722,-0.1459336930402771
1427676973.05,-0.06858754461521056,-0.6570345764046073,0.08961674662711294
1427676973.06,0.14357599948944488,-0.4217201993510257,0.4126390410109941
1427676973.07,0.37930710168360515,0.09852569596407063,0.7782350747703817
1427676973.08,0.4071903018327664,0.22890561360248493,0.7912638625116439
1427676973.09,0.36766886517050856,0.2129844958615155,0.7886731743449585
1427676973.1,0.42573019971497855,0.3428963308462707,0.8981835882065187
1427676973.11,0.5560416612390944,0.19864298801158126,0.41868637668909414
1427676973.12,0.6268152148144949,-0.02651931527211751,-0.265125639549387
1427676973.13,0.5176159166647016,0.040155806168628946,-0.30150135250568577
1427676973.14,0.11438334568956893,0.17472327231192486,-0.1127246316910532
1427676973.15,-0.3722148069225749,0.13360393688520428,-0.19479360649312777
1427676973.16,-0.6168149564156509,-0.21389286757101564,-0.40827302597238746
1427676973.17,-0.6570428721671934,-0.5258489425901842,-0.5790360955505092
1427676973.18,-0.4967758811882965,-0.4234861183144687,-0.5623511101408952
1427676973.19,-0.2526257525847558,-0.2857996014260605,-0.4565695257240052
1427676973.2,-0.08468983833012489,-0.2079740943080017,-0.43736745090953155
1427676973.21,-0.010568830251545869,-0.146989938770434,-0.3813676316969772
1427676973.22,-0.25427812583851844,-0.43147316262770574,-0.18159262596092107
1427676973.23,-0.48552374272704835,-0.6467430249090863,0.03704125540961667
1427676973.24,-0.40938004654542104,-0.6011472565325616,0.08572522534099031
1427676973.25,-0.2885997989621267,-0.5378314126173084,0.10185714642003596
1427676973.26,0.3269719386922879,0.019678826271634874,0.42698567499127854
1427676973.27,1.0973603565261267,0.6978125414672336,0.7722469609026289
1427676973.28,0.8514710909698985,0.8407304078705645,0.6165238233910926
1427676973.29,0.2443530443488407,0.8575062270346258,0.26253940040069534
1427676973.3,-0.07040435561693581,0.8701214223362007,0.0562138564075039
1427676973.31,-0.7052889135431941,1.0042498336929728,-0.29138756329020526
1427676973.32,-1.0191900679966275,0.9217428881894822,-0.49133728834130685
1427676973.33,-0.2981290354695377,-0.06739493713259562,-0.07304293390017101
1427676973.34,0.3030223635412259,-0.8239000176826483,0.28149233805826535
1427676973.35,0.33982323620567606,-0.7968963105556038,0.2936811005504837
1427676973.36,0.5162533681624276,-0.9951077275438074,0.4487199696627322
1427676973.37,0.42435774594332876,-0.8551555491976529,0.3615198954100908
1427676973.38,-0.16492317513174357,-0.060195495850789746,-0.1155848695497518
1427676973.39,-0.42513576463797326,0.23462638983449788,-0.33761174920557663
1427676973.4,-0.22741923816477197,0.19539191267296024,-0.24383082641793213
1427676973.41,0.0683190153463574,0.25990242140674485,-0.1647506226839519
1427676973.42,0.21844239233836818,0.1777651618607707,-0.15874897233844093
1427676973.43,0.01695329697074937,0.20337539473315072,-0.10667570951678426
1427676973.44,-0.18848125318718426,0.0066017970968129955,-0.12842710505010788
1427676973.45,-0.16858961728128832,-0.492328008071607,-0.2528056449665203
1427676973.46,-0.15656500754802363,-0.6832376670296471,-0.2834041981729599
1427676973.47,-0.14029275870184943,-0.9716967965764783,-0.4162839054208797
1427676973.48,-0.17093102386700734,-0.9319934029362302,-0.3489421202369855
1427676973.49,-0.27926627517088254,-0.018721433867815985,0.18669125370649098
1427676973.5,-0.32657619145575506,0.41026509017090024,0.4273915628648571
1427676973.51,-0.41993483946617804,0.23572408549610507,0.3627538393615628
1427676973.52,-0.3703138574783302,0.42439651891473196,0.4110333866778059
1427676973.53,0.0009440725610184719,0.7978637947530283,0.43887927590886044
1427676973.54,0.18924391578028155,1.004719918333258,0.4652793781799416
1427676973.55,0.10221502143632671,0.683503856854937,0.4864846938538847
1427676973.56,0.11460726037905078,0.034115743214646554,0.626762508097791
1427676973.57,0.10388913555526474,-0.21828262416185684,0.6188891522704887
1427676973.58,0.09314695239993613,-0.2641368432613951,-0.11024908805120727
1427676973.59,0.20965050592904877,-0.3562721399402364,-0.9346933263454502
1427676973.6,0.16659264991875888,-0.33211325359708893,-1.083702271549348
1427676973.61,0.17936496925197198,-0.24671140970146385,-0.6219839845064731
1427676973.62,0.29557513164904115,-0.1146936263889054,0.07910508306733048
1427676973.63,0.17716121346673058,-0.016369995486501934,0.3824463079895316
1427676973.64,0.4463257013718841,-0.05541915857889387,0.22543449887983008
1427676973.65,1.1678751167333123,-0.17357718181631215,0.04397958640009414
1427676973.66,1.5190827261437607,-0.2483341962440844,-0.10561691304137
1427676973.67,1.1613851030447062,-0.0526343496294035,-0.03306000861048075
1427676973.68,0.05572693729352855,0.2596262675165039,0.18025124672941206
1427676973.69,-0.8493659317373419,0.2680473376334082,0.10835297126341598
1427676973.7,-1.108223021859002,0.0655307525274165,0.030393313489084473
1427676973.71,-1.4888955244666096,-0.060010135539745685,-0.03322291078970274
1427676973.72,-1.4052233320591634,-0.1119876989364624,-0.3175852137539409
1427676973.73,-0.5311864191011313,-0.09988637942596638,-0.6647297672237094
1427676973.74,0.0875795035205692,0.008181998396251982,-1.1758989700408535
1427676973.75,0.10281442057247486,-0.07993557110251492,-0.9964274826288213
1427676973.76,-0.19014708791601762,-0.4339110556983621,0.23630307757011446
1427676973.77,-0.335886447330315,-0.5924544068944075,0.8133254516679725
1427676973.78,-0.33719539359879014,-0.64209545587753,0.7025879238208461
1427676973.79,-0.28655746783578123,-0.6768639189236336,0.8174840478461394
1427676973.8,0.143137721874267,-0.26133848017827577,0.6455303090599958
1427676973.81,0.5070509929732557,0.1974066896812764,0.4278031889902813
1427676973.82,0.5104199575690826,0.2553143697738983,0.46982014409899076
1427676973.83,0.508367687452451,0.21125074278059058,0.43448205678420415
1427676973.84,0.5082365528746885,0.13394643564411157,0.5027276737688602
1427676973.85,0.46400222632613924,0.08418034108046162,0.5373076703486107
1427676973.86,0.10734921207474624,-0.09690976825090257,0.28774689490078387
1427676973.87,-0.454939352614403,-0.32702750195355385,-0.06545378285313169
1427676973.88,-0.5307657567028593,0.07163388743579907,-0.3548511036133245
1427676973.89,-0.31402285587493384,0.6058534245421487,-0.4503184301622255
1427676973.9,-0.29792911132367483,0.6820230474201275,-0.41474333929606116
1427676973.91,-0.2802216608595339,0.6629619619383867,-0.3824241832442729
1427676973.92,-0.06777098547685842,0.4853480765323322,-0.37414108535606244
1427676973.93,0.08666164365692156,0.33633989812283427,-0.37330150352439845
1427676973.94,-0.02125145285663066,0.3068731047315172,-0.3596850685975986
1427676973.95,-0.15047850519005287,-0.06077946970664527,-0.3504910119529594
1427676973.96,-0.10482037848306762,-0.42610075781732515,-0.32301434826897885
1427676973.97,0.16656720102702072,-0.6214130435317419,-0.3243437144519968
1427676973.98,0.5219150914655055,-0.7809078724510826,-0.31724432405616
1427676973.99,0.4975811435778925,-0.558518800215729,-0.2096409529640187
1427676974.0,0.24314268409876416,-0.15832541171375805,-0.23332823237571704
1427676974.01,0.05222679732666556,0.06134998701162154,-0.18697369023564425
1427676974.02,-0.21737045080005019,0.09470603479240751,0.36732560528268066
1427676974.03,-0.3335087417910014,-0.0279563980470717,0.7973639049173125
1427676974.04,-0.3420341565970885,-0.09370286262362486,0.7263915692061402
1427676974.05,-0.4181979836170029,-0.119172897072618,0.808498961278496
1427676974.06,-0.41764331481321515,-0.22895479104291416,0.8156308462295516
1427676974.07,-0.4849421826222349,-0.3812938866913783,0.2695323583164942
1427676974.08,-0.38544765861068503,-0.5052102735921856,-0.16347814437744446
1427676974.09,-0.12655014080795113,-0.4584126681554603,-0.15744877550559894
1427676974.1,0.17166861594255475,-0.3202474629295556,-0.09131119970537412
1427676974.11,0.8193113811644165,-0.17002073609184792,-0.051858360741818765
1427676974.12,0.679509067188304,0.014282666125295945,0.011782017087599461
1427676974.13,-0.3496362734973192,0.16366885007206905,0.0424032707321462
1427676974.14,-0.3740487947294667,0.2602203690623694,0.004656331319192603
1427676974.15,0.1717253578498391,0.21313593901123373,0.007179331860875923
1427676974.16,0.20714887683019634,0.2324191540473952,0.00022320553191376713
1427676974.17,0.18013942872633462,0.49921730951700294,-0.17675525094336586
1427676974.18,0.0832808785095894,0.691894813702798,-0.30539915230620124
1427676974.19,-0.02794459600408239,0.7297067613332983,-0.2766584343787728
1427676974.2,0.023907174501592188,0.7093974718739106,-0.2615616242233056
1427676974.21,-0.041199528172739974,0.7357275928592282,-0.1142926724677692
1427676974.22,-0.0881877937122175,0.6554742032396368,0.35548010853057327
1427676974.23,-0.08128643307724412,0.3707850265098298,0.4324539678618516
1427676974.24,-0.22289928126702332,0.31044978579533367,-0.40274514822371565
1427676974.25,-0.1967875237215171,-0.020283081472416357,-0.7714002240139092
1427676974.26,0.05341991385088318,-0.7631233469166979,-0.1457471974347511
1427676974.27,0.20821811903845222,-1.1710219513353732,0.31501940080780155
1427676974.28,0.3716120674988913,-1.6241839508308717,0.6965232896199262
1427676974.29,0.29610565452805293,-1.4928007161047248,0.8301233436282939
1427676974.3,-0.20140890615529886,-0.32712109829913744,0.28819145396832413
1427676974.31,-0.3889514876600626,0.1310332168115379,0.05071203944148514
1427676974.32,-0.31474800034318384,-0.025435550150800405,0.13057847034597975
1427676974.33,-0.41494490478175294,0.11014492705405086,0.09384230995452963
1427676974.34,-0.3355635740434625,0.09471291309933216,0.040283583520068195
1427676974.35,-0.17255216500465592,0.1200254743363413,-0.3852569843969367
1427676974.36,0.05014779773534728,0.31357529955574825,-0.7875664495680204
1427676974.37,0.5342409254197942,0.490566656213667,-0.669680266109486
1427676974.38,0.6986020780641489,0.5014037734292957,-0.4881920171609738
1427676974.39,0.5005633674831244,0.11201536107459198,-0.3872310997979117
1427676974.4,0.3968997000645184,-0.12088441515593268,-0.12190647995513804
1427676974.41,0.3680795047584828,0.1322888312537001,0.15730994683740468
1427676974.42,0.5779685383673075,0.6000603977766253,0.2285812975344561
1427676974.43,0.5808664202995308,0.7558024737078012,0.2583364887275229
1427676974.44,-0.28962557492375196,0.004117140035287022,0.19141511547911375
1427676974.45,-1.012386767508648,-0.7173152932032144,0.07334890270523309
1427676974.46,-0.9638978429121592,-0.6711308501754675,0.13200855319821814
1427676974.47,-1.0357903435687756,-0.7313859253864933,0.05923565975791101
1427676974.48,-1.02415245254563,-0.7217390413203914,0.2517885243583355
1427676974.49,-0.409208404914706,-0.21823027219968755,0.9645599448515043
1427676974.5,0.003101434392081881,0.06955743636431608,1.2284435477611262
1427676974.51,-0.0178878930673389,0.04796275374384476,0.9352682817188867
1427676974.52,0.10766929667057154,0.036294078432484514,0.4026793431965142
1427676974.53,0.2797806896972517,0.022690981820818523,-0.11224929179160419
1427676974.54,0.35613072534922907,-0.04795554689158329,0.01045723487924538
1427676974.55,0.4549539255307894,-0.10092271199926427,0.20020367401891553
1427676974.56,0.45607199286137984,0.033713510174737345,-0.19082931919983834
1427676974.57,0.4453125021906026,0.13866247652932936,-0.5733003821102084
1427676974.58,0.4683614272164218,0.10573388386373891,-0.6914636054770715
1427676974.59,0.48154076060985285,0.01967634622952317,-0.7846807774631316
1427676974.6,0.5853608454606891,-0.13786669303878202,-0.8336768193091632
1427676974.61,0.6038259568848054,-0.28739825418264586,-0.8322884311543636
1427676974.62,0.743543430497727,-0.8338545091826156,-1.02920467434056
1427676974.63,0.8203420834282502,-1.4225522811361127,-1.2031388490750758
1427676974.64,-0.09747547656726097,-1.0353336439085143,-0.7396062750684584
1427676974.65,-1.0905247115509478,-0.43813556233962986,-0.030470204795454814
1427676974.66,-1.036863061141277,-0.4623254572513166,0.2957383902950136
1427676974.67,-0.8180522482076029,-0.6601521995550933,0.44719008695626994
1427676974.68,-0.7217232637005462,-0.8323131225181718,0.4933613011595282
1427676974.69,-0.45517096234554927,-1.0100828049254273,0.42554231376800083
1427676974.7,-0.23776851677613842,-1.1442557523318826,0.4688497217447469
1427676974.71,0.10042189802001072,-0.9102972347446372,0.49428210452379195
1427676974.72,0.574664108145835,-0.3858725806666109,0.23747848094817284
1427676974.73,0.8273031724477242,-0.3341609935060694,-0.0355151994472358
1427676974.74,0.6172083066112082,-0.3134442982315748,0.15220290230434816
1427676974.75,0.13921254299032665,0.35379251530072037,0.5081798984505783
1427676974.76,-0.06632846099686365,0.9129823301954233,0.525589770429438
1427676974.77,-0.011292519470229495,1.255309073273382,0.1909877964581669
1427676974.78,0.12183240455206357,1.9309805055395113,-0.3602992050744591
1427676974.79,0.21628456327036205,2.1809797985939388,-0.5441347503770533
1427676974.8,0.22871583204249285,1.4936901967361078,-0.18120144415699477
1427676974.81,0.45194741059795307,0.8311683182163898,0.029075905461916324
1427676974.82,0.7098361107719271,0.5830024638041532,-0.06051957151404985
1427676974.83,0.9837398789046795,0.26562566681849203,-0.11194263536943916
1427676974.84,1.023104631081093,0.010093037000606014,0.1833786425989667
1427676974.85,0.5301641823278559,-0.0932824285342112,0.6924149894262105
1427676974.86,0.7708808566611559,-0.3499547991505926,0.9157774007603396
1427676974.87,0.9660222545909837,-0.4080702332480419,0.8283736986132949
1427676974.88,-0.35979804446825614,-0.08330794799203398,0.23634786478109743
1427676974.89,-1.4194032422515481,0.2142206759591355,-0.35417714887350893
1427676974.9,-1.9416374899586142,0.531268659100183,0.0757695496227534
1427676974.91,-2.495866961142856,0.693503947754877,0.5026629291426143
1427676974.92,-2.2675931352222034,0.41626130685521384,0.19207930130093454
1427676974.93,-1.8444911326620077,0.17027696513318374,-0.018869672924146763
1427676974.94,-1.042932810559302,0.12095035771390443,-0.22248643513856503
1427676974.95,0.0838406435612426,0.1443328016027771,-0.4718343861801084
1427676974.96,0.28213820457018746,0.21430431719356416,-0.43295485688852353
1427676974.97,0.30834229787513523,0.21946653778882277,-0.4474014933568574
1427676974.98,0.560670772960623,0.2569021057306867,-0.48577624545692893
1427676974.99,0.7065176121566177,0.046122569349663314,-0.2845794552423047
1427676975.0,0.9558468096224886,-0.3490634387341101,-0.055531276635093274
1427676975.01,0.9847492562940225,-0.33654209317391,-0.01954531372549062
1427676975.02,0.8890454547008267,-0.278296138005035,-0.07109268965753407
1427676975.03,0.41071733278529066,-0.2848416024718246,0.04517756294728684
1427676975.04,-0.46890327337534826,-0.09226034448833431,0.18613725036255924
1427676975.05,-1.0102784311999098,0.036532476481433956,0.22530655064276717
1427676975.06,-1.4280954409292916,0.35613641065141854,0.3630422671789685
1427676975.07,-1.332509809401493,0.7498715481635186,0.389019075203675
1427676975.08,-1.1112045229927126,0.9377561760673653,0.3064456499113099
1427676975.09,-1.4459158594476482,1.1813990871499245,0.29694671291266717
1427676975.1,-0.3409212301424528,0.6106196786781346,-0.06652468473881418
1427676975.11,1.4138290682739214,-0.5153895692593249,-0.5417695836809787
1427676975.12,1.3892830279303654,-0.5028401350858569,-0.6236150043040094
1427676975.13,0.8214494984659069,-0.17993505098054816,-0.5495830136612736
1427676975.14,-0.05683405320808908,-0.3508371210107097,-0.2459512476061546
1427676975.15,-1.241751483110216,-0.3101749240453101,0.19094793077297967
1427676975.16,-1.2862448795767536,-0.32215322803324203,0.346512442218728
1427676975.17,-1.107280300743069,-0.14769476504042328,0.3461307801895054
1427676975.18,-0.9841467823910424,0.22201223997259945,0.3450656336997694
1427676975.19,-0.4322014280821351,0.4586905558840834,0.2853960830206147
1427676975.2,-0.2671110626783456,1.1060885655165953,0.14991564017558517
1427676975.21,0.3033566279330623,0.7408794181454282,0.3143545604669566
1427676975.22,1.2257819421165659,-0.7657817243872084,0.7947196706094243
1427676975.23,1.1233291632736342,-0.9386138308856226,0.8995283372520719
1427676975.24,0.845065671965676,-0.5870496886948106,0.8861648177974879
1427676975.25,0.8403967431172615,-0.8395326860758486,0.924992104763267
1427676975.26,0.45412131713341863,-0.8520047520939339,0.17884731087937603
1427676975.27,0.037257376530520636,-0.9419216364841598,-0.9369382428312489
1427676975.28,-0.13967701689026513,-0.8176577998041327,-1.3639348391368888
1427676975.29,-0.14157603828803844,-0.20647940637358744,-1.1940995566121184
1427676975.3,-0.04547530278687428,0.03666104809428173,-0.8297816109619971
1427676975.31,-0.05018092448184164,0.07862564243287784,-0.4600651584364961
1427676975.32,-0.07010537621022368,0.1697459880692696,-0.23610050094292373
1427676975.33,-0.10721871922592323,0.19539314604665795,-0.08472838270835652
1427676975.34,-0.20255736999598745,0.2855452902122799,0.04362360893929566
1427676975.35,-0.20437272031751638,0.33951477101112776,0.14892295238083503
1427676975.36,-0.28876267757482454,0.4144900253323744,0.2945580352769118
1427676975.37,-0.3648497247633523,0.49991315425803234,0.2523421363353476
1427676975.38,0.014478342270365308,0.33520912130742037,0.035449323182242476
1427676975.39,0.4036318067158445,0.15409625067986996,-0.1242337201458949
1427676975.4,0.32088493157774134,0.2766949173073898,-0.22371228073543156
1427676975.41,0.20969187958607904,0.3334818861976872,0.16059925372982808
1427676975.42,0.2087993125524344,0.20155996042888286,0.8237807465191551
1427676975.43,0.1530318704946953,0.3221608835799817,0.9083059772845479
1427676975.44,0.18853747202796572,0.3490772012558238,0.6681580678663716
1427676975.45,0.2600100989524957,-0.13198758176213746,0.4523475225137267
1427676975.46,0.2517472474554416,-0.7115071606323282,0.21194370147230762
1427676975.47,0.20100927046288308,-1.0302782363380438,0.08292411209280715
1427676975.48,0.07002074134257302,-0.8638315676929232,-0.006031922526110789
1427676975.49,-0.09923563232590266,-0.40866211779072636,-0.01363883545739751
1427676975.5,-0.2084549534626455,-0.13399338259488572,0.04412603941736894
1427676975.51,-0.2948153262993335,0.01716313790920839,0.09580114734634468
1427676975.52,-0.40462614806995145,0.14978002267174756,0.1279845216046372
1427676975.53,-0.44532580401991584,0.09236133255870058,-0.32910014634511864
1427676975.54,-0.4354177130271429,-0.0872171682668406,-0.9850918061623601
1427676975.55,-0.4306740850099998,0.05151767137966051,-0.7983405515068538
1427676975.56,-0.21586672548544822,0.2943488647870383,-0.04161191258481983
1427676975.57,0.09343249246461136,0.18933751687734704,0.390068026282741
1427676975.58,0.14152913913785994,0.05780676435499803,0.40588652975166545
1427676975.59,0.1385744821276459,-0.23907078658610162,0.2208517022742424
1427676975.6,0.23718678482405625,-0.5365580612785242,0.10941806618282304
1427676975.61,0.17351996053706806,-0.5536799540864751,0.09998643551278
1427676975.62,0.05615011482483824,-0.9752002424325439,-0.05338609838825688
1427676975.63,0.29526156928447234,-0.8213119508103498,-0.21003920703948492
1427676975.64,0.657645957573619,0.2601573003900273,-0.22115885041215722
1427676975.65,0.6059599341699737,0.5259780861540344,-0.12860902293597937
1427676975.66,0.4796331890884666,0.45889294043684153,-0.08434489987018051
1427676975.67,0.4428220038644018,0.721099858385077,-0.038415979080799606
1427676975.68,0.00789124402599406,0.6628742104048937,0.5671012962010658
1427676975.69,-0.5345759767511573,0.5487390226589708,1.0964916519696613
1427676975.7,-0.99724046189368,0.3600388302401396,0.5663831502504508
1427676975.71,-1.3381925256664347,0.15211055266282747,-0.10526827797483251
1427676975.72,-1.0109732313740456,0.18401329920203313,-0.3052687599414156
1427676975.73,-0.5463157052647395,0.18752500793455767,-0.579206312514724
1427676975.74,-0.3024207997607722,0.21223738244465257,-0.8542156356987011
1427676975.75,0.18559743705786733,-0.1048038386519517,-0.6279034368024159
1427676975.76,0.414706405795945,-0.7429081086675403,0.022358495180108212
1427676975.77,0.30451949624400093,-0.8531804840609403,0.3524880592930314
1427676975.78,0.2251712207888294,-0.7435593515612605,0.31586252926497616
1427676975.79,0.06769780821067753,-0.7369385234405285,0.3707426043700681
1427676975.8,0.33694378398958263,-0.363451621929868,0.31417504361989285
1427676975.81,0.7781382371952457,0.052356885460110164,0.1679481451659936
1427676975.82,0.4941160758068917,0.08232708583302548,0.0043869414422152975
1427676975.83,0.025259020497970117,0.01651957859799333,-0.2617053358242821
1427676975.84,-0.0988629050932073,-0.02883678287999295,-0.3641198895456746
1427676975.85,-0.04193552211643414,-0.11945751084165637,-0.31185771186295214
1427676975.86,0.22391319494510126,-0.1371792337869341,-0.10909877014422431
1427676975.87,0.4575608211745378,-0.12504274907742705,0.13997723159051095
1427676975.88,0.6276381020689477,-0.15860059476875582,0.2711900484609622
1427676975.89,0.7886752398490129,-0.15851634791308628,0.43310684369405683
1427676975.9,0.4235769161825792,-0.19749137207652231,0.16259182573127595
1427676975.91,-0.15854838669361493,-0.29143001624779813,-0.3518437302367923
1427676975.92,-0.205457849539816,-0.41895450418729163,-0.4160175709801477
1427676975.93,-0.07176500257301185,-0.6554553676941786,-0.5252745071078998
1427676975.94,-0.16405845785558826,-0.7241360708185207,-0.43514348987344287
1427676975.95,-0.18656627879150245,-0.6249262002006732,0.03735236356140689
1427676975.96,-0.029882489799624143,-0.7397914944239045,0.016600549671347293
1427676975.97,0.06725380313018706,-0.872153563165558,-0.17971505016279837
1427676975.98,0.26634073999281815,-0.797551674157242,-0.3745620206303618
1427676975.99,0.4113945807952766,-0.5356972603957176,-0.4850676380773801
1427676976.0,0.02574184256981342,-0.30035027753745114,0.19767064555622244
1427676976.01,-0.1469887941334636,-0.27475571514827296,0.7398514750957412
1427676976.02,0.10751910060143385,0.09435573484472488,0.5461733597209981
1427676976.03,0.34824180025500007,0.6102769871896428,0.3165180805122471
1427676976.04,0.8366375555671033,0.6150932626585023,0.042385228626743876
1427676976.05,0.46983879707907195,0.5911445040870297,0.08023760298862861
1427676976.06,-0.8345112326600713,0.5497091580469797,0.5088979010539159
1427676976.07,-1.056958754854014,0.1617254874707328,0.5707618758117852
1427676976.08,-0.6412839372033757,-0.2323523730441958,0.4335128069868814
1427676976.09,-0.6602115734549542,-0.5547641076690056,0.43246361057985494
1427676976.1,-0.491412283881724,-1.0192168497791356,0.42336949974236865
1427676976.11,-0.2866694589544608,-1.7058142771222482,0.46608048178784733
1427676976.12,-0.23396451270836938,-2.0378760527667703,0.4904537192236894
1427676976.13,0.1818231939837402,-1.346974813327909,0.13802981726775604
1427676976.14,0.64210031263031,0.10499950920535871,-0.43387186490000196
1427676976.15,0.898581305706642,1.3140800630159353,-0.8012194606811189
1427676976.16,1.2508845423270498,1.3266840449524875,-1.0812311313827563
1427676976.17,1.0881169125282186,0.9919753874794048,-0.8436447469486918
1427676976.18,0.21569718749149308,1.3633340138691075,0.05035883439969048
1427676976.19,-0.09017632637618234,1.362015280419881,0.4359216051728602
1427676976.2,0.41781093966662386,0.7144034180959956,0.41442695823621745
1427676976.21,0.7437464218776328,0.5026006516185936,0.6852084732840688
1427676976.22,1.0759629055971214,0.5182302575434159,1.163526405893561
1427676976.23,1.7407244128365305,0.1999254419423062,1.5841253752500635
1427676976.24,1.2215495922832762,0.271132412629247,0.7511408681693904
1427676976.25,-0.5239025297736768,0.8591885554316906,-0.7697533705995192
1427676976.26,-1.140274760409607,0.7162249837422542,-0.8369536101617058
1427676976.27,-0.8939007092310418,0.24514370654540366,-0.2507752069741063
1427676976.28,-1.1768203478312254,0.30880805127949523,-0.19657504352908273
1427676976.29,-0.77142836106213,0.5035305940994571,-0.23583241961325835
1427676976.3,0.41039372265600604,1.0069476270828903,-0.3728520050644864
1427676976.31,0.3270811507884396,0.8087890814528751,-0.33066075778286075
1427676976.32,-0.8376748974450297,-0.46182983229960556,-0.01766647152203127
1427676976.33,-1.0203870293824369,-0.7840449846073233,0.12385805760014462
1427676976.34,-0.43916885398496297,-0.5486868508948434,0.23187325062173553
1427676976.35,-0.580061426759175,-0.5136686539075196,0.24499796819674682
1427676976.36,-1.0057939189184264,0.15080972604911208,0.005926401968190054
1427676976.37,-1.3058721785464438,0.8380619592451544,-0.2836980980733462
1427676976.38,-1.60843735850415,1.1029189314646966,-0.4502045892972908
1427676976.39,-1.1801825214018176,0.8158048224882051,-0.3428730258718462
1427676976.4,-0.4406591560958397,-0.05458670647104983,-0.11518535891168594
1427676976.41,-0.24913295192986115,-0.13953963806619482,0.02325302244168874
1427676976.42,-0.307842709975194,0.4492564565482901,0.08793856838645384
1427676976.43,-0.3059514734755252,0.4787979527555255,0.12127825519717485
1427676976.44,0.17467371093740877,0.510777369986965,0.06667648237182913
1427676976.45,0.6966041284632056,0.5384065167341159,-0.15447295774129033
1427676976.46,0.6709471788779546,0.3683552944410866,-0.21653764520422558
1427676976.47,0.7419524630013239,1.0189427932110313,-0.15616334632399398
1427676976.48,0.263025933544981,0.9017593872215873,-0.39705752596097643
1427676976.49,-0.8407793775618648,-0.5988461928496734,-0.782433534411889
1427676976.5,-1.2109452017354427,-0.7224312227208282,-0.9675318577814414
1427676976.51,-1.3248204102570966,-0.5491031877106356,-0.29762944271242475
1427676976.52,-1.1680909626163858,-1.4203140571990782,0.8765543190811594
1427676976.53,-0.64671213700334,-1.4235850625444273,0.9119861899920261
1427676976.54,-0.5787966515190235,-1.1050946389989527,0.17886845751456326
1427676976.55,0.009936668103448398,-0.977804959016407,-0.04130726964649306
1427676976.56,0.76505902948332,-0.3543149108874552,0.1582743710732944
1427676976.57,0.532932837912154,0.14067286728744752,0.5670624519068057
1427676976.58,0.4451571351954303,0.24747016354099305,0.7569307067305578
1427676976.59,0.5714406250481191,-0.07797380629681577,0.41547736493816473
1427676976.6,0.2528533540328446,-0.3088489066373298,0.19145923243817428
1427676976.61,-0.05994589613556428,-0.12518535886224907,0.332917038352051
1427676976.62,-0.20913152432743687,-0.15856397026856944,0.19346465782756816
1427676976.63,-0.0880498140690208,-0.05346570371741424,-0.2554294126552762
1427676976.64,0.21811050184049124,0.16351874781741177,-0.5032259682219291
1427676976.65,0.06669891917001744,0.17366190557900896,-0.5109040473113217
1427676976.66,-0.22316962720542471,0.27236028564562154,-0.08909664037289791
1427676976.67,-0.02817094560784042,0.31162218982830525,0.34094241255980995
1427676976.68,-0.0055181462612613474,0.5372942899977374,0.14278182204252907
1427676976.69,0.044202166386193266,0.6152015815308142,0.027630349262016022
1427676976.7,0.6989027837654191,0.1415432715545446,0.12099006300517284
1427676976.71,0.8441843327362297,0.2856369102563999,0.22695485227448492
1427676976.72,0.6620917996173158,0.6576337454753055,0.4787127763809439
1427676976.73,0.8788828692022949,0.4551757352287235,0.5723414700759063
1427676976.74,0.8122033505647098,0.834821740793799,0.9204360456753902
1427676976.75,0.852591005061192,0.809160012932612,0.7561563545363095
1427676976.76,1.0328469086826422,-0.5381345703963014,-0.5389220770590738
1427676976.77,0.841799486761071,-0.8311712283452112,-0.9705848758918674
1427676976.78,0.7186161983903407,-0.3714613163869491,-0.5963792712157922
1427676976.79,-0.01190637534305472,-0.5824358665372308,-0.496689425360383
1427676976.8,-1.105465628074731,-0.25179744911954055,-0.09822092545687389
1427676976.81,-0.9098025953000832,-0.35248999901908973,-0.041708408117355655
1427676976.82,-0.1353934169184293,-1.2357765993626235,-0.3473953568374136
1427676976.83,0.1870499037006444,-0.7901757858643719,-0.011055044871530473
1427676976.84,0.2875816165141848,-0.04378410416771303,0.29001618788618605
1427676976.85,-0.22638311468325417,0.17219032730381306,0.1364130509296883
1427676976.86,-0.9716904986035624,0.6624791069357959,0.027171716139108126
1427676976.87,-1.0461677205478845,0.7918291543526735,0.0399593035457666
1427676976.88,-1.0957853458696714,1.0096916884647775,0.1383441569760559
1427676976.89,-1.2536280960253368,1.0878699641208693,0.15984175245382648
1427676976.9,-0.83334720244209,-0.2284288168653725,0.05590832137063345
1427676976.91,-0.4737081889003702,-1.3129973763775216,0.06365506239600296
1427676976.92,-0.3556896692153278,-1.0739019692579117,0.07167508610268658
1427676976.93,0.1291402334929855,-0.5989022655345405,-0.04800695722128573
1427676976.94,0.4407740879738439,-0.2803457774023651,-0.09369809553982641
1427676976.95,0.40990605512849154,-0.07934470227808559,-0.04147087531430943
1427676976.96,0.47566778102362195,0.13256710027251983,0.04870252441570813
1427676976.97,0.42460435383812434,0.2747764154655806,0.0981731799058995
1427676976.98,0.2643729104608594,-0.05030198459531853,-0.0850569814088463
1427676976.99,0.08658577892595098,-0.56048380907267,-0.36199947269670096
1427676977.0,-0.048726897373975564,-0.5837704353518125,-0.3681023836630738
1427676977.01,0.13369847989898537,-0.026512379829770616,-0.05258478132046365
1427676977.02,0.2894178004738555,0.42474763168431645,0.21952752454346305
1427676977.03,0.158882523850292,0.5428647615480994,0.28248115439327676
1427676977.04,0.006885262866341418,0.5314862697915105,0.37846821335769687
1427676977.05,-0.23430183531675627,0.13858366588992005,0.5389684518426988
1427676977.06,-0.49582554089893266,-0.20749243149415686,0.6663109370331912
1427676977.07,-0.43041923621980427,-0.1968890696712228,0.33699427514206404
1427676977.08,-0.1917443244748387,-0.2592307611981574,-0.5755518934409645
1427676977.09,-0.04712640700356174,-0.29176663718099277,-1.1157731272258664
1427676977.1,0.11945870350823429,-0.5250497246303988,-1.345554369110086
1427676977.11,0.33512640273178207,-0.8700269868851686,-1.5737214148158376
1427676977.12,0.5931798827933704,-0.5920967949817998,-0.7930064841143948
1427676977.13,0.8545392996039307,-0.1211823452380507,0.3896285489460691
1427676977.14,0.8948502445387714,0.044407649679146156,0.7354432867948658
1427676977.15,0.9847531125209986,0.041353151542849145,0.8750490769353638
1427676977.16,1.0420710623040603,0.07173460743558117,1.0364905807199127
1427676977.17,0.4409991474272924,0.2839438017741951,0.7410138294088322
1427676977.18,-0.2144735586262641,0.40799562773664255,0.4127274526667635
1427676977.19,-0.24106737669311068,0.3943791817495278,0.46397929887570993
1427676977.2,-0.03477632953163884,-0.030958897516444497,0.3730106947798447
1427676977.21,0.015698845450612058,-0.8930693594545354,-0.030085475002781116
1427676977.22,-0.29807444992599974,-1.0315953008952,-0.14529905337314153
1427676977.23,-0.7462931870163321,-0.6182054584978351,-0.02290070649527315
1427676977.24,-0.867250165410937,-0.49612852476911157,0.05938538370329666
1427676977.25,-0.7220151709866429,-0.2585430372949764,0.20103140132003608
1427676977.26,-0.6338645833149585,-0.13481326925884585,0.3698708625099624
1427676977.27,-0.5532386116974076,-0.23833790579491237,0.5177294584397781
1427676977.28,-0.0736938146726599,0.030933183994954327,0.28310927678290354
1427676977.29,0.5109427618432367,0.29574740186181786,-0.1990863562902102
1427676977.3,0.7037101060605614,0.24014393985329316,-0.1610585251919503
1427676977.31,0.7010746217942927,0.11019542417262514,-0.030755582554396865
1427676977.32,0.4594541025149986,0.16109393147293177,-0.34662771568750655
1427676977.33,-0.008077193572688102,0.4039951287738021,-0.6908108983773058
1427676977.34,-0.2013968033340388,0.3112063064021272,-0.8169430396785402
1427676977.35,0.041947525852564005,0.07935538233126346,-0.5449850674874481
1427676977.36,0.36467529252491454,-0.2276981369292752,-0.09747300692281696
1427676977.37,0.6080129983111431,-0.6761840371807257,0.1872513981494811
1427676977.38,0.8879969624030062,0.05544578478666173,0.5825415944890207
1427676977.39,0.5296927505411549,0.9466408043545612,0.4561438371282049
1427676977.4,-0.48189323614739615,0.18903404802575163,-0.4727178488407319
1427676977.41,-0.8231304518298679,-0.41488479724253496,-0.8302933796357087
1427676977.42,-0.6285146040090629,-0.40988533755142065,-0.7584513989910472
1427676977.43,-0.5524380878403976,-0.6842785058621601,-0.865530201837108
1427676977.44,-0.33215899799256754,-0.19979647740405784,-0.11333267589141911
1427676977.45,-0.1274388471093333,0.52919644129964,0.8828779516194863
1427676977.46,0.14080119146741393,0.6188712025146015,0.7228465642323547
1427676977.47,0.564931691811509,0.7285342372989463,0.18114649052897147
1427676977.48,0.6772034602868482,0.7931422150417844,0.0014926021271269296
1427676977.49,0.49352286989413857,0.6421227005382599,-0.006877067957567512
1427676977.5,0.10146479215729819,0.4872637011319814,0.0885210984059016
1427676977.51,-0.2600882132730347,0.3561434010704241,0.13958343302213433
1427676977.52,-0.10110033318782359,-0.03777232673993905,0.10763335819586137
1427676977.53,0.12546814681028778,-0.6352015389933964,0.05727693465206722
1427676977.54,-0.17154271500516616,-0.5239951433335338,-0.007466395942063345
1427676977.55,-0.5572954260688134,-0.06000427991337828,-0.03068085103714646
1427676977.56,-0.5384286826215344,0.030123649909442357,-0.027599789939703967
1427676977.57,-0.35984067483482784,0.16584783498655523,0.013664779663176613
1427676977.58,-0.30696696742368806,0.24864367989473893,0.044405770148167184
1427676977.59,-0.22456010042105207,0.4125732792168367,0.06326478224589614
1427676977.6,-0.15200053960098678,0.6287190652799547,0.12838445602092474
1427676977.61,-0.177027499484666,0.6711201213916224,0.11737023768994578
1427676977.62,-0.048414627115167475,1.134035704425544,0.2218368252992102
1427676977.63,-0.19874170537641359,1.004720517522191,0.16927751043865955
1427676977.64,-1.0000592842915508,0.08201800270128895,-0.4951432306160025
1427676977.65,-1.2379635262792243,-0.0684906954338372,-0.6227520739859833
1427676977.66,-0.48677902873135026,-0.1946879751071538,0.0007754423023590695
1427676977.67,0.050625311534713335,-0.47942148858875216,0.30023056295205575
1427676977.68,0.2204877655489321,-0.09036813026219373,0.6325016623820063
1427676977.69,0.2993913719237245,0.011970372685908854,0.5536043661568364
1427676977.7,0.22332604350920363,-0.2815176828035879,-0.31001232484932173
1427676977.71,0.1766441738742681,-0.18011085780058586,-0.5602434120574523
1427676977.72,-0.023231208380918023,0.18853701262767383,-0.45470144267928136
1427676977.73,0.15256959202020395,0.07611644143601422,-0.33021614300925933
1427676977.74,0.8881138895241194,-0.4418523950162073,0.31543986133747665
1427676977.75,0.8757807420402722,-0.4605506173303148,0.49048345845235963
1427676977.76,-0.057818853569890735,-0.9329990651313426,0.17788940302330203
1427676977.77,-1.1980773308623047,-2.2286605976408596,0.089831647612307
1427676977.78,-1.6520551880499235,-2.107521729118104,-0.06539931587444381
1427676977.79,-1.4166887780814077,-0.35859737257958896,-0.33339229410058946
1427676977.8,-1.8547541806743255,0.9485902162817965,-0.7072322796480255
1427676977.81,-1.6524369329474609,1.0153090692013829,-0.5800235604834182
1427676977.82,0.11837184001005088,0.5171684350230882,0.25046768091081106
1427676977.83,0.7865842552563506,0.31690405326920446,0.5640588356861636
1427676977.84,0.1928982042493913,0.5749286986055993,0.51474021884481
1427676977.85,0.10593985751085025,0.6656500436046185,0.585973496010629
1427676977.86,0.17891984507013797,0.3131358188198903,0.1266762294230167
1427676977.87,0.09727657751706645,0.08074899753424603,-0.3501290081031856
1427676977.88,0.6345849445134365,0.24523785204572915,-0.14647493303853915
1427676977.89,1.762725277995056,0.7238271238708313,0.2507854282606998
1427676977.9,2.0155921517963584,1.0026798187944805,0.3748792291659677
1427676977.91,1.1778809196283446,0.634318583772781,0.12201811223490899
1427676977.92,0.59271700001935,0.5389466897438788,-0.18129098571025948
1427676977.93,0.3345409383293172,0.4234922428420963,-0.15764210554573946
1427676977.94,0.02517784777296768,-0.6621085404861504,0.008609475583382837
1427676977.95,-0.16967284796598506,-1.2646362303125338,0.1259964729106456
1427676977.96,-0.19836859640713095,-0.9555481787559948,0.17982647359940557
1427676977.97,-0.06296888275852477,-0.7762273321373652,0.11394498003663286
1427676977.98,-0.005109221052106115,-0.5463863708164746,0.09687513209398163
1427676977.99,-0.02224612436782497,-0.25422990972050674,0.21940963057829416
1427676978.0,-0.028517359265326336,-0.08285162760071048,0.09365696529289119
1427676978.01,-0.2569223588739938,0.18555685764428123,-0.5657242949598404
1427676978.02,-0.4528070375058263,0.4386677985241083,-1.160582431754101
1427676978.03,-0.42969189315891937,0.1736670967554848,-0.7065926310014842
1427676978.04,-0.47381518501024383,-0.6094045218398987,0.426483298116419
1427676978.05,-0.4322332913593435,-0.890443189282267,0.7968420662872757
1427676978.06,-0.05779109983316853,-0.57887313392083,0.3155414220296197
1427676978.07,0.26210423363507385,-0.42417834885391503,-0.026433730821465898
1427676978.08,0.24188079072559704,-0.28768421195579513,-0.05420333736380717
1427676978.09,0.27384478021028696,-0.18910568604858574,-0.03768248077786869
1427676978.1,0.14926073455798117,-0.1089678349740251,0.030253840104246144
1427676978.11,-0.6408452567836375,0.3583186630461763,0.11934932285833794
1427676978.12,-1.0409390223883908,0.6002607366903496,0.1603674488738755
1427676978.13,-0.43019321602809146,0.10698123022028894,0.25451808109954194
1427676978.14,0.11278312195085584,-0.32087177480458845,0.2930318518295414
1427676978.15,0.3286487815693525,-0.19306099981488517,-0.012107476890253543
1427676978.16,0.469992875184426,-0.008708176341062503,-0.33879646030004884
1427676978.17,0.3768423607442889,-0.010253565574958877,-0.3362623285429157
1427676978.18,0.16901116574620023,-0.026198542176899715,-0.24688528007558513
1427676978.19,-0.13259423216378804,-0.11930262730401459,-0.13937566343284663
1427676978.2,-0.33404396430820027,-0.2241266228874169,-0.007926930546404198
1427676978.21,-0.36602257246359815,-0.16623384655925647,0.07896833782462476
1427676978.22,-0.4220126215275259,-0.09252413911396064,0.16171458355364376
1427676978.23,-0.13498869242967948,0.029635427564461154,0.15628558095606304
1427676978.24,0.23337497670243845,0.23654105753731303,0.14262985370653658
1427676978.25,0.14937611157562544,0.30304710448075534,0.18896918501783927
1427676978.26,0.024398248526195918,0.41437239256454445,0.24647857843667836
1427676978.27,-0.01034866506622234,0.5130226833626621,0.297343219879368
1427676978.28,-0.048842293730292224,0.13897511384631128,0.07797853117852634
1427676978.29,0.001894169702371315,-0.30215068869138056,-0.23868906206490448
1427676978.3,-0.011565353245400256,-0.19042214992146325,-0.29661364895805786
1427676978.31,-0.026994675693123693,0.19873944218410425,-0.3377087655803518
1427676978.32,-0.03453625875101082,0.39494795412283623,-0.3180420618510942
1427676978.33,-0.3331410763760392,0.5359546163509613,-0.04324719356272341
1427676978.34,-0.6381190400028378,0.6124025823329963,0.21193344402177222
1427676978.35,-0.37772628565360783,0.18995409813350264,0.22373862084290885
1427676978.36,0.0721317297493411,-0.2992118783866139,0.07144404603923907
1427676978.37,0.23207024509808044,-0.4280488592943459,-0.07596553792410501
1427676978.38,0.5694281884655171,-0.6875553309223624,-0.31556876259200994
1427676978.39,0.9881882398510777,-0.9644575336785705,-0.6360476367371641
1427676978.4,0.9049904887056812,-0.9186122255039965,-0.7467637774764677
1427676978.41,0.7614894035033066,-0.8567397675978623,-0.8037196563447153
1427676978.42,0.6681954826701517,-0.9159261354173502,-0.9220388083539213
1427676978.43,0.12203262211868021,-0.9005083675963825,-0.7815412840537246
1427676978.44,-0.3674863225335473,-0.739890899911836,-0.5035716919806287
1427676978.45,-0.26058081504760877,-0.5050812633517615,-0.5338233771684892
1427676978.46,0.029530412507171866,-0.13736893718573712,-0.6365935981976979
1427676978.47,-0.02024742588582021,0.1764092601881411,-0.2886562693009553
1427676978.48,-0.49641586895494094,0.10588247628206265,0.0683128499849869
1427676978.49,-0.8185707718817219,-0.18374181466950248,0.08573615226545911
1427676978.5,-0.47355982816523545,-0.47051512280496677,0.37730955738835753
1427676978.51,0.09561572883726449,-0.7449265215275489,0.7633721331868794
1427676978.52,0.34685639967000026,-1.1707843000615965,0.6869374265941283
1427676978.53,0.3519945352496945,-1.3512760797173566,0.4881052407464754
1427676978.54,0.004906582992712294,-0.36067482598382844,0.4144969147563872
1427676978.55,-0.5865671581369953,0.989752640990272,0.36086971811101864
1427676978.56,-0.5832501808282688,1.2342146297471295,0.23118347710202175
1427676978.57,-0.22512526399211227,0.8300860055216557,0.09825346569304327
1427676978.58,0.18039011987289708,0.46070329254212805,0.06977069007726286
1427676978.59,1.2628364506083216,-0.08867496881011883,0.14126691962499693
1427676978.6,1.8830176590576402,-0.4798262987893945,0.25636939950744053
1427676978.61,1.2839490844786443,-0.2938552875275526,-0.009213796567450583
1427676978.62,0.6173849658023215,-0.053217782587690166,-0.3075469811836641
1427676978.63,0.21749351762469157,0.21198717244634366,-0.26808764486724135
1427676978.64,0.16375612997521416,0.6099612460362369,-0.5660798920885527
1427676978.65,-0.17254205526526545,0.34472531944220425,-0.3303294085998604
1427676978.66,-1.0314243962028584,-0.11021413335366068,0.6515676284121976
1427676978.67,-1.104521551072689,-0.21130543481425504,0.687607736966251
1427676978.68,-0.8421984752175309,-0.5683451402814658,0.31947381684309256
1427676978.69,-0.4366075173359736,-0.02412038747989545,0.17938826924917392
1427676978.7,0.6347069329391564,1.5897583557249557,-0.2941612158745468
1427676978.71,0.996017187977514,1.8188227908425199,-0.5779580311735201
1427676978.72,0.44910400004080864,0.7452671541870365,-0.7117120329332559
1427676978.73,-0.07543774769957456,0.12096659406279012,-0.8714572304577403
1427676978.74,-0.41465848946538914,0.23903899773985848,-0.5387123226234
1427676978.75,-0.7948471551885298,1.0648801421701755,0.049255212538097726
1427676978.76,-1.1568732182564772,1.513905368769746,0.5053195658051757
1427676978.77,-0.6499090081592538,0.4502242820570117,0.8282789557046015
1427676978.78,0.04459825589870442,-0.8107978024538297,0.9499263027127834
1427676978.79,0.1590218509375489,-1.148368256992117,0.9438704960225655
1427676978.8,0.3467764155956433,-1.1520780881844108,0.9584101310892907
1427676978.81,-0.055879044302041325,-0.79159262330278,0.6854979560782364
1427676978.82,-1.0382789138731732,0.1292596123277543,0.26118474359453636
1427676978.83,-1.319931591625933,0.5443186340295596,0.22111021142398046
1427676978.84,-0.7881712464796979,0.4533382227521989,0.4365860388629953
1427676978.85,-0.11425457686008222,0.9925916061149398,1.007848633602371
1427676978.86,0.05050980810869121,0.9708316759218013,1.1512671550682543
1427676978.87,-0.07800735105034584,0.02373650352652426,0.4517201242966093
1427676978.88,-0.28023911905078613,0.19343951075156615,0.6204229567544316
1427676978.89,-0.4353299545756192,0.4374188737078385,0.6829840519301122
1427676978.9,-0.30758089191510574,-0.07328221793491267,-0.26330535364887114
1427676978.91,-0.5457162381973433,0.4495403490037085,-0.17302750023161814
1427676978.92,-0.4354770728335937,0.7115310065811876,-0.21019527689890072
1427676978.93,0.5048619931299695,-0.22882245110452262,-1.148746403788242
1427676978.94,0.5012893318389002,-0.23407798243453304,-1.1152432861388841
1427676978.95,-0.01788243823257263,0.3982421644586866,-0.897472695813313
1427676978.96,0.0065684553425449654,-0.022560520939699246,-0.8594437986426029
1427676978.97,-0.4720267012801828,-0.7798079932085767,-0.26609117585194153
1427676978.98,-0.7917045040461448,-0.8137719253965235,-0.024381131307112225
1427676978.99,0.04979494552214561,-0.6497290460060945,-0.17358565446703586
1427676979.0,0.6687062681612541,-0.5648733091173738,-0.0866161440747083
1427676979.01,0.5161796415841122,-0.29690623949431616,0.10237506849980577
1427676979.02,0.24069653248223732,0.007143512351325544,0.3705544250735556
1427676979.03,-0.0346921424919559,0.321887672829359,0.6622716068286743
1427676979.04,0.2549586004815221,0.07691122409797665,0.6370402804602083
1427676979.05,1.0547256942946357,-0.7695036027823311,0.37623607849461294
1427676979.06,1.3547516190748587,-1.0579585487854586,0.28381116686845276
1427676979.07,1.188004208275254,-0.9190594350435571,0.23708437427878692
1427676979.08,0.751880314706552,-0.705325197705126,-0.009285007273071688
1427676979.09,0.09930421099787706,-0.2465289263813059,-0.3203278679505269
1427676979.1,-0.21411217243240369,-0.0368260014179133,-0.4144231809982278
1427676979.11,-0.33826121504400813,0.1755628718782464,-0.36997334899661766
1427676979.12,-0.6405460986701093,0.6953260076776796,-0.4806629334759643
1427676979.13,-0.7681608349958123,0.8886865101124444,-0.4664379982808893
1427676979.14,-0.6513383655852988,0.7192791732136253,-0.39583136178374495
1427676979.15,-0.6145471389378474,0.5044752588115735,-0.4585687052426328
1427676979.16,-0.4079966650051237,0.26094080995029173,-0.13354518212313446
1427676979.17,0.05786607739847216,0.10610508870706803,0.7363786067264992
1427676979.18,0.26584572187729316,0.1304171330422867,1.6978704650379752
1427676979.19,0.3628013246414922,0.11161148879186779,1.3652180258061133
1427676979.2,0.5207079473453511,-0.1305717253298869,-0.10351096160562914
1427676979.21,0.46116152172489017,-0.11202173667118201,-0.38509540712772977
1427676979.22,0.36477408750162543,0.2599429122712549,-0.12373971785063874
1427676979.23,0.287494741202834,-0.0038015576025080128,-0.29701546705498105
1427676979.24,0.1357271441499397,-0.700874808734577,0.27699217845247315
1427676979.25,-0.030101311618226545,-0.7285092328486019,0.566620837713057
1427676979.26,-0.3269560077984568,-0.5443883134623615,0.02673650952925652
1427676979.27,-0.7238293706396941,-0.5699343762506056,-0.08169482965818164
1427676979.28,-0.8114810269485032,-0.4321140830629908,-0.10288205473712297
1427676979.29,-0.4335534909738862,-0.435290592538609,-0.501894214813022
1427676979.3,-0.22925140864384724,-0.5168044947150326,-0.920137750624695
1427676979.31,-0.13899488274508903,-0.361287337228283,-0.7983155046838464
1427676979.32,0.3918116063886022,-0.23603336120181712,-0.195914670684026
1427676979.33,0.6433452450194754,-0.10736639256016361,0.019412952422281804
1427676979.34,0.5024481131729606,-0.03339646122214164,0.17109290469900312
1427676979.35,0.4875857582613338,-0.028901019013582194,0.5167339430768576
1427676979.36,0.359806055282203,0.1139840547061704,0.5687831644604362
1427676979.37,0.2892738784852238,0.13465844935323493,0.6878514639025897
1427676979.38,0.026133432816803137,0.41058143547571774,0.4996709856378716
1427676979.39,-0.6076550292633399,1.0800015061168105,-0.1799987441300329
1427676979.4,-0.700059413128704,1.1378392035278768,-0.26588172869959836
1427676979.41,-0.2841555876879012,0.6179553098439672,-0.16556417531625528
1427676979.42,0.1722868111074599,0.01116051454083091,-0.40391621004200895
1427676979.43,0.46687537119729916,-0.47557420586267496,-0.2580875594546432
1427676979.44,0.18744635635223905,-0.5008530701858883,0.33964584044193746
1427676979.45,-0.18819995163405584,-0.4510359200275207,0.987963832859045
1427676979.46,-0.10217996379688615,-0.28928198414794526,0.7934599818318819
1427676979.47,0.12779537486509068,0.07572802848147352,-0.2733989049976396
1427676979.48,0.20278374720168799,0.20220968987239846,-0.6300915116188435
1427676979.49,0.12677938095048352,0.46328137034829886,-0.40631210857391015
1427676979.5,0.08735303516156961,0.3216790869026901,-0.6165712320999763
1427676979.51,0.10660681797044502,-0.5333751567075109,-1.078179915104512
1427676979.52,0.061837493635133356,-0.7096273966954988,-1.3796882434264277
1427676979.53,0.006172428425698706,-0.45461362477906553,-0.7107535901387969
1427676979.54,-0.045613329632879035,-0.4901551939594356,0.5287741589177557
1427676979.55,-0.09326951575917591,-0.3622978613139671,0.7421342884821993
1427676979.56,-0.18808944322359333,-0.15526100734097073,0.25393573094874006
1427676979.57,-0.3193192220445468,0.021932494462170847,0.031737226488004866
1427676979.58,-0.3016944292315326,0.09520961239385244,-0.12833521468095332
1427676979.59,-0.3058674651325985,0.09925586521939302,-0.3214340415097864
1427676979.6,-0.24642882971777702,0.09733802357292635,-0.4149552621952054
1427676979.61,0.320222295559651,-0.3850154364543609,-0.5005911328238096
1427676979.62,0.8453648403936639,-0.8354101220607291,-0.5439480771339488
1427676979.63,0.928650560611969,-0.8682084397982492,-0.7695083605976332
1427676979.64,1.0919924693362817,-0.9758523869331474,-1.1311444414331777
1427676979.65,1.3537938581635212,-0.7298857089826861,-0.7237877234651555
1427676979.66,1.698241529926905,-0.36321369688884075,-0.08805729678720398
1427676979.67,1.697099233114622,-0.4257720777886971,-0.2452074502158751
1427676979.68,0.557344222103078,-0.27984443118978264,-0.3476282697838109
1427676979.69,-0.5062888456364874,-0.10665978314573324,-0.3443687814647363
1427676979.7,-0.5241938380715673,-0.25824452266233283,-0.48270500792686794
1427676979.71,-0.5548170611408842,-0.35074549320659226,-0.1999308631943643
1427676979.72,-0.6296293764088706,-0.495519414124647,-0.1618867068444273
1427676979.73,-0.4321527630348905,-0.5162320615271715,-0.05157716964237233
1427676979.74,-0.5204219752780019,-0.10687308501505385,0.8333546001753083
1427676979.75,-0.411205286892896,-0.10854790360594153,0.9631274899109676
1427676979.76,0.051811968823462784,-0.6964300041819848,0.30081418390784914
1427676979.77,-0.20077998311618903,-0.6544070874077267,0.4538305292288516
1427676979.78,-0.7247099157798397,-0.469757859854685,0.8278150103108096
1427676979.79,-0.4819133126388034,-0.7638870139797285,0.4834952582701609
1427676979.8,0.13622971289234148,0.037409524760028394,0.05913741013560582
1427676979.81,0.7529403798203271,1.207699040700951,-0.3019406421952986
1427676979.82,0.9822187143105735,0.9685842046559018,-0.4892610277626489
1427676979.83,0.6750169736532894,0.3918782586914689,-0.02355514747469578
1427676979.84,0.6267129164541066,0.03947852765040858,0.26775633473727434
1427676979.85,0.45509664603460565,-0.12155981141730601,0.08826373152085529
1427676979.86,-0.37488642675639217,0.25085453352682485,-0.11342501955023979
1427676979.87,-0.8300832717850459,0.4172707129273407,-0.24501274672494572
1427676979.88,-0.7116264432037154,0.31884500250257797,0.5814974576989966
1427676979.89,-0.6488070218331796,0.36337740188994294,1.578721955500303
1427676979.9,-0.4319769034444815,0.11694058933805646,1.4038233084397338
1427676979.91,-0.08836200738975253,-0.2595450986227906,1.2866945425489118
1427676979.92,-0.3038805084491637,0.11108146760617052,1.1873707745035005
1427676979.93,-0.7909049926683813,0.9067132561053078,0.494745760483116
1427676979.94,-0.7313451752382473,0.9313742674193104,0.2562302755794419
1427676979.95,-0.41911159874391296,0.6390249566340231,0.14295562556621277
1427676979.96,-0.20544853948119324,0.7345111829410161,-0.30702919343916274
1427676979.97,-0.011052806521528513,0.7751083145945162,-0.5809819211709808
1427676979.98,0.11769135177727574,0.9744363955914705,-0.7402104472542248
1427676979.99,0.14679413897215576,1.197749454339453,-0.7784722301790465
1427676980.0,-0.30021550773077066,0.9676667290628235,-0.8515022283909612
1427676980.01,-0.8001262374794769,0.6728015668946802,-0.8416406144809025
1427676980.02,-0.46685877716350493,0.1910944783612094,-0.14400946045547625
1427676980.03,0.055100610914045944,-0.35269047143653315,0.6753068390963307
1427676980.04,0.17041440154745724,-0.2957560008972347,0.9217835035380673
1427676980.05,0.18507998383533575,-0.0180000722490051,0.8900030070457505
1427676980.06,0.16098089116305359,0.17238239026578694,0.8539648752958747
1427676980.07,0.09913057742505393,0.4624729753572472,0.795465536343041
1427676980.08,-0.015953290588778923,0.6246040833101023,0.627634777492297
1427676980.09,-0.19961615916580172,0.7114844516510223,0.3946290203622959
1427676980.1,-0.3919028098667346,0.9232941978895419,0.18008423922905636
1427676980.11,-0.550937121880087,0.952082545783419,-0.022200187955049244
1427676980.12,-0.5047760540591051,0.40218314269862593,-0.1757460948993797
1427676980.13,-0.2506472345809096,-0.7740651998640373,-0.3069867901921915
1427676980.14,-0.08912594989830072,-1.699972776144776,-0.40763887341943417
1427676980.15,-0.13967581457461414,-1.6324060135773242,-0.4370864052903137
1427676980.16,-0.1509057746776653,-1.2776388633045368,-0.4872794491060831
1427676980.17,-0.1305201281945721,-1.0612163515313646,-0.6204987723379896
1427676980.18,-0.26393729306345004,-0.8158975885848203,-0.6297010578262386
1427676980.19,-0.3674789441780818,-0.8357875228402367,-0.35574211791367405
1427676980.2,-0.49735304329169217,-0.9387035833292282,-0.12327914638240814
1427676980.21,-0.3659254088510712,-0.7569212798767565,-0.03656341497421309
1427676980.22,0.6115542728508105,-0.46421755678919324,0.15301110758891243
1427676980.23,1.372543600689272,-0.24180959199791174,0.31810146597039146
1427676980.24,1.0226159764920237,0.06803763415580281,0.19450660029499522
1427676980.25,0.457306239505352,0.6918602227224182,-0.16963279293154485
1427676980.26,0.063836061076335,1.0497282116400826,-0.31062239432427735
1427676980.27,-0.45515288990074976,0.582176505835946,0.079328809138347
1427676980.28,-1.190079008499797,-0.18587428452695318,0.7905583831482228
1427676980.29,-1.588573233617333,-0.4319511055927223,1.0562368907854631
1427676980.3,-0.7170129891171775,0.16184918955189442,0.18062640107172923
1427676980.31,0.3772125841254767,0.7817350947003073,-0.7290574455416673
1427676980.32,0.3577788337820551,0.9489391682802928,-0.8778768405523155
1427676980.33,0.1749855018557489,1.0095293600677455,-0.8552138180764162
1427676980.34,0.4441560297298722,0.24836973824722258,0.0769890977611328
1427676980.35,0.6280038338662983,-0.8546524833153618,1.375597430314528
1427676980.36,0.4272049485884662,-0.7705053276127651,1.366260573209305
1427676980.37,0.15398882034844935,-0.37551526203229585,0.8793151257751677
1427676980.38,0.24745840544493297,-0.29084753613528236,0.37681778550004297
1427676980.39,0.32645074998391604,-0.03832921195776937,-0.19836957928856647
1427676980.4,0.5167502827232295,-0.02010940888110482,-0.22860325759912165
1427676980.41,0.8428351761928328,-0.02831485911777568,-0.19616000463387595
1427676980.42,0.22764343537721327,0.04376143067830604,-0.1747555788114527
1427676980.43,-0.7472738588077477,-0.0932379805122376,0.001902258601141349
1427676980.44,-1.1316188066293607,0.047977526779136234,0.039921739022900526
1427676980.45,-1.1088510136134606,0.12315447420353803,0.08498921812500526
1427676980.46,-0.3388183349009791,-0.3762634922929736,-0.11876100806776169
1427676980.47,0.5305571276546623,-0.8592922139998899,-0.3558397363752099
1427676980.48,0.5637701771022964,-0.748796647529678,-0.32899906930441924
1427676980.49,0.37571036766870647,0.07977489785499499,-0.42230074743011153
1427676980.5,0.28499382598655626,0.759611761601244,-0.25255932180866336
1427676980.51,0.17308425500036834,0.4138189677777453,0.1806381394704087
1427676980.52,0.1666976227121334,-0.39977202840081894,0.7049843160412099
1427676980.53,0.13612802588778417,-0.9325394743658869,1.2683320965736196
1427676980.54,-0.061102035207372396,-0.9899207653081127,0.7503590072872749
1427676980.55,-0.2635159225061757,-0.6841018266161585,-0.29788321357906916
1427676980.56,-0.21523631059913312,-0.17444730103105305,-0.40075834615786154
1427676980.57,-0.05229288673388714,0.3964947356778893,-0.2150581060365804
1427676980.58,-0.06584141967158767,0.6059524720625169,-0.22969778124103557
1427676980.59,-0.13771831102292292,0.5887257429826527,-0.1374129134512644
1427676980.6,-0.16291616160077738,0.7195369786394982,-0.08996408986466864
1427676980.61,-0.20847156986182394,0.710067897460744,-0.0674050421612134
1427676980.62,-0.031697397923625026,0.3926674985730499,-0.009326968532910207
1427676980.63,0.3586136336431136,-0.21824554154785575,-0.014610387383728052
1427676980.64,0.5581928888945693,-0.687261061831552,-0.01317042533743562
1427676980.65,0.566947639660554,-0.4463695281272921,0.19652433327594146
1427676980.66,0.1519217498435869,-0.03725539608088872,0.318857268790645
1427676980.67,-0.5807891825856997,0.04381209270610149,-0.11832654311054713
1427676980.68,-0.471915004351047,0.03399965301822918,-0.46891468840176453
1427676980.69,0.372715200708332,0.09833284415534412,-0.336073364559232
1427676980.7,0.7961371108285538,0.20601863934770415,-0.3253937796850853
1427676980.71,0.594989381472972,0.057547517863010385,-0.18692208197684784
1427676980.72,0.20259190435010999,-0.22429147391952434,0.17001034085248554
1427676980.73,0.08088806926394819,-0.1837777549501458,0.13084866063376804
1427676980.74,0.1610370431944386,-0.02620853207658731,0.07271676826240127
1427676980.75,0.15323865497270567,0.005906414438645804,0.0536856003610173
1427676980.76,-0.005327851713988807,-0.063164485747414,-0.30336953466630756
1427676980.77,-0.3119286571669888,-0.21883045203304372,-0.44876147583903964
1427676980.78,-0.49146863491741044,-0.11547215397009729,-0.17349088383397
1427676980.79,-0.603849000328475,0.24253799477275698,0.42678379300467
1427676980.8,-0.7080659627500194,0.2949701462168216,0.9991063748126016
1427676980.81,-0.5410554723617639,0.14717330805054424,1.039175068086896
1427676980.82,-0.3915285029303547,0.08328220068994047,0.9869510063217539
1427676980.83,-0.3050807994502526,-0.24762062662661236,0.5373433962921323
1427676980.84,-0.15332823209072383,-0.6983060584662232,-0.3258415421367329
1427676980.85,-0.21910640656843466,-0.7213315369508381,-0.3917061238440389
1427676980.86,-0.3694405163769482,-0.5717070072824225,-0.21007950044173065
1427676980.87,-0.3834689562885862,-0.5854034893062485,-0.22798887185493277
1427676980.88,-0.14489312977938923,-0.5171971786000633,0.1060371458855911
1427676980.89,0.18376812797657394,-0.3759871972655464,0.27049161313575365
1427676980.9,0.05424639532307663,-0.25442568625853385,0.1737108013544258
1427676980.91,-0.1559198383354433,0.1233497174689695,-0.08264907085162759
1427676980.92,0.08256202679783514,0.5554469896778954,-0.5069530211835511
1427676980.93,0.5011982365375243,0.7000757201867733,-0.5373007833777215
1427676980.94,0.9791619128813592,0.7028692358120315,-0.3742103772657636
1427676980.95,1.0432485556428666,0.37652265189182127,-0.23857323996259233
1427676980.96,0.3655321663036335,-0.30213959899390375,0.06693138527252832
1427676980.97,-0.18389875561568797,-0.6755710987079183,0.23285852423184816
1427676980.98,-0.1227476078657384,-0.5557967479462715,0.18988158129566213
1427676980.99,0.1321539874558678,-0.30918988514666224,0.15275325773292278
1427676981.0,0.22885484301309217,-0.17306887774012938,0.10386974135912629
1427676981.01,0.16452684746430485,-0.20211852599503946,0.09972539636265101
1427676981.02,0.16704180609849817,-0.16995097180128602,0.08819119839478642
1427676981.03,0.0944027865483654,0.21113192094058972,-0.25116561049776276
1427676981.04,-0.16769599928895504,0.4641268668025911,-0.5965253493128851
1427676981.05,-0.28263736591939714,0.14262345464716844,-0.47233834331444463
1427676981.06,-0.23163756578453992,-0.11595044914266509,-0.24676695521780953
1427676981.07,-0.12985231864606286,-0.23791788879287365,0.1067217203712843
1427676981.08,-0.0058541980806361416,-0.549057853795503,0.5577465284191095
1427676981.09,0.011868012888932855,-0.5731412101691581,0.5615278591773053
1427676981.1,0.027243642752017128,-0.584853472115991,0.5626338557916708
1427676981.11,0.06412073400509916,-0.684441156580217,0.6098633152757233
1427676981.12,0.007692026469118013,-0.08443193061044509,0.10811554771043606
1427676981.13,-0.0301192687175528,0.6146838769077888,-0.4755377664763664
1427676981.14,-0.025067670831059208,0.6857147567340891,-0.5825560586206551
1427676981.15,-0.0827100084737053,0.6589443370481598,-0.17904998439041506
1427676981.16,-0.20498261503403103,0.7430268652933044,0.34770539797444844
1427676981.17,-0.19454933330470148,0.5907868554178467,0.48602365285759397
1427676981.18,0.047492133138774234,0.0751616769451008,0.3375804249354051
1427676981.19,0.2778698516749989,-0.31386919098730315,0.11988817991057105
1427676981.2,0.49009257213105556,-0.14098393843926268,-0.11385119034141006
1427676981.21,0.6047859118943966,0.24672455354881134,-0.3918913557538408
1427676981.22,0.2145053271423074,0.31578995212643174,-0.6231648640378239
1427676981.23,-0.44734407500436446,0.10802874482050998,-0.6495901511935145
1427676981.24,-0.8164740195540768,0.04215822537751152,-0.6196509707057134
1427676981.25,-0.5724967898505604,-0.11469076899009228,-0.2753801180406352
1427676981.26,0.07247582972495448,-0.32552549778923284,0.28279239925429955
1427676981.27,0.28683992027242744,-0.16573251883105716,0.35151497634034
1427676981.28,0.20740841933192844,-0.17077823047893612,0.30628294914997894
1427676981.29,0.3714356425819401,-0.08529301867460501,0.4176098454792321
1427676981.3,0.29743371818510406,0.19871137643240436,0.4470239972968816
1427676981.31,0.07185159017249287,0.029192552901838247,0.5588380099188124
1427676981.32,0.03812077638037639,-0.08787475866557827,0.5101241293322624
1427676981.33,-0.1503239211427923,-0.878918603823835,0.4191529826716718
1427676981.34,-0.3920762865228511,-1.8857028231841733,0.2967549403553596
1427676981.35,-0.5177440988226008,-1.1159401839521121,-0.271631410822906
1427676981.36,-0.5399199584133103,-0.3345973558576697,-0.5347452118648761
1427676981.37,-0.5475947841847181,-0.013597652292835674,-0.7128127088001331
1427676981.38,-0.6919345099413339,0.9520505381836883,-1.2707831178740006
1427676981.39,-0.3995650545892532,0.6869112114379282,-0.6524615725129713
1427676981.4,0.13414688421512289,-0.42950606487154597,0.7063522525154682
1427676981.41,0.17100808884419327,-0.5393566765143081,0.9302701270266458
1427676981.42,0.43306966535995683,0.055871762684567144,0.5113701187552457
1427676981.43,0.9833629845043987,0.7982925008431514,0.2204613771974912
1427676981.44,0.977640544416632,0.8796051753630761,0.10202348433972414
1427676981.45,0.579790034674651,0.1539598569383968,0.20941055258276348
1427676981.46,0.13529931743676263,-0.4870688036811412,0.22837552264030572
1427676981.47,-0.11358179858265949,-0.6424537802473836,0.17400910131858438
1427676981.48,-0.2213750036678805,-0.6514989175061859,0.20017699637149972
1427676981.49,-0.38580451785091463,-0.6865889165892618,0.13018886945870295
1427676981.5,-0.27441828703395676,-0.09357284596400116,0.06556871082114626
1427676981.51,-0.056141716383740284,0.645138887317452,-0.026123090513392042
1427676981.52,-0.05535906814022348,0.5766554515885541,-0.48623903240511224
1427676981.53,-0.0525574853285391,0.40733296864911034,-0.9115069000433005
1427676981.54,-0.02696350748592341,0.46003558083404517,-0.9340711441154051
1427676981.55,-0.036007586615200704,0.4170452098730157,-0.9847479707672822
1427676981.56,-0.04396493918390726,0.293592464154769,-0.6257301985292493
1427676981.57,-0.0661407528217253,0.026275391052030143,0.35054173062137695
1427676981.58,-0.11846731230325153,-0.11549628330263981,0.7773276791398178
1427676981.59,-0.15188339448642751,-0.10078245285603642,0.6899539646254935
1427676981.6,-0.19118216640573032,-0.13690231221329655,0.6841813811629589
1427676981.61,-0.2726565630334189,-0.12234373397822035,0.5937419126959474
1427676981.62,-0.20975157444775772,-0.1329927809952272,0.4199072549289199
1427676981.63,-0.09680505101849717,-0.11502169495977588,-0.0615523625794959
1427676981.64,0.019198522489209807,-0.0850872742855484,-0.47140408284578983
1427676981.65,0.04927286667007094,-0.09137935296731972,-0.4819490532183469
1427676981.66,-0.37053735285014106,0.1085265420022955,-0.7285504908612964
1427676981.67,-0.35244933046011906,0.030006575299428056,-0.46327747111239703
1427676981.68,0.45017861472719056,-0.4936990017797612,0.5021189891126914
1427676981.69,0.6513919594610189,-0.6121217200708329,0.6721796177774336
1427676981.7,0.43253606775553144,-0.46729186597483785,0.4428201984309558
1427676981.71,0.5376459836721506,-0.5170400051808273,0.5432440813499514
1427676981.72,0.34010320112370496,-0.2402882163215564,0.29106240689510626
1427676981.73,-0.01778091327844771,0.22165647077264936,-0.09399740097330844
1427676981.74,-0.01951624016349239,0.062239827096411744,-0.06587696596672744
1427676981.75,1.1911073099044045e-05,-0.3501267273850049,0.028002906350417855
1427676981.76,-0.07499454821165116,-0.2984219106429928,0.00674988608176804
1427676981.77,-0.15175133553116316,0.10016946639459988,-0.09061776856385041
1427676981.78,-0.23223679523896296,0.5254082843307749,-0.24328813965247761
1427676981.79,-0.10479643038052025,0.38017252447198563,-0.04172946732151227
1427676981.8,0.12588418140759255,-0.218340688882253,0.3468976762548917
1427676981.81,0.2371675012508772,-0.4543262282429948,0.4647315941766707
1427676981.82,0.3318051906157884,-0.5946571880502429,0.5658498954535913
1427676981.83,0.1497474041863968,-0.4278466837222758,0.4077492733787622
1427676981.84,-0.259866298503438,0.11389986833931715,0.029628985907402344
1427676981.85,-0.2913782613848661,0.14761284663057983,-0.017763786935211634
1427676981.86,-0.14437638609608197,0.53708138053252,-0.31522630481523367
1427676981.87,-0.11799932898864735,1.2057060097467038,-0.7997694191945897
1427676981.88,-0.06436352709774484,0.8543415096080877,-0.6813037744710457
1427676981.89,-0.07523215412034415,0.38389782936494316,-0.3614187347882503
1427676981.9,-0.08981077362876358,0.017529061765369232,-0.17941877731577544
1427676981.91,-0.025111367236464524,-0.42805471882920476,-0.04342355909414829
1427676981.92,0.11478519951984145,0.1179312184159363,-0.5170521661287023
1427676981.93,0.28937351897712926,0.8163940174116059,-1.2226998580550927
1427676981.94,0.031176028255637422,0.3378996706417209,-0.4046117179927119
1427676981.95,-0.5222662413436899,-0.43266696571912305,1.1324144445222228
1427676981.96,-0.6488461410202442,-0.5183872819923084,1.36536049969266
1427676981.97,-0.5826625531538774,-0.34443465176320354,1.1773135294289165
1427676981.98,-0.628732395601346,-0.34743479839675845,0.8243284042700245
1427676981.99,-0.40575759903431846,-0.2722252415242514,-0.15339105921978857
1427676982.0,-0.12512415746068595,-0.17028006623775702,-0.4338241733974656
1427676982.01,0.08479307867253681,-0.171811224174919,-0.24257041447367136
1427676982.02,0.7716037986075712,-0.14085254991565094,-0.25908802398546504
1427676982.03,1.348853165747337,-0.17317304907436992,-0.11007283138313373
1427676982.04,0.9217675315357386,-0.2900543098201009,-0.4333840499401511
1427676982.05,0.1816815405034084,-0.43104992929329927,-0.9642902840732157
1427676982.06,-0.13663108266234936,-0.488399708077209,-0.6089672045931489
1427676982.07,-0.2382527460269406,-0.4268804991307468,0.17276092021515688
1427676982.08,-0.2832214790378956,-0.4542577888583431,0.5694328073962603
1427676982.09,-0.29068026249584195,-0.4946387602820497,0.6253139310932967
1427676982.1,-0.32937078925549046,-0.551463951905003,0.7166620004715049
1427676982.11,-0.343673406199051,-0.6295181601397837,0.8388422996057516
1427676982.12,-0.24075169500519486,-0.3712834263309232,0.7092357603211865
1427676982.13,-0.04351825230620082,0.1463368414290006,0.3885496913451481
1427676982.14,0.14078730184629312,0.566635506260082,0.16061122143852283
1427676982.15,0.12399092179892941,0.5286489664974712,0.15377682883288177
1427676982.16,-0.054141108027212545,0.2741563987631511,0.1258257033480391
1427676982.17,0.013226849941341101,0.6547276244098841,-0.16672517422479588
1427676982.18,0.19631900197922852,1.0055369456708845,-0.40873740105890355
1427676982.19,0.032788879877197,0.5981564757196732,-0.47785022936561883
1427676982.2,-0.14341171099055705,0.25820261643862497,-0.4954605781535617
1427676982.21,0.011667215943006043,0.013417280711382993,-0.14294444350393715
1427676982.22,0.198233546104364,-0.24635691771730783,0.2917081941869455
1427676982.23,0.24514229260549134,-0.2113168874397644,0.39330475708995044
1427676982.24,0.22978046935498375,-0.2450027697291002,0.4495842429262664
1427676982.25,0.1690479863429365,-0.16313050715982036,0.1388706187938557
1427676982.26,0.04244235754486214,0.017876552914196334,-0.39493057174317137
1427676982.27,-0.04566814942822095,-0.1124379239229393,-0.3831775669280344
1427676982.28,-0.07805666083736801,-0.25635091270066274,-0.22141385266160812
1427676982.29,-0.2562729248509498,-0.5705851171203369,-0.12048582557995184
1427676982.3,-0.3620689743244627,-0.9246969618412144,0.07809745577469002
1427676982.31,-0.14261295407248206,-0.8902628192373151,0.09190000131601607
1427676982.32,0.043972769345385916,-0.8127866159046837,0.04505450164939803
1427676982.33,0.12966699212147406,-0.340928722774719,-0.03887892884998703
1427676982.34,0.28681465794196065,0.5272540803096661,-0.2497683678607915
1427676982.35,0.3692987650343286,0.8145736657124233,-0.3386156334919609
1427676982.36,0.4001590564389347,0.6900528415832486,-0.2542425535807047
1427676982.37,0.4045294637972442,0.591898608009263,-0.08040504697681333
1427676982.38,0.42689953927100166,0.49696832911194017,-0.0007452928067572251
1427676982.39,0.45575648956727444,0.524522037476133,-0.053416701624350166
1427676982.4,0.006230399987676388,0.4773141667938181,-0.029658912864269225
1427676982.41,-0.5966991000160515,0.3927626340962035,0.008694988066695442
1427676982.42,-0.5718323382700832,0.3360113825105909,0.046467862743724
1427676982.43,-0.3518177683520406,-0.05384389363271575,0.2619432875957376
1427676982.44,-0.2398033414133532,-0.441929868320283,0.527306098558424
1427676982.45,-0.1618709824699311,-0.4358585108690231,0.512880136234619
1427676982.46,-0.5702473806406472,-0.42395542830447036,0.19391444582403558
1427676982.47,-0.9169570475353779,-0.47957947881735374,-0.07946602977350248
1427676982.48,-0.4476463215211902,-0.3649663534573771,-0.0710503272106352
1427676982.49,0.08442553250603686,-0.24376278076447339,0.04691792513969206
1427676982.5,0.19072559993569735,-0.21149411366050014,0.0582851950401118
1427676982.51,0.12197156618178236,-0.15383777023191456,0.09873210412758784
1427676982.52,-0.08749994498741397,-0.14357716079438665,0.25255848751135024
1427676982.53,-0.2915295647490359,-0.13322889680217673,0.3742277849002561
1427676982.54,-0.40911951824379017,-0.11251392965651542,0.4290884630310616
1427676982.55,-0.37141063372686073,-0.23279707687818182,0.2251989563992714
1427676982.56,-0.13818782231295137,-0.2623917339789163,-0.11419677487832681
1427676982.57,-0.04290469662378415,-0.14291029440746936,-0.0233372709384315
1427676982.58,-0.16080362551674254,-0.047079058539708465,0.22130843905835595
1427676982.59,-0.33157817707150433,-0.005195389175387557,0.26994710597768146
1427676982.6,-0.5349563051462283,-0.10241261740454424,0.4653346591920836
1427676982.61,-0.708043426664925,0.06660681272135319,0.5572421972502868
1427676982.62,-0.4791603878126275,0.5199424350937453,0.24926552574959326
1427676982.63,0.3732833293450858,0.5342743307013689,-0.056710376633409526
1427676982.64,0.9880670616452906,0.32673301747894534,-0.1940085142778557
1427676982.65,0.8940826396641798,0.41267368650028935,-0.10695955149157366
1427676982.66,0.7014169551595408,0.5254917419088542,0.13267089833304951
1427676982.67,0.2734735948386956,0.32776540480217503,0.09677187884927585
1427676982.68,-0.4327320097403897,0.06565941639099795,-0.0027351232959673677
1427676982.69,-0.4781168834091851,0.020512856204026937,0.03270490662736378
1427676982.7,0.21630157694651464,-0.1638694863524544,-0.24149091186740057
1427676982.71,0.7316341395535646,-0.3823496711961243,-0.5190285710657173
1427676982.72,0.9340095649704144,-0.23576007244391356,-0.423578622241075
1427676982.73,1.2361465496273936,0.05551609127127391,-0.3026117364855967
1427676982.74,1.4866873260573872,0.28469102914633065,-0.21040192457248508
1427676982.75,1.5052090113207544,0.12297692989502626,-0.21347906848613007
1427676982.76,1.2445263417556431,-0.3309906502718622,-0.3270186981935329
1427676982.77,1.309302047788493,-0.3971918386092618,-0.3204694016710361
1427676982.78,1.8041188540496813,-0.14127571684173135,-0.2634498756181568
1427676982.79,0.8130919966588854,0.23118439751620026,0.07166073617314955
1427676982.8,-0.9175046096475372,0.8316360408232158,0.6543339821868616
1427676982.81,-0.886295349523301,1.002651618926556,0.6877999941653132
1427676982.82,-0.35806684187292304,0.02638631842894207,0.06518732986331957
1427676982.83,-0.2486562311794285,-1.02815397342163,-0.5526271045376115
1427676982.84,-0.18737246263949636,-0.9470772790290086,-0.6843757128205971
1427676982.85,-1.1071047265142975,-0.43542115269548043,-0.5610131019485722
1427676982.86,-2.041617517803576,-0.10372878568704483,-0.6520185441775116
1427676982.87,-1.731498492774922,0.1274361606377504,-0.508320493069769
1427676982.88,-1.2894104796259023,0.3027929591328962,0.0407912785035871
1427676982.89,-1.110997442083036,0.5510125851347619,0.28659229088128757
1427676982.9,-0.3423314688705886,0.2697196643633611,0.3842472024756538
1427676982.91,0.6089983562548588,-0.36950086795409903,0.6207962425964767
1427676982.92,0.9175469760831112,-0.28591773269251575,0.6893602369212258
1427676982.93,1.1056038032696143,0.0412347720622732,0.7695917157415293
1427676982.94,1.1537456590698179,0.10283679865444013,0.9441162059357745
1427676982.95,0.7786228098542103,0.3589562896090825,1.0823236347360985
1427676982.96,0.5378620915840074,0.48457452181657873,1.0865137087642611
1427676982.97,-0.1001865674535104,0.19651967431995926,0.7111514954045743
1427676982.98,-0.9708203290871409,0.09707377741098638,0.405171640990276
1427676982.99,-0.9747558833162833,-0.05851834441706189,0.38191883676866495
1427676983.0,-0.8933172810527317,-0.9092084992674908,0.24819578583278679
1427676983.01,-0.9744262384207067,-1.5080936670602243,0.06842927948105826
1427676983.02,-0.4302983552111107,-1.1787062959281058,-0.49220178575836204
1427676983.03,0.1562510360162933,-0.7272693453783685,-1.3067339625664842
1427676983.04,0.4099078106985693,-0.4960881170101938,-1.517309399033309
1427676983.05,0.6500386693800018,-0.35344240566825363,-1.3984820566101042
1427676983.06,0.46421101490501354,-0.2701973941719611,-1.1087498390993917
1427676983.07,-0.15541902627944698,-0.13695194440793668,-0.49257022970893
1427676983.08,-0.4109786053562865,-0.010453501686293536,-0.1404818291446179
1427676983.09,-0.3029257632550909,0.08601111510477917,-0.056138281347765245
1427676983.1,-0.24784295397572642,0.20326494034519263,0.0825252711225721
1427676983.11,-0.1860455331296524,0.29642757575918716,0.1438040231769253
1427676983.12,-0.13560623670723249,0.41706864148359907,0.21204275805165504
1427676983.13,-0.1746139692782319,0.6514809100086166,0.37258000677275316
1427676983.14,-0.22124116961310678,0.8555536407809927,0.4874764752338966
1427676983.15,-0.22059420947200736,1.1030088552884674,0.6251555587297639
1427676983.16,-0.164475206686799,1.2002794161697976,0.6702467356303441
1427676983.17,-0.004328513737254472,0.25771150788823827,0.20542620049313004
1427676983.18,0.18739695848326537,-1.0287653737006635,-0.38015239101141657
1427676983.19,0.3059223143032817,-1.5337092411082678,-0.6140447473040824
1427676983.2,0.5387842732175501,-1.7814035595095121,-0.739113765551486
1427676983.21,0.7245845985979888,-1.1201721343880953,-0.20993136536371926
1427676983.22,0.7620249297144338,0.5899372728227993,1.0019830532173268
1427676983.23,0.9343540446127113,1.1396323110598994,1.3638944729494673
1427676983.24,0.918387077484335,0.45401756979044117,0.7541466607063202
1427676983.25,0.85616025782278,0.0006882817435675762,0.2902015232565412
1427676983.26,0.7259729020203509,-0.1309638590435165,0.08099520022944823
1427676983.27,-0.2713684477172158,-0.20083929747263565,-0.23231657365194958
1427676983.28,-1.0967593597555227,-0.3100122066094628,-0.5665303862039317
1427676983.29,-0.9632845731007478,-0.3253275470365076,-0.6269184568199515
1427676983.3,-0.888104344447267,-0.3052398820863023,-0.7188073648932707
1427676983.31,-0.8272672538055775,-0.3832903631663926,-0.9267047275695369
1427676983.32,-0.7500964035772583,-0.29637048201276855,-0.48607790247657
1427676983.33,-0.9685929310452774,-0.2933942602255907,0.2055841313718838
1427676983.34,-0.9242285558664756,-0.3430305509258217,0.3425922845255219
1427676983.35,-0.8040401775264951,-0.2801821284832353,0.3203925157302667
1427676983.36,-0.7397247120368112,-0.5836747029085513,0.10526343708161251
1427676983.37,-0.37669436678308577,-0.8180396363896566,-0.3028860520238359
1427676983.38,-0.27545967221386025,-0.7378364381304789,-0.27876741222935736
1427676983.39,-0.3316877163794103,-0.6760384114518004,-0.07032449358374084
1427676983.4,0.05780601289696173,-0.17215928948634318,0.014565832948752175
1427676983.41,0.4272637467361178,0.33079106369289935,0.0024886359693282456
1427676983.42,0.5588030538881894,0.361946747681251,-0.23874085144282992
1427676983.43,0.5828942110849404,0.33232532632917333,-0.3471453568725891
1427676983.44,0.3101051713538213,-0.19000624697247923,-0.3560672171266798
1427676983.45,-0.05047258778398378,-0.7851890765728501,-0.6199744675760188
1427676983.46,-0.2536409782834097,-1.0066780700425393,-0.8578413615379084
1427676983.47,-0.5300088200222265,-1.6751704804134957,-1.1743255626526714
1427676983.48,-0.9521742711671617,-1.7500772031834242,-1.4171202507444634
1427676983.49,-1.3044376951592107,-0.9647364792830913,-1.2388745564520751
1427676983.5,-1.613031552464131,-1.2196361562498348,-1.467486504215455
1427676983.51,-1.6658542327594121,-1.6229082064449432,-1.6887123179595525
1427676983.52,-0.9731157435803105,-0.8047172573093454,-0.6669431368733423
1427676983.53,-0.14699435152493517,-0.05495438447614171,0.4571752014265775
1427676983.54,0.0037161476865380516,-0.20612510520378938,0.7014976638760853
1427676983.55,-0.04506619635815651,-0.6698654939407791,0.8350769378811753
1427676983.56,0.41946857077641425,-0.48830733407696225,1.2125681178288688
1427676983.57,1.246775791161989,0.12870156810871833,1.6656198706496208
1427676983.58,1.57984287808964,0.38638985152309857,1.7107429542021573
1427676983.59,1.328935090174501,0.8497131013715636,1.1688314681562295
1427676983.6,1.0575261783748025,1.074024310732675,0.6659025218283208
1427676983.61,0.770512596135144,0.5534870378362259,0.4014742253421404
1427676983.62,0.7270053183122553,0.8267890284477334,0.4164917992867025
1427676983.63,0.8479194704338429,1.5927444617923896,0.6312917796373325
1427676983.64,0.6202915252976078,1.639204110682751,0.642594377667172
1427676983.65,0.27465107062895244,1.382063842093346,0.6580410538879076
1427676983.66,-0.2951064166836128,0.8980577297183754,0.6187362012373341
1427676983.67,-1.1840846353566938,0.4568894226097985,0.405299482276861
1427676983.68,-2.108261688902504,0.07436552676491787,0.26709013844231355
1427676983.69,-3.119188676151584,-0.8377559779625908,-0.06831698818757159
1427676983.7,-3.2945376937727886,-1.1574680179760943,-0.11144813798454045
1427676983.71,-1.9609135937328546,-0.2780278218149117,0.44159299332525237
1427676983.72,-1.1319581571003108,0.2095645280860453,0.8190686554900268
1427676983.73,-2.1436013683538757,-0.2400776834845293,1.2226047857450504
1427676983.74,-2.2675560154606202,-0.3109066868618672,1.4069247483486778
1427676983.75,-0.09265870135298798,0.5219931531496929,0.8332449076851716
1427676983.76,0.9900620448414756,0.9332366682977297,0.6188826784569268
1427676983.77,0.3595237205201793,0.437588940556562,1.0471444119801263
1427676983.78,0.7905507847777641,0.019497165845223357,1.3164843245050453
1427676983.79,1.328890514247976,-0.3105504241741658,1.3565359281310385
1427676983.8,1.113149252764138,-0.5110079823900643,0.8888025885738464
1427676983.81,1.3854423525408273,-0.4651806136083431,-0.015024114857324022
1427676983.82,1.2427390591052339,-0.7762688118380188,-0.4444451569191479
1427676983.83,0.741378119382012,-1.03869604042964,-0.5122541647789455
1427676983.84,0.3546165659698872,-1.394082249905945,-0.4931251019794529
1427676983.85,-0.4400921208547319,-2.0799143539462355,-0.2558032081939227
1427676983.86,0.25919992546565956,-1.7864001486703132,-0.7476593945249107
1427676983.87,2.0248696665497827,-0.9358723111394297,-1.593365342445175
1427676983.88,2.0828016280985606,-1.2757083705720689,-1.2578339840407962
1427676983.89,1.4345790357364399,-2.6382796419508083,-0.45890300343817736
1427676983.9,1.0991443937087584,-2.6731872166788624,0.14249830310051737
1427676983.91,0.5714136443574442,-1.0476580628617966,0.7821082815631616
1427676983.92,0.3919509815103451,-1.1400601162560935,1.2333141464308013
1427676983.93,0.7644269929149599,-1.7577719111752512,1.6118786898568356
1427676983.94,1.2026713384946845,0.3673005805992477,1.1951646027035576
1427676983.95,1.1407069401677825,1.3080620272674592,0.6739200263458228
1427676983.96,0.7349601394550327,-0.03556717804691411,1.3902796821916095
1427676983.97,0.37503602170353306,0.9318030645962239,0.9354752737436667
1427676983.98,-0.06445460390009608,1.8207887370285845,0.16261661301307223
1427676983.99,-0.1401514152145118,0.25330874871037157,1.3665596707418193
1427676984.0,0.21713499825478014,1.1006905487057823,0.6560261338256276
1427676984.01,0.6887382020524645,3.285467814450396,-1.175253276335566
1427676984.02,1.18528813746968,2.4643450783937637,-0.37325470767136215
1427676984.03,1.349643359613684,1.1516978551193149,0.5653581273857341
1427676984.04,1.646355446752819,0.43300612939242983,1.193374733935522
1427676984.05,1.8629000394466844,-0.10409168252754929,1.018990329828819
1427676984.06,1.1596742328451508,0.7602611783335915,-1.2265831762428383
1427676984.07,0.7639079425280172,0.949581415194988,-1.4968811276054987
1427676984.08,0.7221491032184445,0.5792146219106775,-0.4910904444292262
1427676984.09,-0.5198079971719642,1.4817181901299588,-1.3088283259310238
1427676984.1,-1.7138642257274632,1.7705748624065658,-1.42519240537406
1427676984.11,-1.752530356119213,1.3374566500108855,-0.8113277594726482
1427676984.12,-1.715518451527399,1.1712397155325305,-0.3080138364652494
1427676984.13,-1.2650948448142931,0.6966298508339481,0.7724181179230561
1427676984.14,-0.3125547811227493,0.335501542708738,0.3903784676483943
1427676984.15,0.37745502513443585,0.26020686849020447,-0.9819415976410846
1427676984.16,1.273741326068389,-0.05035041008062489,-0.6302304402568064
1427676984.17,1.3086463755479538,-0.3060619947028219,0.32337532140486214
1427676984.18,0.1591623700482544,-0.1412232653875663,0.44297831389256836
1427676984.19,0.09287802400567136,-0.014331068489362383,0.7320026469133549
1427676984.2,0.37543708985722857,0.33736967335184603,0.8706152247068083
1427676984.21,-0.27281939507780784,1.3029056045278977,-0.11447703345868757
1427676984.22,-0.6798993930433368,1.6564728410520098,-0.6473714793943748
1427676984.23,-1.0263190499371022,1.382824616018783,-0.21651612884254268
1427676984.24,-1.3655796633081339,1.1699427728753178,-0.7160279287957002
1427676984.25,-0.9018103856322741,0.9232814749246795,-1.2750435828030058
1427676984.26,-0.3360715249242448,1.0614506185488781,-0.7289546734453566
1427676984.27,-0.4313219887602882,0.46974321629985394,-0.9906267142117802
1427676984.28,-0.842870539070643,-0.9639270967154597,-1.6309267422023446
1427676984.29,-0.8196805968526512,-1.0934814255473984,-1.1323011367950269
1427676984.3,-0.49695436522363745,-0.7334800989318896,-0.654830810307557
1427676984.31,-0.41835666196939936,-0.8492543933591156,-0.35056416765441767
1427676984.32,-0.21256997772523628,-0.4128400610584333,-0.303228134787021
1427676984.33,0.06399899910807783,-0.015381381820967582,-1.0252139872726997
1427676984.34,0.05050361907744416,-0.24764563920516888,-1.3247785249572406
1427676984.35,0.017109630033950274,-0.6814997947982773,-1.5117772503294238
1427676984.36,-0.02614679723977187,-0.9028899625814555,-1.7803145798206181
1427676984.37,-0.20394710973456626,-0.40334551784901573,-0.9788843342278433
1427676984.38,-0.3526923575635618,0.19551077322671645,-0.2299934855370234
1427676984.39,-0.32170239803622275,0.32107170979544225,-0.11099700708716233
1427676984.4,-0.30361237055832335,0.5034231246487804,0.06419727261098225
1427676984.41,-0.3372747966017069,0.5337151639467174,-0.06407116895145548
1427676984.42,-0.30560956144980334,0.42463248484537713,-0.21188019615595993
1427676984.43,-0.44375140233288957,0.5859612275447976,-0.26456497256625855
1427676984.44,-0.2829937330425729,0.25378267647436076,-0.392956488389376
1427676984.45,0.23789630948668228,-0.40437213482425394,-0.25084345424443966
1427676984.46,0.2553771897520326,-0.4887798753437062,-0.2475509922091372
1427676984.47,0.25479217872432997,-0.430505487784492,-0.07235637955086294
1427676984.48,0.48195741348224375,-0.39338619070848846,0.5145688576060881
1427676984.49,0.4874642942357213,-0.23833173050164666,0.5424129212653743
1427676984.5,0.5655604545821042,-0.11402830426088817,0.3838673609374283
1427676984.51,0.3290726329838766,0.17184904892958972,0.5036077910442829
1427676984.52,-0.3762316690099456,0.5083118574366635,0.635657606954121
1427676984.53,-0.8721724354631246,0.7048530105687041,0.8032140052660742
1427676984.54,-0.5599865265590059,0.5772532603046916,0.7268488146927728
1427676984.55,0.5133712081850914,0.172802416106712,0.7128915167092119
1427676984.56,0.8196403338060285,0.0697144425216905,0.7057428215323697
1427676984.57,0.5552054724803044,0.13152106464987504,0.5966513342028692
1427676984.58,0.8275652283693419,0.10208934375389615,0.8167507074214955
1427676984.59,0.33033019950106374,-0.07292361796400529,0.06469043264679245
1427676984.6,-0.5695524450666483,-0.5106838628290605,-1.3163114544770786
1427676984.61,-0.629530378051139,-0.5881520529566986,-1.4268449374922931
1427676984.62,-0.5172533700151115,-0.40437779980695254,-0.9436088517027793
1427676984.63,-0.1643864128934709,-0.4793341991933059,-0.3596103107748507
1427676984.64,0.3401088509012878,-0.5277529073459469,0.3108575536482037
1427676984.65,0.6922473855713774,-0.6904606521302092,0.7539489194133422
1427676984.66,0.7558550278604435,-0.5610606821707763,0.7078791239174169
1427676984.67,-0.07109333320944594,0.2238425569709956,-0.4996774094518693
1427676984.68,-0.6303198796425592,0.5535585610276108,-1.3203866540010096
1427676984.69,-0.40417317770564265,0.4213569339105563,-1.0628168795108968
1427676984.7,-0.46965962960807656,0.453494037790336,-1.2450034857916747
1427676984.71,-0.22894184918721988,0.20940027633615513,-0.917172523946739
1427676984.72,0.3395199380771916,-0.19064676026911645,-0.013746635191689172
1427676984.73,0.380145891429137,-0.18855907572843528,0.048402102324594104
1427676984.74,0.3017270338802661,0.31808106007348175,0.04283487161603816
1427676984.75,0.2572202554001372,0.7069942221923002,0.24591943863087803
1427676984.76,0.22112909238674744,0.19342256502590766,0.26515934896685733
1427676984.77,0.2677442946827835,-0.38972117152386954,0.36589755793187106
1427676984.78,0.1316849094484504,-0.2782409654044691,0.36874726308669104
1427676984.79,-0.02368708524421198,-0.04291742340482821,0.3032574772622093
1427676984.8,-0.10528585133397057,0.222214669986558,0.31119008764212475
1427676984.81,-0.15559664276541704,0.25062891036155016,0.23444503808988193
1427676984.82,-0.06451500448902583,-0.09828372755846258,0.18275113433489926
1427676984.83,0.03027244368577269,-0.18859162607895802,0.14503577051090014
1427676984.84,0.14951920052165169,-0.19485118730066556,0.06919436777950169
1427676984.85,0.25734068236180013,-0.2468166128377699,0.06417117953821484
1427676984.86,0.35931241735189656,-0.2729140581831118,0.004552358699124737
1427676984.87,0.4867263188641697,-0.3277905599727214,-0.03977138163453617
1427676984.88,-0.06192987303367524,0.20746845509648804,-0.12874248138873098
1427676984.89,-0.8781635904295428,0.7362204093229548,-0.5694249176904442
1427676984.9,-0.731343301624612,0.41816376550030915,-0.7557519646780798
1427676984.91,-0.28592985265512566,0.16980102519948548,-0.42542819396763615
1427676984.92,-0.0947709942369823,0.18661093997006137,-0.20710465868612155
1427676984.93,0.19664207822433524,0.05239905234160285,-0.01203898557092238
1427676984.94,0.11609628726942882,0.12768500619511522,0.04209386428861579
1427676984.95,-0.17684207144400269,0.3049964761524806,-0.19635483863159695
1427676984.96,-0.24397323364436865,0.15390518156049202,0.03155236452576944
1427676984.97,-0.3434204127017619,-0.11255874912813771,0.4908028724813535
1427676984.98,-0.2785500835829707,-0.11252076655057769,0.4934888352541102
1427676984.99,-0.1608747922403236,-0.044017970249051755,0.4276883516458999
1427676985.0,-0.08393825127754834,0.019979765034411158,0.41505486600136027
1427676985.01,0.3561453540316597,0.3093289002552428,0.20763671710234405
1427676985.02,0.7128579670756354,0.489010561570169,0.013395991790075334
1427676985.03,0.7040368832885702,0.3808099132660981,0.003758162855387104
1427676985.04,0.5264202020951627,0.09327882148264059,0.06047239779501934
1427676985.05,0.021952818400912323,-0.32925987936241213,0.03206059492704792
1427676985.06,-0.5798217866005859,-0.6153520087366021,-0.04868472008381797
1427676985.07,-0.901472816837561,-0.7349918420608532,-0.11839883625885472
1427676985.08,-0.8181261996981393,-0.624936922563275,-0.331104698207594
1427676985.09,-0.4879494701103762,-0.3719881081104635,-0.6012757137812286
1427676985.1,-0.31076618395454847,-0.3179183288611543,-0.6567815898330898
1427676985.11,-0.32108205196841555,-0.3210872943567003,-0.7190312623722441
