1427680238.42,4.303696949026532,1.4326636488833198,0.611046297861155
1427680238.43,3.0679982973299014,0.8268907569563231,0.4593166608649202
1427680238.44,2.6208001272721106,0.6344894281647638,0.49334986756113053
1427680238.45,1.2476366104239756,0.7097780155859593,0.13286423749533965
1427680238.46,-0.2381788832004912,0.9858705880014689,-0.26365249729160933
1427680238.47,-0.12862730225598934,0.8013959841433317,0.1291758744447584
1427680238.48,0.2726601287572957,0.15986280200623992,0.8465462643911259
1427680238.49,0.7513140594952488,-0.09543654271332397,1.4833835120529506
1427680238.5,0.3884194953620863,-0.14482995419638117,1.1559935310019338
1427680238.51,-0.9722799548315908,-0.04273071736125539,-0.23866037216680777
1427680238.52,-1.642223577210575,0.08439929649668965,-0.9702980483628062
1427680238.53,-1.1481503982008596,-0.0023383397496718056,-0.8250630906103591
1427680238.54,-0.3231322851489334,-0.13056333219405455,-0.6743624831945016
1427680238.55,0.01064361814598875,-0.12941220218739696,-0.5775033072246522
1427680238.56,-0.02222908253507279,-0.021690063430584244,-0.5947125722575117
1427680238.57,-0.08812282960951684,-0.2797652820025459,-0.4916728507574095
1427680238.58,-0.34680593477550026,-0.88149940883139,-0.279523059655794
1427680238.59,-0.4303504083625085,-0.9208032547668321,-0.24409050385929804
1427680238.6,0.06681071858139565,-0.0480960018047339,0.012600408894378768
1427680238.61,0.47233466761367915,0.8283722016235338,0.36814824515226785
1427680238.62,0.5775239337615033,1.0826119945943207,0.42881752287732405
1427680238.63,0.5200646854262782,1.0001090590792858,0.3542077438889434
1427680238.64,-0.2886265219751952,0.44800875742006563,0.11703363887195414
1427680238.65,-0.8426520520784968,-0.2676304948140273,0.00879456062191264
1427680238.66,-0.30658441111694734,-0.492936178994167,0.4446999367776248
1427680238.67,0.017292686411611857,-0.5407366203619632,0.7793131623240009
1427680238.68,0.26986206505880606,-0.39166009081406267,0.3299998803731095
1427680238.69,0.8211326776308739,-0.07165502131777907,-0.2701994878644225
1427680238.7,0.9097757227772008,-0.0363398556848743,-0.3582877498401196
1427680238.71,0.91684584996346,-0.054263267147624805,-0.30538325819203027
1427680238.72,0.934968131491983,-0.2012190559130686,-0.16441246968636414
1427680238.73,0.7853226898824205,-0.5903426495001523,0.2012213451171938
1427680238.74,0.6087152308190558,-0.6350265222440852,0.22600014057894013
1427680238.75,-0.19110308936995235,-0.34859119250571535,-0.19729000787673207
1427680238.76,-1.106236101201576,-0.21100480240670658,-0.5117429137321857
1427680238.77,-1.2136628520010075,-0.15709366376350037,-0.3632657584426189
1427680238.78,-1.2901507834363055,-0.048183515990866344,0.13996839325024185
1427680238.79,-1.5938160238260282,-0.045888567550245285,0.48115074312871714
1427680238.8,-1.0566693274612198,0.09863473976135612,0.3439010899613083
1427680238.81,0.10535743169032492,0.49848264510368595,-0.012623485938529966
1427680238.82,0.5609993805009168,0.6367205491211678,-0.15715385779341562
1427680238.83,0.4530191068372299,0.5513997982173647,-0.13819340214861267
1427680238.84,0.5110827694423455,0.375831582897295,-0.20838651047193726
1427680238.85,0.5321502044960719,0.04707259447782902,-0.256072682688009
1427680238.86,0.4882836574211835,-0.0018639854208793438,-0.29836041769157273
1427680238.87,0.44794630646783545,0.13289817036534202,-0.346591696535407
1427680238.88,0.38600792281922597,0.1226155793828064,-0.3635152702679052
1427680238.89,0.3215275745287398,0.3034206434793356,-0.44626747126135563
1427680238.9,0.001375665193844272,0.4453486469977713,-0.20798842273271423
1427680238.91,-0.09901916024366696,-0.11607992985431648,0.1861687465668498
1427680238.92,0.060333394243649446,-0.4616086394452552,0.2263045932429834
1427680238.93,-0.440306870153522,0.40754788971185185,0.42552025190917897
1427680238.94,-0.6405914572978499,0.7900167143237649,0.6501242984056564
1427680238.95,0.15539149498071075,-0.08919250013644277,0.4795664704716902
1427680238.96,0.4641113848529343,-0.4107914010872557,0.4139534806178784
1427680238.97,0.3847624486434275,-0.2724062867843835,0.3794489828955522
1427680238.98,0.6055770077731683,-0.4394495891535823,0.3136064523481174
1427680238.99,0.6125495763007738,-0.4401967994880509,0.2562545532546858
1427680239.0,0.7885677559153755,-0.5995774737527044,-0.3305244107750207
1427680239.01,0.6866653062827581,-0.6888995789272334,-0.850756679825926
1427680239.02,-0.5759988955481674,-0.317706732938852,-0.5544894607277712
1427680239.03,-1.4995891943542303,-0.02777478446424686,-0.2402031995340024
1427680239.04,-1.3021936231673024,0.3717317398699775,-0.4444173699724168
1427680239.05,-0.9040869624842949,0.7648022234965406,-0.5507353380187983
1427680239.06,-0.43566392353587025,0.6756715099132573,-0.11681964478388526
1427680239.07,0.06129735710112848,0.41651533524913353,0.3486723355113321
1427680239.08,0.2635281564493598,0.1405893047456518,0.44142065588133705
1427680239.09,0.3067913494763321,-0.11355510449154352,0.58675823770832
1427680239.1,0.39861824003767776,-0.2504481506919721,0.7648453668427114
1427680239.11,0.43618423035071296,-0.328662179299437,0.7540159734027226
1427680239.12,0.4776569201850276,-0.45552643248006297,0.898994789247487
1427680239.13,0.6226157808854809,-0.6057925461534772,1.0072628696119204
1427680239.14,0.6407002035517353,-0.6089490288204165,0.8244223446005852
1427680239.15,0.7607984913212225,-0.5547961677323471,0.3349929837272779
1427680239.16,0.8953835302780899,-0.3708866570313807,-0.4821251549564537
1427680239.17,0.8682700061055915,-0.2837049220798607,-0.873662964708951
1427680239.18,1.3008052807667443,-0.5436025973536283,-0.8667651546654135
1427680239.19,1.1496199003443568,-0.5946879563632328,-0.5552644752368991
1427680239.2,-0.2341627363361289,-0.7104472334791396,0.6886019487539257
1427680239.21,-0.9128602378293275,-0.5632455527406247,1.155634216595076
1427680239.22,-0.7147483251990664,0.6664933165069081,0.17115596407395922
1427680239.23,-0.6937538548495163,1.3026903523618976,-0.1736104886602547
1427680239.24,-0.5249950845582996,0.97183995186704,0.06457408048615498
1427680239.25,-0.1887473413768883,1.0772188690743634,0.21166351681385553
1427680239.26,-0.1770188531999662,0.9725356213716568,0.21424360859074004
1427680239.27,-0.5484439912113775,0.44489541734110594,-0.4088025214990221
1427680239.28,-0.7230681884388808,0.22507486573416574,-0.7130248315118527
1427680239.29,-0.6238703391802528,0.1461698089391243,-0.4315709920610695
1427680239.3,-0.7008541387467994,0.12594375032596913,-0.5016840794363273
1427680239.31,-0.3981073769573762,0.14870225257384667,-0.44764297977020423
1427680239.32,0.25657695497336147,0.10615094074754446,-0.10948202147317532
1427680239.33,0.36265496870402325,0.024402557924009582,-0.18212460999666624
1427680239.34,0.017587208058427554,-0.11641933814631245,-0.5565892594315763
1427680239.35,-0.3318481342211063,-0.3070998436499078,-0.9492842550026991
1427680239.36,-0.38620290414873976,-0.35151625392787705,-0.8926192713207186
1427680239.37,-0.14325427176058242,-0.08977877816563734,0.0915844353214853
1427680239.38,0.06125371069012173,0.06360451890977134,0.8952660680768998
1427680239.39,0.0955607254647097,-0.04112955371326127,0.8728653011541055
1427680239.4,-0.01186057109556013,-0.10793197052742415,1.0550573348776373
1427680239.41,0.16387098773508696,-0.27263577155909074,0.9326394053845902
1427680239.42,0.6254913525445156,-0.43332371962497507,-0.00902184989202337
1427680239.43,0.7619721943378419,-0.3918756194303466,-0.388836600128471
1427680239.44,0.7022241237655142,-0.24440696142385204,-0.2387107915494732
1427680239.45,0.48552499792552295,0.05050956755661096,-0.33313813101082823
1427680239.46,-0.29441400314693406,0.0817481938392448,-0.34868345173326787
1427680239.47,-1.207897502938289,-0.3702480259220179,-0.30886425646737115
1427680239.48,-1.2902335575103707,-0.3977719251285956,-0.29345126662028054
1427680239.49,-0.4626602047494174,0.3601648261589392,-0.15794401010818876
1427680239.5,0.20299850545299686,0.9530406934353851,-0.09528646849881472
1427680239.51,0.26650994203947254,0.978094489474231,-0.0768228424824009
1427680239.52,0.19196229159875075,0.9738679978333272,-0.05301631871858997
1427680239.53,0.18195125674185308,0.926118945726795,-0.09126856295589358
1427680239.54,0.38018735151914507,0.5517439687492157,0.03937179584597275
1427680239.55,0.3772530424635334,0.24748503493753088,-0.13581516044558345
1427680239.56,-0.27659136942076984,0.2307146117039558,-1.179453983292592
1427680239.57,-0.7807841859287366,0.20738194167970475,-1.9541321136787695
1427680239.58,-0.4158773903645125,0.33291621173603947,-1.7029016745839196
1427680239.59,0.44252618193191867,0.594459928896766,-0.9423578414239484
1427680239.6,0.870152969971714,0.2903965611969825,0.22382182974073395
1427680239.61,0.6233302667606839,-0.26550014894743157,1.0901037337149293
1427680239.62,0.4633477910733209,-0.2865979857288433,1.0265398540700779
1427680239.63,0.4813967100110332,-0.15110531216787706,0.7847305541963578
1427680239.64,0.4267630555339381,-0.026742218372366233,0.623110330164361
1427680239.65,0.34209645871561817,0.021493477769474963,0.35131880908894286
1427680239.66,-0.3228282462251744,-0.6826466897555844,0.004586117702101711
1427680239.67,-1.1616472247911926,-1.5004355717999744,-0.44636199284429223
1427680239.68,-1.0357515102879096,-1.2925263173158268,-0.6168945916061114
1427680239.69,-0.40347134610657853,-0.5541517042286346,-0.43544208806697693
1427680239.7,-0.10667938641148468,-0.03886488304825593,-0.4080982096392354
1427680239.71,-0.25838785361905786,0.2638712755477758,-0.7226109779570792
1427680239.72,-0.3634379236892683,0.49758343567505103,-0.8626376080110494
1427680239.73,-0.09183719404295881,0.9577990622199899,-0.11703838512351658
1427680239.74,-0.09888016583632026,1.6505756373008365,0.8172436115778283
1427680239.75,0.0627148101493677,1.7102548371786757,0.840719129544764
1427680239.76,0.8583455725460061,0.7419580567350377,0.5368784497524965
1427680239.77,1.2695365530068565,0.03474206973776403,0.42077914912476544
1427680239.78,1.4282110810284232,0.2899104465452121,0.1386186442390675
1427680239.79,1.1235792840330325,0.14745539456727585,0.06201672942782199
1427680239.8,-0.2143747872606131,-0.7399645933325693,0.3728730642949841
1427680239.81,-1.0058667660053704,-1.1176359947103145,0.4193639004486659
1427680239.82,-0.621247475899976,-0.9145229923993156,0.3307654946067867
1427680239.83,-0.10940632331480199,-0.7929766040651207,0.4798311207974278
1427680239.84,0.09321569976057742,-0.7375717075801056,0.49485349623637237
1427680239.85,-0.11600108532164083,-0.6020694185686094,0.6101267490426915
1427680239.86,-0.5384545792335549,-0.5457387250269918,1.115710610002227
1427680239.87,-0.614073837292454,-0.5112211746433855,1.022821097773028
1427680239.88,-0.2646704344039508,-0.35482106426699644,-0.1635656643711461
1427680239.89,-0.07790587546700681,-0.4135901972416518,-1.3724243277588768
1427680239.9,0.003036983578532798,-0.2352088546291043,-1.458701548632747
1427680239.91,0.33099759930996153,0.6076826620449967,-0.6700131403505849
1427680239.92,0.42169418119129937,1.0157341951258443,-0.263804661543886
1427680239.93,0.3163758907320136,0.978443234544244,-0.4065920179467489
1427680239.94,0.14432861399503327,1.1112190029715303,-0.2062629707712445
1427680239.95,-0.40554772704916264,0.9115187187927795,0.3193223807687917
1427680239.96,-0.7831015669637389,0.6654430321786646,0.5652046257443327
1427680239.97,-0.660600796113358,0.555948553061455,0.5266335778359632
1427680239.98,-0.4520912515348514,0.09627463139048448,0.5104109357885557
1427680239.99,-0.29424864595851863,-0.2440944333945734,0.517289707166744
1427680240.0,-0.11966744318663233,-0.3029067673096879,0.4575641453503364
1427680240.01,0.004650734503836351,-0.5057026726973919,0.4821152200690375
1427680240.02,0.17365565363558802,-0.5098128671219336,0.4097698686612872
1427680240.03,0.6712587050057834,-0.1117573280570952,-0.016707975465221972
1427680240.04,1.0902718348219003,0.16937486611261526,-0.3664231388321654
1427680240.05,1.1100720532065176,0.35069658542911264,-0.4347942501429393
1427680240.06,1.0750153319514302,0.4923623511668083,-0.46639213737418156
1427680240.07,0.9157434316364121,-0.0358550852435483,-0.38592504346019596
1427680240.08,0.7394447316618397,-0.7359445779144282,-0.2817038391763709
1427680240.09,0.5455533024216103,-0.6947541585889407,-0.2836143437452091
1427680240.1,-0.15330747503005726,-0.4209245518446978,-0.17356644869721438
1427680240.11,-0.7939794813064702,-0.2861715509983641,-0.08697048639194044
1427680240.12,-0.7758425112138843,-0.16678912113959005,-0.15488012190634584
1427680240.13,-0.6303460904083834,-0.1043340026386918,-0.1908865350815933
1427680240.14,-0.6152792561388429,-0.007665539055275589,-0.29414203219534274
1427680240.15,-0.4614004584985967,0.06604251287106867,-0.36056417694706255
1427680240.16,-0.1151494766699527,0.16430958468471438,-0.18445015745602011
1427680240.17,0.23725710311492554,0.2777055558802094,-0.046544244454530606
1427680240.18,0.28964043679166634,0.3157203709530204,-0.10130740025902825
1427680240.19,0.12698803141518505,0.49198706101259404,-0.31153753527061606
1427680240.2,0.27983283726218233,0.45472779070712105,-0.31355843236732633
1427680240.21,0.4407645774322626,0.1284448595025616,0.13422713230868027
1427680240.22,-0.0438706888465811,0.3373250425035925,0.21742547584736702
1427680240.23,-0.5126519505398184,0.7872731675261646,-0.07495368282489653
1427680240.24,-0.21166690527671814,0.5653384718916883,0.24892165498714036
1427680240.25,0.36906484853956456,0.11958072466838027,0.9674937581393721
1427680240.26,0.5750057165283927,0.019856220349661002,1.2318765372076812
1427680240.27,0.5005625074972946,-0.28070966200922065,0.7504078102319658
1427680240.28,0.489367624340095,-0.7935072725465002,0.14206132763397095
1427680240.29,0.4472387149218119,-0.8942979564948229,0.0880206810804447
1427680240.3,0.20995765171346342,-0.8086133123884813,0.4009985534141485
1427680240.31,-0.00435207341780941,-0.7945708367708503,0.9079236210796024
1427680240.32,0.029447086020087387,-0.7910885423569075,0.7822980147580965
1427680240.33,0.10841991453346059,-0.7499653742221721,-0.44168837551884044
1427680240.34,0.11885084408013497,-0.6720012751583557,-1.20217639657232
1427680240.35,0.2771017928931831,-0.8938039433645337,-1.122342725028483
1427680240.36,0.12762131393996956,-0.8128550463812622,-0.9138139329170225
1427680240.37,-0.5098402703895584,-0.17252453465419307,-0.31743261222000274
1427680240.38,-0.7547105619077158,-0.044561749038710186,0.16972771174374307
1427680240.39,-0.5951707172727496,0.07162251923048324,0.49672464368396935
1427680240.4,-0.5761163518984167,0.5743516278542391,1.4005899288740602
1427680240.41,-0.4256352967982865,0.6243161064079812,1.8681282575430866
1427680240.42,0.27085607928069044,0.4162995495033433,1.3641176431207314
1427680240.43,1.1885038123115452,0.03771010042502302,1.094664630093916
1427680240.44,1.435031535908118,-0.05574961483924418,0.9162938845796689
1427680240.45,1.0277092119971827,0.5888646434312876,0.04109092846272827
1427680240.46,0.8623101922395079,0.8783314643016061,-0.5793993151164195
1427680240.47,1.2163050889686984,0.7744708590184435,-0.2940670995464091
1427680240.48,1.5112884754828282,0.5988621182012479,-0.2945869899768191
1427680240.49,1.3408987995668376,0.011612090455773605,-1.0811464640891741
1427680240.5,1.339786320852094,-0.3886774272975859,-1.5181001193315464
1427680240.51,1.515033658448054,-0.44852987064929595,-1.2653212233839917
1427680240.52,1.087814662824196,-0.3262406777483566,-1.0207956878721018
1427680240.53,0.48857407845340295,-0.15295307443726808,-0.7900368782931945
1427680240.54,-0.0629415698450233,-0.6075031908097396,-0.3462377003451798
1427680240.55,-0.8284535833975241,-1.143013193883065,0.09897178516903177
1427680240.56,-1.343488661545483,-0.9251780104311467,0.36833650616423314
1427680240.57,-1.5752705552036408,-0.4931375333228585,0.5091940483966004
1427680240.58,-1.5891926063183126,-0.4443683352168537,0.7310084639986558
1427680240.59,-1.3993784306794668,-0.40976767686420024,0.8986847630313721
1427680240.6,-1.4439023402984446,0.3353934057376998,0.7263613122041053
1427680240.61,-1.4910995175989552,1.1841006943476786,0.4999530923004044
1427680240.62,-1.2528176310985673,1.1512309137452335,0.6587042097125744
1427680240.63,-1.000334312181918,0.8778375963973184,1.0188259259002659
1427680240.64,-0.870974217459001,1.0597775920995727,0.8082977807141346
1427680240.65,-0.8219650874596653,1.3742619309337463,0.10593415442779519
1427680240.66,-0.6166864879386658,1.4801326355903102,-0.04206591203348453
1427680240.67,-0.31735353603558514,1.3367029313800471,0.19913092072317157
1427680240.68,-0.059471280676325844,0.9717406287206065,-0.006401941658544019
1427680240.69,0.30034805056489966,0.4550264033726038,-0.3459361604529838
1427680240.7,0.5569646332813645,-0.003951093185840415,-0.5527277352374363
1427680240.71,0.8472673766292658,-0.4762910469463106,-0.9391496454385109
1427680240.72,1.1743558068721678,-0.9583249057026929,-1.185511909147225
1427680240.73,1.1428776575177604,-1.105178158552204,-1.029123946144652
1427680240.74,1.2796481838292915,-1.1550986217703545,-0.850629590031049
1427680240.75,1.123138766777849,-1.148424401766564,-0.43271725446876985
1427680240.76,0.07337695332807881,-0.8752780207715924,0.5722252941024044
1427680240.77,-0.37512934900963474,-0.83141144249711,1.3512411185330442
1427680240.78,-0.5412621094517522,-0.7942829011184125,0.9949829131307442
1427680240.79,-1.5644655297377752,-0.5173228279379121,0.04769208251359913
1427680240.8,-1.9529334222718275,-0.46939253687337457,-0.3481081566637684
1427680240.81,-1.1056114246014248,0.01836532347839298,-0.6219721321842488
1427680240.82,-0.010823293282321567,0.9198175493797818,-1.4664941820450152
1427680240.83,0.37433049890044867,1.1577137247303115,-1.6678059864988746
1427680240.84,-0.11258899357095253,1.176008365741203,-0.985512596925475
1427680240.85,-0.271807208307811,1.3615593304527147,-0.7233926589110841
1427680240.86,-0.49073113884484654,1.3669552752486651,-0.5022346509021172
1427680240.87,-1.0470477789095716,1.190302095334621,0.08779240385113624
1427680240.88,-1.0506879609124027,1.1031302498102593,0.28826089633554214
1427680240.89,-1.5733020201122028,1.4391817961155668,0.23197004958091447
1427680240.9,-1.325750161898022,1.541693375920314,0.0327685683072379
1427680240.91,0.8683931952793051,1.3511711000301116,-0.6589797797529939
1427680240.92,1.7402088108905542,1.5662127669338832,-1.2253978814937407
1427680240.93,1.6805063865945529,1.027696549639844,-0.8364229653345621
1427680240.94,2.4104879506892534,-0.43322088174800605,-0.024701296100394843
1427680240.95,2.5076022064323005,-0.9735413122354744,0.14964327770733823
1427680240.96,2.6193904202234113,-0.8120662174381084,0.0030080098631826424
1427680240.97,2.6658542032369748,-1.5041130785800567,0.0988784219051254
1427680240.98,1.44396550680985,-2.662604237617659,0.14953645377621694
1427680240.99,0.3835440673426873,-3.275256284497459,0.11862438994696611
1427680241.0,0.2022595533986835,-3.7769218987291695,-0.08850645289562808
1427680241.01,-0.26410465361375446,-3.6951987367354686,-0.1877638698991102
1427680241.02,-1.7318238804935775,-1.8976935879515182,0.4276943985191286
1427680241.03,-2.953466630244096,-0.1167766445896099,0.9349045779250146
1427680241.04,-2.988924411785467,-0.02265007210227754,0.7668561517540543
1427680241.05,-2.9828118036497244,0.14718430046986763,0.6165122810592599
1427680241.06,-2.837092606854888,1.6159200861561998,0.6492470321598105
1427680241.07,-2.2838099855028444,3.0610885847453364,0.6910851677144291
1427680241.08,-1.9745121509707977,4.048873757569777,0.7588743954675523
1427680241.09,-1.2701245542823338,4.8888059003322235,0.8208731331080488
1427680241.1,-0.03233682692287232,4.933057707989278,0.6040754511346575
1427680241.11,1.0454942078862248,3.8310480741864517,0.07717773234289305
1427680241.12,1.8638787091564448,1.7159460268538291,-0.23707190776127063
1427680241.13,2.7086549571441743,-0.2979525396188353,-0.4980792526526847
1427680241.14,3.251793847718585,-1.3089520455634407,-0.7728700444297684
1427680241.15,3.084146845987915,-1.7006086521905972,-0.7243112831334884
1427680241.16,3.274253910572938,-1.2637892173548528,-0.8977178282577107
1427680241.17,2.9567586034154196,-1.4903904458051092,-0.8539973974093243
1427680241.18,0.9876333600236178,-3.3436304979564406,-0.14811797649580105
1427680241.19,-0.04030192491988216,-4.129721935277497,0.08480742884051828
1427680241.2,-0.34681112932797087,-3.6759202908944877,0.1051677708040093
1427680241.21,-1.7914226572708958,-3.1788075747993214,0.3418945284216761
1427680241.22,-2.4634424660044347,-2.2458817508482047,0.18028722149677767
1427680241.23,-2.224431675305917,-1.7279189530225387,-0.09743009591194307
1427680241.24,-2.491916902177246,-1.4816643131364895,-0.38388570848277437
1427680241.25,-2.4248601281554483,-0.6740098577829206,-0.6582712501251005
1427680241.26,-1.6230592958263206,0.23445401353496387,-0.8275092487266233
1427680241.27,-0.8582703767582271,1.0975256300357428,-0.7809342823537235
1427680241.28,-0.4519619415173751,1.737567498669517,0.2559257835641463
1427680241.29,-0.22030423788264014,2.0856639505342427,1.3484015639946592
1427680241.3,-0.40098147013375235,2.2269335434266004,1.3748076743633333
1427680241.31,-0.5742823564719448,2.200845885055534,1.2734754400324986
1427680241.32,0.4449321490889868,2.6748949080874116,1.1636443476530638
1427680241.33,1.566032525664528,3.2620425568402007,0.805665551336251
1427680241.34,1.5363370467646709,3.29876468456401,0.6846910259004355
1427680241.35,1.4289493843931145,3.5126035412457877,0.565409082229166
1427680241.36,1.6269611053397663,3.5451014810999206,0.17637001213293813
1427680241.37,1.7806629877324167,2.9059462560948828,-0.10739636453218537
1427680241.38,2.036459411414377,1.8283318022496553,-0.1484212503102006
1427680241.39,2.2853491442221365,0.047777708434415866,-0.23953339077391245
1427680241.4,2.563809252396532,-0.7167986343580695,-0.2498706197943871
1427680241.41,2.692010321985971,-0.5388717902690727,-0.3129523896497913
1427680241.42,2.3691525975338212,-1.8819558512220251,-1.048633133095353
1427680241.43,1.7940988427104123,-3.894601329163554,-2.02704598032502
1427680241.44,0.17490086989254916,-6.502019652854852,-2.4289106996046397
1427680241.45,-2.213771604660687,-8.692613703121314,-2.125875495075906
1427680241.46,-2.8670715249720717,-8.634664574254193,-1.9256112815299549
1427680241.47,-2.9611998155001524,-8.582384083298734,-1.904846872140506
1427680241.48,-4.573898464085426,-6.732955594490525,-0.6343000102092824
1427680241.49,-5.411825668504856,-2.9594676147340637,0.8967656445354786
1427680241.5,-5.455115303668275,-1.059045687530164,1.3786333719901065
1427680241.51,-5.265423528138367,2.235026491620208,2.032393058750456
1427680241.52,-3.2053568171922633,6.8805451854322826,2.4702342260582206
1427680241.53,-1.7784041964357384,9.460400819906699,2.258259543114114
1427680241.54,-0.7909274729187437,10.437334412940832,2.1069318387802514
1427680241.55,2.9835633924660168,9.364238684393776,1.8096729198606627
1427680241.56,5.798272944727399,8.137913440242984,1.7034968508899437
1427680241.57,5.67906622932219,7.862655031325544,1.729066115069355
1427680241.58,5.882795172238978,8.471543271475865,1.9064588237585252
1427680241.59,6.366824941558743,7.923751986996763,1.8740605056151147
1427680241.6,6.0600265882505635,0.8732346241079811,0.10789745526823191
1427680241.61,5.520270988753008,-5.580034932302489,-1.5006755979511401
1427680241.62,5.075384070516817,-6.360345995497179,-1.626096360727748
1427680241.63,3.635279918364443,-9.324405099013987,-2.3271430917341327
1427680241.64,0.6644604546205657,-12.14342449305811,-2.895720929616253
1427680241.65,-1.7210051239855604,-12.006141238021772,-2.5429783285247107
1427680241.66,-3.5586617530742806,-11.777762523612441,-2.25302141562375
1427680241.67,-5.858454938123655,-8.477011610745897,-1.6310830581338807
1427680241.68,-6.712952537332628,-4.615618094645863,-0.9932832956260742
1427680241.69,-6.719109774871879,-4.1167333530352135,-0.8852077787689785
1427680241.7,-7.1586873843964005,-3.7970394112015535,-0.7372531355351248
1427680241.71,-6.647278936687336,-2.1062055143246687,-0.3583721873989145
1427680241.72,-6.030824240549456,0.6796530511962338,0.20616529857329524
1427680241.73,-5.426100949184738,3.684872272255728,0.838326833076869
1427680241.74,-3.2056821518214607,6.425702326261122,1.7939162530400534
1427680241.75,-1.0070181254290187,9.605153526275375,2.8717054050988415
1427680241.76,0.5040890503817614,11.563431648645555,3.044251774820159
1427680241.77,2.8317622529976427,13.506692375300789,3.096401304288664
1427680241.78,4.984372891514714,16.58655268036616,3.4379091911731647
1427680241.79,6.1027696629486154,15.73903885594753,2.5298505553957042
1427680241.8,7.8712000686275125,14.184626562329276,1.188302422786629
1427680241.81,9.481717323152115,14.617737492352576,0.6273038814862142
1427680241.82,9.086794015241775,7.769447979760513,-0.895621792177633
1427680241.83,9.4815729773088,-0.9496344749766727,-3.115827381445084
1427680241.84,10.321293761873672,-2.002437133868498,-3.292802151179359
1427680241.85,10.048686897269475,-3.0083998551886717,-2.7195621834701083
1427680241.86,8.867327771528903,-10.604907165860737,-3.0194451757114527
1427680241.87,2.9760658514420957,-25.078856211912026,-2.4796919909911743
1427680241.88,0.1479631128817669,-35.95400559228251,-2.5864170253540344
1427680241.89,-0.1459751631589583,-37.96321218568561,-1.983004061194304
1427680241.9,-12.760926821587654,-44.37250278476519,2.8663270191604404
1427680241.91,-23.55839588011051,-49.28432669467533,6.6591691241585025
1427680241.92,-28.83047928405639,-39.66425469584056,9.090669182577221
1427680241.93,-36.7541238343846,-19.174724455470248,11.670246965619294
1427680241.94,-31.04981657224993,9.627176426185084,7.931026918050986
1427680241.95,-25.544561229285762,31.814658670866393,3.418650760349367
1427680241.96,-21.357631021441815,40.975786404485746,0.835147293834936
1427680241.97,5.599255492822683,55.02914610408447,-8.389067419836701
1427680241.98,26.34008619027231,65.5971374412443,-15.982028388766238
1427680241.99,27.920320026971776,62.70830461774329,-15.936258225715251
1427680242.0,28.188363657694993,63.80416784681845,-16.319058983059605
1427680242.01,32.706046556427715,59.8493666664744,-16.54079239860261
1427680242.02,49.37913189483655,33.97414493168729,-13.862186872556174
1427680242.03,54.63528356192857,-1.4501401100798326,-7.062938551344564
1427680242.04,42.90344778687432,-35.9932305535448,3.3890628734586157
1427680242.05,32.920422553922926,-57.47864890402806,10.327280925004466
1427680242.06,11.627600604546156,-60.970158357227916,13.477803530336491
1427680242.07,-5.838792120387428,-65.97026490869193,16.930301771545054
1427680242.08,-20.682406054441877,-66.29643102683711,18.49867621114236
1427680242.09,-52.04547891139673,-43.27543217849045,15.266979341476452
1427680242.1,-65.08167197561954,-19.783067958892993,9.928655234751886
1427680242.11,-68.29715838548071,-17.399777888121186,9.263811921814401
1427680242.12,-72.1656989052942,-11.498824862161324,7.599284921760997
1427680242.13,-47.18834095329421,19.593201173342397,-4.167552413041714
1427680242.14,-30.25366284202117,46.361103043197645,-14.10541563354887
1427680242.15,-24.67189812202633,45.81152419738859,-15.114160057871928
1427680242.16,9.281540376416944,41.35461950918589,-17.656199319020434
1427680242.17,34.620828918666746,40.04249803285077,-20.23933576637436
1427680242.18,37.47912460780355,26.679243311371657,-14.984824118948634
1427680242.19,49.1281355160739,5.483574647952144,-6.173628280548437
1427680242.2,56.916992991144674,-9.741220052583026,-0.03598453896930831
1427680242.21,44.983085655642746,-14.460034898613479,4.87672140139506
1427680242.22,29.744045065890816,-18.82500142853992,10.968018949460081
1427680242.23,23.385080018814744,-22.43272912171829,14.373473672932445
1427680242.24,14.275621343482117,-11.704651735005434,13.388389584921043
1427680242.25,1.5119954340868986,1.9884371935902778,12.717093744103236
1427680242.26,0.7061384666149453,4.471569977406242,12.768121028370267
1427680242.27,3.802418364275492,4.123258242382164,10.566182425722488
1427680242.28,1.6405605027222485,6.431868363749334,6.6763774819721995
1427680242.29,2.054320813144216,8.211575933026406,2.4530153350267825
1427680242.3,-1.1881193852362677,5.1340042935341925,-1.7084290356789347
1427680242.31,-13.655058462853141,-7.012652857362812,-6.2773058175826755
1427680242.32,-26.54683545752561,-23.471891964104586,-11.269013828718176
1427680242.33,-41.02395246083205,-30.33520307244672,-14.541898765417077
1427680242.34,-60.9882395990785,-31.0760985122832,-16.816395210553
1427680242.35,-73.96865741418269,-31.431952303229334,-18.194308868345928
1427680242.36,-60.034257971061365,-8.908765838529678,-12.071440140190766
1427680242.37,-28.739632384420318,25.959467803381187,-1.5028804689329522
1427680242.38,-23.94769580260424,36.22224393143311,1.0632655437694822
1427680242.39,-27.92482507357219,35.26763570201517,0.07208133858757115
1427680242.4,22.13287913145397,42.31912837263299,6.527185228558075
1427680242.41,84.06400559585221,51.46422679717432,14.210604634903728
1427680242.42,93.21408851882805,48.03857743226818,14.51304502386278
1427680242.43,94.09944432952678,17.08981770396059,11.444217639924538
1427680242.44,112.29936284599513,-13.64680469386186,10.081966482723384
1427680242.45,92.96131414131784,-25.778255678018535,7.072138056516317
1427680242.46,36.16838278942775,-51.26419725469627,0.051128205309669994
1427680242.47,-0.6241360158932245,-76.50553637503938,-5.230252054813729
1427680242.48,-31.683579982493487,-62.19412866880417,-6.556893783167364
1427680242.49,-83.82950031881147,-40.10786604289052,-8.472845807079345
1427680242.5,-107.8779110023739,-33.15067547158024,-9.683100289824516
1427680242.51,-86.50318107400626,-2.0955602230988006,-5.685567953585551
1427680242.52,-60.91619239606252,35.73126582683859,-0.733703548013132
1427680242.53,-58.41871060692491,39.02646948562149,-0.2201640547197128
1427680242.54,-56.608248337423376,38.86081437779692,0.23118145011377944
1427680242.55,-6.217157169352779,46.58421845934862,4.72023514979476
1427680242.56,52.41159617778223,48.33576361344227,9.431058284966792
1427680242.57,59.34688186377822,43.27455583695394,9.639618550676072
1427680242.58,61.356246352969166,14.734123832515822,6.362139908007498
1427680242.59,73.98727752525978,-12.576391279165504,4.267946022486097
1427680242.6,54.49191509896678,-19.79979021811204,0.8947538026331117
1427680242.61,17.299086455052247,-32.97827099091087,-6.0566532740687595
1427680242.62,-12.686743729791276,-35.009265644861166,-9.813117557714193
1427680242.63,-34.3364576138053,-19.50130462842972,-9.766539208371773
1427680242.64,-40.76487533400167,-12.240646556566741,-9.350803630643695
1427680242.65,-44.912840790101775,-10.039179185662274,-9.657261558573131
1427680242.66,-48.79465793474352,-7.153957840452943,-10.075820316569878
1427680242.67,-23.44660874346776,3.0116295886602638,-3.3108669716012677
1427680242.68,7.1472164652751236,18.239289521981117,5.703332655643037
1427680242.69,12.607576410507452,19.913084963055777,6.761524931336595
1427680242.7,29.381815090724885,10.4243083838746,8.500015441319237
1427680242.71,58.152169057621876,1.6499310049797185,13.205874188971151
1427680242.72,57.413216416013654,-3.628502574335661,12.214982352913136
1427680242.73,35.56866200006925,-12.772311502663511,7.5880948522774485
1427680242.74,20.930373889119508,-24.167689339424317,4.1152974638320305
1427680242.75,1.86138914952552,-21.068275615177342,0.6832300356781298
1427680242.76,-32.2632228806059,-11.945213343482227,-4.442616649675115
1427680242.77,-50.83420549179641,-5.275208731587833,-7.600988984844953
1427680242.78,-47.351734042277144,10.597187078435297,-6.471050946821487
1427680242.79,-41.683023716024564,23.4110274454397,-5.102377901420625
1427680242.8,-41.40503675630662,24.890338038200387,-5.065177942357586
1427680242.81,-45.19913188089097,26.657617909937713,-5.014150033255605
1427680242.82,-18.014353018225442,22.791031264751165,-2.6468264984241
1427680242.83,25.749352208801277,16.063321690379645,1.2044424269364349
1427680242.84,32.54948767634743,14.963317300056314,1.9595557467291798
1427680242.85,36.27224719156138,2.0997855468423925,1.6370819943307922
1427680242.86,47.101734939261384,-17.701507772375653,2.4670991117926007
1427680242.87,31.258155213702636,-21.999181520109975,2.2617438034276045
1427680242.88,14.870674639857485,-21.754572058800985,2.049837266791834
1427680242.89,8.809212086732536,-24.561143422631407,2.151668771900998
1427680242.9,4.224282611359687,-23.77239285458125,1.842258969367431
1427680242.91,6.268814864225822,-23.93035981176787,1.851525995023282
1427680242.92,0.31237492314624227,-16.705514492498274,1.004027452798499
1427680242.93,-14.809406982148584,3.3129909535687063,-1.0911357981551097
1427680242.94,-21.96693736004514,15.892925732038453,-2.3415725973092973
1427680242.95,-21.76565112750706,15.80363218729393,-2.44600876475761
1427680242.96,-19.426486555790476,14.760573846418644,-2.4146827871124796
1427680242.97,-8.814779594385318,12.646882042037504,-1.5359827916639373
1427680242.98,4.668090315648859,9.721458181034869,-0.35994529439343026
1427680242.99,8.247109543145154,7.530233811804019,-0.09594882913864611
1427680243.0,10.98755623307915,2.0816125384466115,0.42864875175280304
1427680243.01,16.03271585018509,-2.6038695010990915,1.0065388540504017
1427680243.02,12.722863013634793,-4.105369510072436,1.1963364964166057
1427680243.03,4.729541023134422,-5.6457933959963125,1.6225998896929208
1427680243.04,-2.7511525066010525,-4.113406681706374,1.2557795628526118
1427680243.05,-8.044795075780687,-0.9365785664784525,0.4550666569316757
1427680243.06,-8.838041952791334,-0.26055858218231265,0.24334806077323923
1427680243.07,-9.202541413954552,-0.34549415926220073,0.20018851971485785
1427680243.08,-9.898402561709325,-0.20086530717089257,0.19427163993295604
1427680243.09,-6.100461913380038,1.2730739082117353,-0.19793909166201007
1427680243.1,-1.1934619078465674,3.260882593359014,-0.6969665467188347
1427680243.11,0.2608565826864645,3.024627176405908,-0.7445451117180675
1427680243.12,3.9512563165504364,0.9568326116118842,-0.610423338065591
1427680243.13,8.983007173262866,-1.3392235594654651,-0.1752510138308383
1427680243.14,9.79446539728972,-2.636544600723769,0.5208983314154061
1427680243.15,9.09793135658828,-3.403997294509326,1.4303313917279545
1427680243.16,6.014818846285597,-3.5050539518549244,2.034167145919341
1427680243.17,1.8656211198279902,-3.015091533146043,2.1637230543095383
1427680243.18,0.09497344784180473,-2.6729797686140953,2.115410150815996
1427680243.19,-4.048640570576458,0.18254201621315547,0.4309422015622322
1427680243.2,-8.461747816269867,3.7398464296249774,-1.7509721982418458
1427680243.21,-8.481839156111162,3.951907016914914,-1.9167816948485115
1427680243.22,-8.466902218108547,3.591465838600386,-1.707401805360416
1427680243.23,-9.296937998567273,4.231380944069633,-2.079013219858413
1427680243.24,-6.845129538917616,4.638862681601832,-2.2981704155188636
1427680243.25,-2.8499912124398636,4.774912597243321,-2.485476220340886
1427680243.26,-0.7587975280131158,4.319401249282304,-2.323836406602926
1427680243.27,2.858129379296281,2.6293069441083254,-1.7037013104536853
1427680243.28,7.545911908620383,-0.2677424574053222,-0.7234104398523726
1427680243.29,8.645433423677114,-2.450374934297736,-0.10978238370743776
1427680243.3,8.426894302365383,-3.525954621243733,0.0031500283240444293
1427680243.31,7.0116505567219685,-4.562849843407005,1.0312781807473461
1427680243.32,3.7976079516913246,-4.44525973682025,2.087318736733052
1427680243.33,2.498096741249684,-3.6697908501418945,2.0525924640992743
1427680243.34,2.3864510010894575,-3.871403049304565,2.1235947167270277
1427680243.35,1.5800970272410153,-3.4547950780900667,1.9919171746878255
1427680243.36,-0.8872980179375536,-0.7954172078001824,0.9226547166356731
1427680243.37,-4.053215128818715,1.8692303065546048,0.0011020152519157257
1427680243.38,-4.41141634130955,2.3396831175846478,-0.264063407041719
1427680243.39,-4.012621346543249,2.162266410088934,-0.3939960804943541
1427680243.4,-4.414105152034539,2.3276643091048324,-0.5145817727469424
1427680243.41,-3.9378005759966372,2.2105285967763417,-0.6018371084208857
1427680243.42,-4.34149774385596,2.280225039695446,-0.7380851672738851
1427680243.43,-4.110512443782674,2.2154550392930044,-0.7417850711458586
1427680243.44,-0.3222895919445379,1.052589604732257,-0.4435456269086954
1427680243.45,3.3115076556780823,-0.2718431405818865,0.07483058291039363
1427680243.46,3.853910830582107,-0.8648632477722916,0.5210325458916307
1427680243.47,2.986444401480066,-1.5691436254178934,0.6533543244672081
1427680243.48,1.950542716899063,-1.9338460734917577,0.5000212023508884
1427680243.49,1.337367918081982,-1.6532351226154405,0.30620005202213024
1427680243.5,1.1737838786678667,-1.7940690514519595,0.25042132593526806
1427680243.51,0.3816502194318796,-0.5698250328902332,-0.10669669203470877
1427680243.52,-0.5871355446828039,1.7455546481892394,-0.6844059506940098
1427680243.53,-0.9354170912829121,2.217817218795599,-0.8750408881633209
1427680243.54,-1.1769211567329307,2.132816816975635,-1.0835245730000655
1427680243.55,-1.0663275708897948,1.9338164078182793,-1.164081741526084
1427680243.56,-0.6638086813641506,1.2390842899508672,-0.996690662928682
1427680243.57,-0.517438323698412,1.1832597875669928,-1.1560600693534915
1427680243.58,0.28970338419990443,0.029523113617934,-0.332752921777242
1427680243.59,1.5781572025638622,-1.7575590240056926,1.3615962603913923
1427680243.6,1.759936513581489,-1.9922784388459924,1.7823311892971336
1427680243.61,1.7019963844041288,-2.106035396413813,1.8501541500422722
1427680243.62,2.0346922763215067,-2.311291943581521,2.209110879524227
1427680243.63,0.9418898319605967,-1.5809000060723088,1.3233748219398487
1427680243.64,-0.6048948068861836,-0.7607835102073219,0.04924101470812975
1427680243.65,-1.0886891215158256,-0.3991817247817674,-0.26313244012750137
1427680243.66,-1.9798956668500733,0.2860986279110452,-0.30043096337216857
1427680243.67,-2.701991149954968,1.2766418899920025,-0.37710370466366183
1427680243.68,-2.3088711662427897,1.6946745828247827,-0.2162165422492837
1427680243.69,-1.796266812779994,2.252967115633351,0.0758420971861502
1427680243.7,-0.8651057663608416,2.6545576559155517,0.22192040757874398
1427680243.71,0.165528636649243,1.6936445152493262,-0.2175880027309433
1427680243.72,0.35277744294166535,0.9003462739585046,-0.9117351554506397
1427680243.73,0.6454371022065132,0.5268370568202849,-1.0113887468175933
1427680243.74,1.9354193697235909,-0.7798772244817589,-0.6393991096488334
1427680243.75,3.0617575991382053,-1.9704368841302737,-0.1456574433145751
1427680243.76,3.1682511684004253,-2.106021547614013,0.03859275507410309
1427680243.77,3.283463844152043,-1.997697343084364,-0.13940203405402413
1427680243.78,2.3763003440485124,-2.0259255201009685,0.32760711549016736
1427680243.79,0.22751570067797777,-1.8560251032585569,1.0539027626944801
1427680243.8,-0.32273301367217283,-1.6490200622914957,1.1855138061509871
1427680243.81,-0.5465234357456324,-1.0562653849893817,1.0992774293015204
1427680243.82,-1.6415345066710754,0.17607367289370546,0.7504867561876709
1427680243.83,-1.743968262266182,0.8117697593988977,0.2957630904121044
1427680243.84,-1.7266425307612914,1.0548321828980385,-0.14013097043405742
1427680243.85,-1.6633758657599493,1.5679422581741553,-0.5492423004127903
1427680243.86,-1.0202304640317101,1.6806531552078778,-0.46548406995649516
1427680243.87,-0.9086516807734724,1.656180874837816,-0.3455178115816228
1427680243.88,-0.9856508703830025,1.776433195265132,-0.326843406853768
1427680243.89,-0.8534560052311505,1.8535845003959364,-0.3076548111806866
1427680243.9,-0.01861657106690867,1.0472863001425656,-0.6305639727692628
1427680243.91,1.2722831799925958,-0.4168487036121003,-1.028800457780581
1427680243.92,1.419166569151769,-0.3327178565859442,-1.3925353313036735
1427680243.93,1.2203249155598832,-0.5824672396981396,-0.8090883501486784
1427680243.94,1.387082482656024,-2.2001848329439055,0.7104444864008704
1427680243.95,1.0736553359799443,-1.3677646922406275,1.000208613739095
1427680243.96,0.6092027888577034,0.23015607183130132,0.454729157994037
1427680243.97,0.23461361135831782,-0.30052353122579906,0.462727480488422
1427680243.98,-0.18457586344014593,-0.8731851127859798,0.3410322808471646
1427680243.99,-0.5416699225970046,-1.2987889927156993,0.057405296179076304
1427680244.0,-0.6305526312511891,-1.5528480162281433,0.18125896832617094
1427680244.01,-0.18493579199200835,-0.6726774050315018,0.3729622225956693
1427680244.02,0.11148956290910056,-0.2780085777399304,0.41281466294713076
1427680244.03,-0.04052083535373496,-0.7872428953534398,0.532265629033091
1427680244.04,0.09845403027191427,-0.5357695455405742,0.18954309372039374
1427680244.05,0.35547792352041824,0.37259204882626673,-0.7463773079250925
1427680244.06,0.41804763991268995,0.4223175871658946,-1.0358196076628863
1427680244.07,0.6248612304434673,-0.4462332339446051,-0.40982179805297975
1427680244.08,0.8446267150914863,-1.1461282203770773,0.3228519250873134
1427680244.09,0.8126563599820615,-1.3400123518141143,0.6094206001783617
1427680244.1,0.4056308517293925,-0.8531007810931679,0.5521637283256751
1427680244.11,-0.2171366644360832,0.08264878433814571,0.5819324452140896
1427680244.12,-0.48279286548156947,0.5409451764436669,0.5449277070278238
1427680244.13,-0.5810154734846517,0.6373773030602271,0.5004315249238531
1427680244.14,-0.6644846784403521,0.7784946620534349,0.4950785726760157
1427680244.15,-0.2640423246472564,0.7282400265660837,0.2553208328339567
1427680244.16,0.2218132020706894,0.6309042494653172,0.02174880722756234
1427680244.17,0.4815570487053233,0.4076474380169294,-0.0714670405850967
1427680244.18,0.7372087615676701,-0.1348192734183689,0.06883075861293417
1427680244.19,0.9583683873172555,-0.3436899673475199,-0.10192004267997262
1427680244.2,1.289160262834616,-0.2710612806402809,-1.010895011290656
1427680244.21,1.4611734013442603,-0.41904631975095563,-1.3547584679154814
1427680244.22,1.2150999257358013,-0.18806170836054914,-0.9500765837593479
1427680244.23,0.7822723325357471,0.1868090975294983,-0.5907180818546482
1427680244.24,0.2256913905916536,-0.03198895431539642,-0.08790860659136257
1427680244.25,-0.17085000859663146,-0.31422513474516234,0.3174026085800286
1427680244.26,-0.4777620699970537,-0.7153760496891631,0.687310812419497
1427680244.27,-0.7418503356795654,-1.0033957092664765,1.0082458705205173
1427680244.28,-0.5954125109427688,-0.08382591125349736,0.5859269210652133
1427680244.29,-0.39989386793193454,0.8009941823071844,0.11273845018382164
1427680244.3,-0.0700552568054307,0.34846780114792764,0.184442878821442
1427680244.31,0.21743257977666142,-0.050135255054674824,0.21087815844340482
1427680244.32,-0.4362447032882952,0.21120666042723554,0.18805767144390773
1427680244.33,-1.0536527498468076,0.41774868053455255,0.19399986662480645
1427680244.34,-1.0317282657228843,0.7900058587269192,-0.06782033544252232
1427680244.35,-1.0618318369176498,1.264576462809527,-0.36081894125243225
1427680244.36,-0.6525081691407455,1.2730743384914156,-0.3050772415145093
1427680244.37,-0.0878811890365363,1.10770531103762,-0.15439216678923412
1427680244.38,-0.022412526518752474,0.9626271401972328,-0.10800293882297049
1427680244.39,0.04199375864845406,0.8104440639273087,-0.041385253542854494
1427680244.4,-0.06049183258850671,0.7886137647915887,-0.030468235299746238
1427680244.41,-0.33308411641594005,0.6791076992941176,0.038837092932093115
1427680244.42,-0.553409437012116,0.7080428621764029,0.09798147904342283
1427680244.43,-0.7395347402267765,0.7948407685624415,0.02480361798640668
1427680244.44,-0.6537175723690305,0.6226008170141586,-0.14030278682747765
1427680244.45,-0.814850480481552,0.743887586088784,-0.7137307019508784
1427680244.46,-0.8287919698388881,0.533161167906105,-0.7695313160130578
1427680244.47,-0.5125172098346924,-0.17337216778519993,0.07714345037858233
1427680244.48,-0.8144826047453713,-0.141854245802709,0.26347050291502094
1427680244.49,-0.5879408368472917,0.09453696504766396,0.05281899199984495
1427680244.5,-0.09280138665440582,0.2723089240477854,0.07029564084260313
1427680244.51,-0.19517128695822128,0.3535388016285675,-0.07181656525714049
1427680244.52,0.5545103381668703,-0.9006581195658028,-0.15976396467070636
1427680244.53,1.0661284779312317,-2.372356077980369,-0.49772626872750136
1427680244.54,1.0516058335803158,-2.0836618387955177,-0.3745692937527431
1427680244.55,1.7254521338511344,-0.7386842063806965,0.5791953488219623
1427680244.56,1.8764702042783983,-0.07464656663295141,0.9229670253557216
1427680244.57,1.8975910617851155,-0.09536474681539284,1.0177295529064558
1427680244.58,1.3584736543273683,0.35182857075895846,0.8242423396938495
1427680244.59,-0.5572594418028016,1.109026745040362,-0.1952266465838135
1427680244.6,-1.2220397697499465,1.541774315201951,-0.4843164542728097
1427680244.61,-0.752272004265997,1.1308257889358906,-0.16660647526800426
1427680244.62,-0.6477114229124418,0.07964885462938005,-0.15440033119940072
1427680244.63,-0.4748996331292217,-0.12657714452093283,-0.010920264364166543
1427680244.64,-0.575902314122008,0.030989627423079646,0.05686698797042568
1427680244.65,-0.512244322812204,-0.1960085830238501,0.11468883733727897
1427680244.66,-0.10246122807833297,-0.018124485490860515,0.1898905926436081
1427680244.67,0.17253948560629867,0.16314558185564523,-0.005480908634782483
1427680244.68,0.7134517377845868,0.4000354701944604,0.014189844316001676
1427680244.69,0.7475158921788041,0.4535091319387301,-0.059185493308397286
1427680244.7,0.06797814535825528,-0.6170247125051329,-0.44442673457477
1427680244.71,-0.31274026094314417,-1.325279750253921,-0.5623322506003676
1427680244.72,-0.5480204243595929,-1.1207993987162748,-0.66583751993604
1427680244.73,-0.6311274505065857,-1.1240374611086,-0.5217031903667488
1427680244.74,-0.36467408125565964,-1.042541065871622,0.13875599588891457
1427680244.75,-0.13260284267261263,-0.6635647541437819,0.5561422238551067
1427680244.76,0.03816846432548093,-0.024175471334983656,0.8025189591520963
1427680244.77,0.16584282811032192,0.655561105555435,0.9410546699205231
1427680244.78,0.07324733405820552,0.8895574867292837,0.5910920279264991
1427680244.79,-0.23674198757242254,1.2763657693105972,0.07395430643369277
1427680244.8,-0.2065810102905533,1.569144088420845,-0.3765782577877707
1427680244.81,0.7022781211555273,0.7876812741974563,-0.42317401851574565
1427680244.82,1.7530784348542439,-0.16766263335961562,-0.03221407631295772
1427680244.83,1.950629356257253,-0.422349263657238,0.09609600235535437
1427680244.84,1.4052458824070235,-0.4162843322172042,-0.027910737983444053
1427680244.85,0.7189177408984511,-0.358747170391299,-0.13020237809451524
1427680244.86,0.30327059984048105,-0.3079074487633975,-0.2320078638725861
1427680244.87,0.26076086007552773,-0.3085969729556605,-0.2385156825490286
1427680244.88,0.3260085689096571,-0.22170230837735108,-0.20296935598107957
1427680244.89,0.2395157402774737,-0.16595604926840765,-0.19032454785197783
1427680244.9,-0.004960333723741127,-0.20279201508012706,-0.1836599528762878
1427680244.91,-0.7047251782039557,-0.31949508461407417,-0.16666324016244521
1427680244.92,-1.541012101381885,-0.5167665258175194,-0.17687015510551002
1427680244.93,-1.3676889450041703,-0.48323251114471977,-0.19122642935001866
1427680244.94,-0.5516790623447962,-0.30460213131999136,-0.1960363400048556
1427680244.95,0.060024532853804644,-0.23185159597332033,-0.2662460353442108
1427680244.96,0.417262671251567,0.11065271551297977,0.036276391065670294
1427680244.97,0.1833675733185256,0.5752645307980374,0.6381479769103531
1427680244.98,-0.11048042971825273,0.6699575892405447,0.8098729816475136
1427680244.99,-0.020196455759558835,0.6630185931606563,0.803102738494189
1427680245.0,-0.09033981939417442,0.6346045634117782,0.6114548517350582
1427680245.01,-0.14487179182772825,0.52009136307201,0.14565376898811078
1427680245.02,-0.15660759666428764,0.5358686491444147,0.10918908564647076
1427680245.03,-0.1663523038928605,0.5064412592925506,0.028660225931328442
1427680245.04,-0.06771047796060997,0.4427446270962641,-0.24892136197438458
1427680245.05,-0.005320593327388476,0.2481797885567017,-0.06484242031336854
1427680245.06,0.5332255920180313,-0.5702993345469209,0.1647792237643176
1427680245.07,0.985715015494876,-1.2589225824622923,0.42839617455839313
1427680245.08,0.3610809269299882,-0.9016940362154073,0.45877916744463576
1427680245.09,-0.8166183270921449,-0.10465250772633294,0.1632128599492833
1427680245.1,-1.6288806149969939,0.30049519798436103,0.3262013476789505
1427680245.11,-0.8138506579263461,0.08437976592239407,-0.2104875998147278
1427680245.12,0.8067620283102458,-0.3189960305816859,-1.2842315515652254
1427680245.13,1.0433679472409711,-0.4034639955614139,-1.3522437502002973
1427680245.14,0.8449734532231411,-0.4040421444949964,-1.3117903293807465
1427680245.15,1.0093892070731822,-0.43891902599478383,-0.4996758378829194
1427680245.16,0.8323212910062843,-0.38604694919016996,1.3545017350203843
1427680245.17,0.6538538019942424,-0.3703031010112775,1.5348857413710681
1427680245.18,0.18603874444592108,-0.3258271495424014,0.27970265693277163
1427680245.19,-0.4756437419121008,-0.22263465666505897,-0.4918591933134965
1427680245.2,-0.4381043068062422,0.0829944552135835,-0.6277394706673811
1427680245.21,-0.24299024111535034,0.9542183759126688,-0.38784559993188805
1427680245.22,-0.24062375738311637,1.6533592590146302,-0.2798842249364533
1427680245.23,-0.07813950474988768,1.158771817033013,-0.3326434643668703
1427680245.24,0.05462404731072118,0.23574563532073448,-0.21638091222613579
1427680245.25,0.12321904097740075,-0.09143930744889583,-0.21544910490038607
1427680245.26,0.15915192432886827,-0.0783251529131234,-0.3393443108269972
1427680245.27,-0.03485018357503915,0.19377434512420993,-0.12355618610941406
1427680245.28,-0.33589123971989854,0.7545819704145347,0.2982560274282704
1427680245.29,-0.4439982506986079,0.8944424191245519,0.3916947721638064
1427680245.3,-0.22679071273367296,0.2757733050618997,0.4574926214963993
1427680245.31,0.02547533029776783,-0.5044962551179256,0.7174288470964834
1427680245.32,0.04850484007246475,-0.7659853917510125,0.6470335076334677
1427680245.33,0.07724970347301469,-0.7460682998543092,0.32084858075807554
1427680245.34,0.0782662671903086,-0.9347968550780076,0.025701544164763335
1427680245.35,0.04637492869019161,-0.8602861206828346,0.09252853564888674
1427680245.36,0.11119756655921642,-0.388302652145015,0.9902806969474133
1427680245.37,0.06897688725763867,-0.10565541426449304,1.6028289779692972
1427680245.38,0.05724667826718677,-0.03622430343556027,0.8069647097656252
1427680245.39,-0.06310146481616574,-0.08164670040748931,-0.14481533650208256
1427680245.4,-0.2029622874525703,-0.11829733403121193,-0.32890303379838925
1427680245.41,-0.1226270473678149,-0.07870136228040443,-0.2967999117336108
1427680245.42,-0.47411703654364223,-0.23697317432680354,-0.19100450970522403
1427680245.43,-0.19092103133488061,-0.09171372950410708,-0.3557207576146995
1427680245.44,0.9407907608552808,0.5619447723390529,-0.9018496253799757
1427680245.45,0.624961780016297,0.8280888898270694,-0.9586541405940201
1427680245.46,-0.18875675817043713,0.7520241267053477,-0.6671069124698472
1427680245.47,-0.023363192742456795,0.7235760793147903,-0.4929637273821075
1427680245.48,0.1349978330104006,0.5316988340819034,-0.031211730527201803
1427680245.49,0.29317894502136393,0.3042804304345086,0.3821494093760315
1427680245.5,0.33475768466581796,-0.003698559816898747,0.1688209984427303
1427680245.51,0.12209843502208721,-0.3764390368309552,-0.21782757503176037
1427680245.52,0.09261307946157973,-0.4814366269499093,-0.3264834139771571
1427680245.53,-0.008685988894861843,-0.5192370323673903,-0.3528953723127871
1427680245.54,-0.11340419549287004,-0.44148642624555295,-0.3124780549265757
1427680245.55,-0.5218379770110368,0.026527070817721765,0.11011306910664814
1427680245.56,-1.0028686052784095,0.5391553916618133,0.5642621293244693
1427680245.57,-0.3977181112798228,0.8010010662213671,0.5215697697212519
1427680245.58,0.35179076652108554,0.7465979125202981,0.29718936751305397
1427680245.59,0.5144352482621438,0.2004953398805767,0.05924239156765229
1427680245.6,0.8706064386577268,-0.6793160151060923,-0.33693074278859253
1427680245.61,0.8947567635632134,-1.0829040944706878,-0.4726884413708563
1427680245.62,0.331430811696075,-0.7237842347160323,-0.16912956432332873
1427680245.63,-0.13258688362487045,-0.3815991873190431,0.11545157818188995
1427680245.64,-0.3361834795889074,-0.2501159237617099,0.22523131277631672
1427680245.65,-0.1456575636351099,0.0444466559323569,0.2971928304111541
1427680245.66,0.16945120366128774,0.30744373526349034,0.30255396435576015
1427680245.67,0.21339552307418502,0.358753301071992,0.34124593732373704
1427680245.68,0.1872695117377648,0.38297287149336895,0.4838946728224153
1427680245.69,0.18295673866508216,0.3969231871812663,0.4918156515508998
1427680245.7,0.1296054846256774,0.2334816101943073,0.353040649340379
1427680245.71,0.08942258843191075,0.15804131679541414,0.29002388963351866
1427680245.72,0.27681175605657893,0.2408316009206709,0.4197305245376226
1427680245.73,0.5035204173978992,0.1637913366241294,0.43129272839821076
1427680245.74,0.3347978642027776,0.09781807133702605,0.00980269578895586
1427680245.75,-0.00448636726117627,-0.1329458989434391,-0.39006694488812993
1427680245.76,-0.28504037972315144,-0.3565086768495848,-0.7687063439083296
1427680245.77,-0.40481579878529617,-0.4740632323576658,-0.8174932286665623
1427680245.78,-0.26842537050216614,-1.2845321410269657,0.22837339518662786
1427680245.79,-0.2516091086930753,-1.1973714680700833,0.5656788463725819
1427680245.8,-0.552725601000317,0.3548276650964471,-0.45062937765013117
1427680245.81,-0.8151949238069611,0.8037092973023399,-0.649994404820242
1427680245.82,-0.7682520231746285,0.5849083687377958,-0.36396349783888304
1427680245.83,-0.935867109964758,0.8484577955243422,-0.41942943227862917
1427680245.84,-1.0124159548723843,0.8931969211183375,-0.2941326253004025
1427680245.85,-0.13437389126684918,0.857335869104282,-0.07359608973133117
1427680245.86,0.45255584216694483,0.8162997273049877,0.2976165836212633
1427680245.87,0.7147168724311914,1.0978396177774832,-0.04007794674856341
1427680245.88,1.6072556285044592,1.642116871731397,-1.170564496538969
1427680245.89,1.7102640227512653,1.540223401924183,-1.5021653613296664
1427680245.9,1.266081356092291,0.9021757560818153,-1.2511262181113072
1427680245.91,1.2159643081977327,-0.23226506086545606,-0.671648244397438
1427680245.92,1.1297273818158595,-1.483622429900059,0.1267268505911231
1427680245.93,1.3983517051702328,-1.8498659005130533,0.1208410377825041
1427680245.94,1.6319965545534065,-1.7956792224825338,-0.02997708789865028
1427680245.95,2.0495652926816934,-1.9734338522627777,-0.19274780822972226
1427680245.96,2.4130999707538883,-1.9099785415109554,-0.5956601061947926
1427680245.97,1.0948760156532316,-1.6839851524722838,-0.2979755867681795
1427680245.98,0.1419239950679455,-1.7904528525248116,-0.27123930325390855
1427680245.99,0.308469125301902,-1.4657001215523136,-0.35003352298544954
1427680246.0,-0.49246398266407654,-0.4191263650253328,0.6666989461583577
1427680246.01,-0.7766994494884496,-0.047404297987289734,1.1100222155577435
1427680246.02,-0.17061553990740574,-0.5096785688731118,1.183515192173379
1427680246.03,-0.44304156887818946,-0.43469822710981654,1.812107480958419
1427680246.04,-0.8673477174827089,-0.0649558267082272,1.6093611347796228
1427680246.05,-1.0056904593104383,-0.2823896566715758,1.1374113351445716
1427680246.06,-1.3058844534267326,0.20745909855201028,0.9226959480296117
1427680246.07,-1.3043481842561588,1.447398723413212,0.4699457789524587
1427680246.08,-0.8911638042757986,1.5110486766577556,0.3659553376116218
1427680246.09,-0.5221815209528136,1.1489956543277735,0.31664292969451135
1427680246.1,-0.1103368061382839,1.150905882738869,0.2095562640851194
1427680246.11,0.2014276212009022,1.035487825701486,0.10135986604099467
1427680246.12,-0.36613313658180957,1.481139029398751,-0.4900108945033646
1427680246.13,-0.8501322258555404,1.8884996253963946,-1.1868502452692895
1427680246.14,-0.18128538202018496,1.5690711654014606,-2.0112770807412907
1427680246.15,0.3789173546655116,1.3856502933361183,-2.6430949024648562
1427680246.16,0.5463585393703067,1.6155239122529625,-2.635667994703197
1427680246.17,0.7959449274581747,1.8074099564837776,-2.4881335659436905
1427680246.18,0.7307255091489874,1.3648349732695775,-1.74042812336608
1427680246.19,0.7466058836573594,0.6624350388521965,-0.6213154738539336
1427680246.2,0.9194817945939842,0.37007422489971503,-0.19374998406442215
1427680246.21,1.3537565357274732,0.7728844800056276,-0.5101462141885955
1427680246.22,2.0285921369801083,1.550693251564128,-1.1712498649439687
1427680246.23,1.1052856237705937,0.7629241316015485,-0.8177816662425096
1427680246.24,-0.48255320791429157,-0.7391450357387286,0.19793736106291118
1427680246.25,-0.09720174542141294,-0.09889691379613585,0.06844676337182887
1427680246.26,0.8633475332501885,1.3945217637750253,-0.10614690978310182
1427680246.27,1.277487739369365,2.152139443816595,0.23447440994780322
1427680246.28,1.6467915781012545,2.5320587098408533,0.19384993838741726
1427680246.29,0.9880653225331546,1.5977668573627222,0.8427306980412839
1427680246.3,-0.41530522734239805,-0.7755974587626714,2.0808767630972094
1427680246.31,-1.1192471242357436,-2.599929714599001,2.324839101513863
1427680246.32,-0.5829753356071676,-2.7537946944210034,1.9379236197021972
1427680246.33,0.16705153509218618,-2.440171348130521,1.776114518446918
1427680246.34,-0.4428747514138993,-2.821800974300456,1.8436930068293256
1427680246.35,-0.8872023000047837,-3.0993517217752067,2.045690782110673
1427680246.36,0.03368971946079946,-2.7182869623111605,2.0714659277946916
1427680246.37,0.9759659359746415,-2.283257991170692,1.9743074215751264
1427680246.38,1.6996764120967136,-1.9354495685263182,1.912956340040883
1427680246.39,2.1026952179985203,-1.5705483308082946,1.6217751913559604
1427680246.4,2.934875034872019,-1.3464184600794333,1.675929677440928
1427680246.41,3.5118554084123614,-1.0256304976119122,1.7259880701898218
1427680246.42,0.8567669575020663,0.18009312860343876,0.5544670651302864
1427680246.43,-1.906159078043832,1.64834024684622,-0.42007072875420964
1427680246.44,-0.7612641818048096,1.9197128205464153,0.04803612896142828
1427680246.45,0.8710383467033211,2.0751854260649236,0.7838683992851375
1427680246.46,-0.6270262646748676,2.3032256131944813,0.325486787254614
1427680246.47,-2.551609833557867,1.8705860996628516,-0.5570373967510938
1427680246.48,-1.1095640731775518,2.661091089779064,0.4579754493180821
1427680246.49,-0.3193826143897671,2.6677443479046934,0.8893837849127265
1427680246.5,-2.4753440963013005,0.6022427916964409,-0.7340488778032718
1427680246.51,-2.177969378539656,0.7015899982651671,-0.38164661723798443
1427680246.52,-0.7688691963065017,0.7461596551364659,0.26391155756968954
1427680246.53,-0.6752089112436516,-1.233556029459055,-0.573988105268346
1427680246.54,0.38334859637619567,-1.232738275355053,-0.015821020324605806
1427680246.55,0.08136098656131763,-0.8479293379718544,0.19226558531737686
1427680246.56,-1.0060425366163843,-1.2350283339577186,-0.1966765469638796
1427680246.57,-0.6425723683774354,-0.670661543237925,0.3724540803385832
1427680246.58,-1.6683179659424856,-0.629711604101788,-0.13967875537259195
1427680246.59,-3.035021501542666,-0.5416483860871737,-0.6625497193821409
1427680246.6,-2.4789654650425708,-0.13878705993712093,-0.19109219026471058
1427680246.61,-1.513960014390342,-0.8134423866612784,-0.7275881351168205
1427680246.62,-0.8309256039171995,-0.9763059382549334,-0.9444204568172339
1427680246.63,-0.3293812823268212,-0.18518729504611467,0.39003731547404374
1427680246.64,0.04908462658296557,-0.08345929404176668,0.37936416441243725
1427680246.65,0.3771103202488778,-0.5833901990539693,-1.3599054805203343
1427680246.66,0.5948590953092309,-0.543999442185471,-1.5670197059442001
1427680246.67,0.5376350718700279,-0.14603556644700738,-0.7357995538509847
1427680246.68,0.04204844745360305,-0.027571308824528906,-0.5112490129444011
1427680246.69,-0.2595676276888298,0.16149609539442414,-0.0398251631581743
1427680246.7,-0.2991048961549001,-0.16933051726693807,-0.07371466609666397
1427680246.71,-0.4300247699391499,-1.0078575332155202,-0.4124622165031662
1427680246.72,-0.4678133447208575,-0.8218670319841919,-0.13779606910433395
1427680246.73,-0.6572547709015667,-0.046298219671547694,-0.3943966379942477
1427680246.74,-0.8979305343039418,0.5164175548259423,-0.41928468819470033
1427680246.75,-0.770506077196362,0.7037794852656816,-0.13885433702721336
1427680246.76,-0.3874011023596098,-0.05167990289292751,-0.9012046330978591
1427680246.77,-0.01747382612122806,-0.7760697419930151,-1.3612768703154317
1427680246.78,0.07355165076884425,-0.6760040438001552,-1.129282615580243
1427680246.79,0.11119528538574511,-0.6188915857446747,-0.8176173559305016
1427680246.8,0.2878692422735723,-0.8074219923624767,0.2679191195294647
1427680246.81,0.3440210979854679,-0.8484423114648547,1.0919562106901513
1427680246.82,0.26160432313326387,-0.6372669005047115,0.5158262166259331
1427680246.83,0.08456639291112394,-0.34575690069070225,-0.22061084445065315
1427680246.84,-0.0901288035647393,-0.25991042621478455,-0.4650174771471658
1427680246.85,-0.34713428861100615,-0.3129511941235612,-0.600471312561356
1427680246.86,-0.7922070813875988,-0.430707600996155,-0.5397993870434064
1427680246.87,-0.8273657344002683,-0.45198049857147155,-0.6228780589254729
1427680246.88,-0.32736657144143555,-0.05363313529782385,-0.8338944777806512
1427680246.89,-0.007083134462615048,0.25011303531273865,-0.8269540678979392
1427680246.9,-0.06403531197981269,0.031544298014375916,-1.0886874669527322
1427680246.91,-0.09185568296807803,0.0972813565389648,-0.9275924915516718
1427680246.92,-0.0829255460850187,0.5961796926197548,-0.09826153894908059
1427680246.93,-0.22975090242609397,0.7050660664084852,0.0441609358017184
1427680246.94,0.2448592257606892,0.5317510496975624,0.34864989560676396
1427680246.95,1.488561219074618,0.5348677679353645,1.5295337264545135
1427680246.96,1.7974603108412197,0.4258815427882325,1.8684744943211091
1427680246.97,0.4635941215007465,-0.2966127447258955,1.170849850351474
1427680246.98,-1.1055125873779597,-1.348910219186564,0.7680796383847734
1427680246.99,-1.3390742881282407,-1.434838359193085,0.6065556655259506
1427680247.0,-0.40079738910830154,-0.2144484266207493,0.23204045957212877
1427680247.01,0.24596310346231892,0.8350849549171684,0.17063884190417272
1427680247.02,0.308125338542217,0.7960378524835672,-0.06455964242631534
1427680247.03,0.24009430938922885,0.39219579948767186,-0.9005712902145809
1427680247.04,0.17175603241183185,0.27080819576656984,-1.2004456881504604
