1.42761879311E9,0.3668143967854298
1.42761879312E9,0.4229408338006453
1.42761879313E9,0.33713478029527627
1.42761879314E9,0.2843349379193746
1.42761879315E9,0.170604064103063
1.42761879316E9,-0.22333978755102052
1.42761879317E9,-0.44630434815314385
1.42761879318E9,-0.275983048853107
1.42761879319E9,0.08472795206998178
1.4276187932E9,0.16041572991602174
1.42761879321E9,-0.3038455065332566
1.42761879322E9,-0.7409667241452632
1.42761879323E9,-1.0011302673203644
1.42761879324E9,-0.9581758275568008
1.42761879325E9,-0.07675334670465561
1.42761879326E9,0.7784231179618266
1.42761879327E9,0.7928037687326361
1.42761879328E9,0.8681306056087409
1.42761879329E9,1.1288647069032751
1.4276187933E9,0.519769902918395
1.42761879331E9,-0.5267955769642483
1.42761879332E9,-0.6929784038519705
1.42761879333E9,-0.09286522332329358
1.42761879334E9,0.5720037456917156
1.42761879335E9,0.7633253430036728
1.42761879336E9,0.03199090617008837
1.42761879337E9,-0.8167135065426898
1.42761879338E9,-0.9695695274198735
1.42761879339E9,-0.739663224739183
1.4276187934E9,-0.11131626214963047
1.42761879341E9,0.6033559628869093
1.42761879342E9,0.636021611666175
1.42761879343E9,0.3645491840547581
1.42761879344E9,0.2467055648011006
1.42761879345E9,0.117209523832147
1.42761879346E9,0.10793692371909186
1.42761879347E9,0.08567094042871137
1.42761879348E9,-0.0651821748789626
1.42761879349E9,0.022074799458823024
1.4276187935E9,-0.13134791945985244
1.42761879351E9,-0.6125614941259074
1.42761879352E9,-0.5986186816241021
1.42761879353E9,-0.6049310583670259
1.42761879354E9,-0.7381952351075282
1.42761879355E9,-0.38818636296753883
1.42761879356E9,-0.028640781621413005
1.42761879357E9,0.6346271335133521
1.42761879358E9,1.161469006776267
1.42761879359E9,0.45021315044493976
1.4276187936E9,-0.01713384590479437
1.42761879361E9,0.22515789661632965
1.42761879362E9,0.03937685114708672
1.42761879363E9,-0.022917114123553475
1.42761879364E9,0.3064951496138124
1.42761879365E9,0.3997700463586611
1.42761879366E9,0.2890903903620756
1.42761879367E9,0.4047052037332014
1.42761879368E9,0.3351599268800954
1.42761879369E9,-0.28916862465704946
1.4276187937E9,-0.6346605032791928
1.42761879371E9,-0.9411492467498546
1.42761879372E9,-1.1423032504122117
1.42761879373E9,-0.8729193972534534
1.42761879374E9,-1.4238045828508186
1.42761879375E9,-0.9194694915105556
1.42761879376E9,1.4116793512094976
1.42761879377E9,1.940580640814547
1.42761879378E9,1.5113149293196724
1.42761879379E9,1.1631468440207593
1.4276187938E9,-0.4055534238211166
1.42761879381E9,-0.7199770208568947
1.42761879382E9,0.08744465131309509
1.42761879383E9,-0.24033011700043783
1.42761879384E9,-0.5111526349283435
1.42761879385E9,-0.44718952608588447
1.42761879386E9,-0.22935592706343924
1.42761879387E9,0.28374369826616075
1.42761879388E9,0.3151776890566076
1.42761879389E9,0.3289962543372975
1.4276187939E9,0.4319947869989975
1.42761879391E9,0.21246284624300762
1.42761879392E9,0.2093799692219539
1.42761879393E9,0.15940004120866957
1.42761879394E9,-0.2384498668336477
1.42761879395E9,-0.451446766538326
1.42761879396E9,-0.4918193770037146
1.42761879397E9,-0.5794330770642178
1.42761879398E9,-0.5492237607874606
1.42761879399E9,-0.5893144501177038
1.427618794E9,-0.6762788152336685
1.42761879401E9,0.00963498483311594
1.42761879402E9,0.9827323144465759
1.42761879403E9,1.0883595867434033
1.42761879404E9,0.8447487919390801
1.42761879405E9,0.5157858366772003
1.42761879406E9,-0.03530525636719755
1.42761879407E9,-0.17704323409786538
1.42761879408E9,-0.20328903082422467
1.42761879409E9,-0.4094702514148938
1.4276187941E9,-0.38329256368718706
1.42761879411E9,-0.45893245880079503
1.42761879412E9,-0.5323479010855456
1.42761879413E9,-0.05103817113173437
1.42761879414E9,0.5233747294357436
1.42761879415E9,0.7325188261876057
1.42761879416E9,0.6699923152209242
1.42761879417E9,0.2663911404006375
1.42761879418E9,-0.3496211645469272
1.42761879419E9,-0.44863805953631364
1.4276187942E9,-0.019512066008418538
1.42761879421E9,0.011007108739830823
1.42761879422E9,-0.22950061595693655
1.42761879423E9,-0.3565845017755138
1.42761879424E9,-0.6709304634882567
1.42761879425E9,-0.6792652965310113
1.42761879426E9,-0.4113387231641118
1.42761879427E9,-0.2865508062916533
1.42761879428E9,0.3855647552481593
1.42761879429E9,1.0988327633457509
1.4276187943E9,1.211792352099935
1.42761879431E9,1.187382239199857
1.42761879432E9,0.3849061871178366
1.42761879433E9,-0.6934689676169127
1.42761879434E9,-0.5414807937791888
1.42761879435E9,0.1837019224473319
1.42761879436E9,0.6371689918463089
1.42761879437E9,0.5323758129048665
1.42761879438E9,-0.04013681564636473
1.42761879439E9,-0.25915739965337525
1.4276187944E9,-0.4981827246706435
1.42761879441E9,-0.9703871305672205
1.42761879442E9,-1.045397182606091
1.42761879443E9,-1.0112299174920114
1.42761879444E9,-0.7380554095149243
1.42761879445E9,-0.32140774074189027
1.42761879446E9,-0.2464563666871482
1.42761879447E9,0.25734560262235806
1.42761879448E9,0.8667014360443497
1.42761879449E9,0.9174415207433441
1.4276187945E9,1.1231204554720007
1.42761879451E9,1.09700269727821
1.42761879452E9,0.649847843965722
1.42761879453E9,0.45626806543798937
1.42761879454E9,0.07857803605819037
1.42761879455E9,-0.360554566900631
1.42761879456E9,-0.33942128041860076
1.42761879457E9,-0.2581765477225834
1.42761879458E9,-0.29911399184365745
1.42761879459E9,-0.49157390378430554
1.4276187946E9,-0.7089657617426206
1.42761879461E9,-0.7467188702016245
1.42761879462E9,-0.722978325748316
1.42761879463E9,-0.4679682312209075
1.42761879464E9,-0.0829213556167418
1.42761879465E9,0.17818717302062326
1.42761879466E9,0.4604867291313643
1.42761879467E9,0.533524750654099
1.42761879468E9,0.39727587391429764
1.42761879469E9,0.3702377348965101
1.4276187947E9,0.3126530666078009
1.42761879471E9,0.20884666480168187
1.42761879472E9,0.12215236517999184
1.42761879473E9,0.03595509925065286
1.42761879474E9,0.006629297348556228
1.42761879475E9,-0.009886237585660623
1.42761879476E9,-0.006765892261131749
1.42761879477E9,0.016463386399808065
1.42761879478E9,0.3384147210143139
1.42761879479E9,0.6167526474811569
1.4276187948E9,-0.3111457544050342
1.42761879481E9,-1.2555700258484
1.42761879482E9,-0.6539145153338626
1.42761879483E9,-0.082593432643817
1.42761879484E9,-0.12903464731516684
1.42761879485E9,0.08745030881693461
1.42761879486E9,-0.07024945758612552
1.42761879487E9,-0.4815451368629059
1.42761879488E9,-0.22502922372669493
1.42761879489E9,0.6305383299872084
1.4276187949E9,1.2839720818639258
1.42761879491E9,0.862910130673672
1.42761879492E9,0.17984089733303676
1.42761879493E9,0.10771484732295447
1.42761879494E9,0.10368053456131596
1.42761879495E9,0.27288773118869325
1.42761879496E9,0.09212366601718934
1.42761879497E9,-0.8494721830538359
1.42761879498E9,-1.101940101093905
1.42761879499E9,-0.8397603608197288
1.427618795E9,-0.7939372047907638
1.42761879501E9,-0.18982516049856246
1.42761879502E9,0.44753988374754383
1.42761879503E9,0.5874350869781884
1.42761879504E9,0.7283339282462239
1.42761879505E9,0.4892195101855207
1.42761879506E9,0.11909986439227974
1.42761879507E9,0.11769143215985943
1.42761879508E9,-0.1923867955963227
1.42761879509E9,-0.47596614744569327
1.4276187951E9,-0.3905057049241861
1.42761879511E9,-0.6568670102024614
1.42761879512E9,-0.4243532426905142
1.42761879513E9,0.5537485133051683
1.42761879514E9,0.6703526204877506
1.42761879515E9,0.3831793317642494
1.42761879516E9,0.4906425416623797
1.42761879517E9,0.23625166914765972
1.42761879518E9,0.07347355854407339
1.42761879519E9,0.26032945241385497
1.4276187952E9,-0.005600676051934355
1.42761879521E9,-0.29863849627142347
1.42761879522E9,-0.268810304665452
1.42761879523E9,-0.422224616222585
1.42761879524E9,-0.5534258253894214
1.42761879525E9,-0.4627518203912052
1.42761879526E9,-0.4959636111960784
1.42761879527E9,-0.4296106055183707
1.42761879528E9,-0.03180028066088018
1.42761879529E9,0.3331044433591095
1.4276187953E9,0.7757828435397276
1.42761879531E9,1.2165964795066357
1.42761879532E9,0.9317243273246507
1.42761879533E9,0.35249035773501786
1.42761879534E9,0.10393194982943829
1.42761879535E9,-0.2923066657772554
1.42761879536E9,-0.6579937651667058
1.42761879537E9,-0.6376721974970454
1.42761879538E9,-0.6956915397048642
1.42761879539E9,-0.6279541697338679
1.4276187954E9,-0.09724313559440831
1.42761879541E9,0.3306420550946326
1.42761879542E9,0.3884566445084747
1.42761879543E9,0.292366559178841
1.42761879544E9,0.13598350737513387
1.42761879545E9,0.12635948188420937
1.42761879546E9,0.255157035011949
1.42761879547E9,0.142979411274481
1.42761879548E9,-0.0578548010318394
1.42761879549E9,-0.07360800085615209
1.4276187955E9,-0.2275892686538389
1.42761879551E9,-0.3931312448419486
1.42761879552E9,-0.42787383600498197
1.42761879553E9,-0.6505382955100907
1.42761879554E9,-0.37819170823929926
1.42761879555E9,0.498428894659675
1.42761879556E9,0.7298294861672219
1.42761879557E9,0.5081939354845811
1.42761879558E9,0.5052043143756573
1.42761879559E9,0.32479685015009263
1.4276187956E9,-0.019843513725223066
1.42761879561E9,-0.25261191951786627
1.42761879562E9,-0.3171195676359094
1.42761879563E9,-0.2492951236830141
1.42761879564E9,-0.2425084374074262
1.42761879565E9,-0.1901002492402105
1.42761879566E9,0.011863014267050581
1.42761879567E9,0.22185915416676458
1.42761879568E9,0.31670877623803934
1.42761879569E9,0.2908295629154868
1.4276187957E9,0.42723587988941925
1.42761879571E9,0.6952050868043207
1.42761879572E9,0.4926823144535667
1.42761879573E9,-0.3980487969855145
1.42761879574E9,-1.1983261953492772
1.42761879575E9,-1.3147622879230234
1.42761879576E9,-1.3860053884400325
1.42761879577E9,-1.2979793665227972
1.42761879578E9,-0.23599372546917122
1.42761879579E9,0.8734602278754677
1.4276187958E9,1.17938470306974
1.42761879581E9,1.087987610184091
1.42761879582E9,0.7526437516112281
1.42761879583E9,0.54023592864255
1.42761879584E9,0.5646115283739136
1.42761879585E9,0.3349045787541131
1.42761879586E9,0.038452721103664364
1.42761879587E9,-0.114952541195447
1.42761879588E9,-0.27658147402242195
1.42761879589E9,-0.17902693372094403
1.4276187959E9,0.240739180462987
1.42761879591E9,0.21640228199079573
1.42761879592E9,-0.5362063892909763
1.42761879593E9,-0.9286137252699782
1.42761879594E9,-0.689477923346109
1.42761879595E9,-0.6971031359135074
1.42761879596E9,-0.5008245059864125
1.42761879597E9,0.2532277011170568
1.42761879598E9,0.5738901787661899
1.42761879599E9,0.4853369576968267
1.427618796E9,0.5452838321154475
1.42761879601E9,0.6139369776762416
1.42761879602E9,0.7313156427844002
1.42761879603E9,0.5845317628073934
1.42761879604E9,-0.13391556117791992
1.42761879605E9,-0.614694059154687
1.42761879606E9,-0.7084967039809702
1.42761879607E9,-1.040131762478092
1.42761879608E9,-0.9989829702754167
1.42761879609E9,-0.2971726823100248
1.4276187961E9,0.047823755163429335
1.42761879611E9,0.08293066131045718
1.42761879612E9,0.40392416291456734
1.42761879613E9,0.47341288502453516
1.42761879614E9,0.07914561307092127
1.42761879615E9,-0.17598336399470413
1.42761879616E9,-0.0956773027186977
1.42761879617E9,0.13165710936697228
1.42761879618E9,0.2593342377730006
1.42761879619E9,0.308512464951757
1.4276187962E9,0.5738607111965878
1.42761879621E9,0.7330657930532253
1.42761879622E9,0.5979992868889088
1.42761879623E9,0.7343064077073973
1.42761879624E9,0.6549756644544624
1.42761879625E9,-0.3242879282754042
1.42761879626E9,-1.1406787090780317
1.42761879627E9,-1.0092777825121269
1.42761879628E9,-0.46864730729799364
1.42761879629E9,-0.12055948429564145
1.4276187963E9,-0.23869061350877235
1.42761879631E9,-0.3974955050014395
1.42761879632E9,-0.22798480555716397
1.42761879633E9,-0.13355274536726894
1.42761879634E9,-0.19612460031531714
1.42761879635E9,-0.02775223702206795
1.42761879636E9,0.5145937563780791
1.42761879637E9,0.8260858842009848
1.42761879638E9,0.25342884930731324
1.42761879639E9,-0.5283559111030025
1.4276187964E9,-0.6701086280332851
1.42761879641E9,-0.19338732649265614
1.42761879642E9,0.47247037876317244
1.42761879643E9,0.730510277273906
1.42761879644E9,0.741004885200488
1.42761879645E9,0.5844282973559981
1.42761879646E9,-0.12286988650063436
1.42761879647E9,-0.5236195390865053
1.42761879648E9,-0.3683908811551558
1.42761879649E9,-0.5168941025360794
1.4276187965E9,-0.3921331629854095
1.42761879651E9,0.3234147617174552
1.42761879652E9,0.6059676873033614
1.42761879653E9,0.15692138246659335
1.42761879654E9,-0.5306019845084367
1.42761879655E9,-0.8701714401472159
1.42761879656E9,-0.714437757168759
1.42761879657E9,-0.4556426110842652
1.42761879658E9,-0.027500775519224342
1.42761879659E9,0.5319825702465346
1.4276187966E9,0.6984022796000151
1.42761879661E9,0.7959790663965485
1.42761879662E9,0.9933714691944966
1.42761879663E9,0.8756245581919547
1.42761879664E9,0.9661872092902742
1.42761879665E9,0.9046354684799798
1.42761879666E9,-0.0746110990778815
1.42761879667E9,-0.8654295594385158
1.42761879668E9,-1.436798443494222
1.42761879669E9,-2.099508583370608
1.4276187967E9,-1.654080654912077
1.42761879671E9,-0.7097364064220912
1.42761879672E9,-0.15125578003290124
1.42761879673E9,0.43136726234651046
1.42761879674E9,0.6649742485857741
1.42761879675E9,0.6028013584396855
1.42761879676E9,0.5930051312823796
1.42761879677E9,0.557438971330158
1.42761879678E9,0.48684225854792473
1.42761879679E9,0.16296156438861226
1.4276187968E9,0.16458431134174079
1.42761879681E9,0.6291004141429561
1.42761879682E9,0.7093716944602992
1.42761879683E9,0.5889012666199591
1.42761879684E9,0.3005553898877209
1.42761879685E9,-0.34810790485595555
1.42761879686E9,-0.8667388175716602
1.42761879687E9,-0.9106400312041705
1.42761879688E9,-0.3943346301364312
1.42761879689E9,-0.05338574080682
1.4276187969E9,-0.1924750761526438
1.42761879691E9,-0.19930977179481746
1.42761879692E9,-0.41930338823123275
1.42761879693E9,-0.8051747212474976
1.42761879694E9,-0.8142951854112112
1.42761879695E9,-0.5346932303197829
1.42761879696E9,0.11864571197109203
1.42761879697E9,0.5793746021368895
1.42761879698E9,0.48439381561251804
1.42761879699E9,0.4863953798486393
1.427618797E9,0.514636176421049
1.42761879701E9,0.42656298650381763
1.42761879702E9,0.42093020237792944
1.42761879703E9,0.4400288624100569
1.42761879704E9,0.532324566626798
1.42761879705E9,0.5980934475196087
1.42761879706E9,0.5879026704302341
1.42761879707E9,0.4354728368694788
1.42761879708E9,-0.005922293951114314
1.42761879709E9,-0.2500991781352604
1.4276187971E9,0.06784563218007376
1.42761879711E9,0.18131091378291467
1.42761879712E9,-0.75761835900058
1.42761879713E9,-1.7328132639985927
1.42761879714E9,-1.4825913475829053
1.42761879715E9,-0.9645852447712282
1.42761879716E9,-0.8665748185497343
1.42761879717E9,-0.8675822029739454
1.42761879718E9,-0.9643056155204618
1.42761879719E9,-0.3238402038100453
1.4276187972E9,0.9885274523018095
1.42761879721E9,1.5835546676048544
1.42761879722E9,1.7983406895257221
1.42761879723E9,2.3897078608902405
1.42761879724E9,2.522300330849095
1.42761879725E9,1.3379720262289667
1.42761879726E9,-0.27774276836288025
1.42761879727E9,-0.8387053185609403
1.42761879728E9,-0.7189576765457281
1.42761879729E9,-0.771862295249375
1.4276187973E9,-0.8492969484634267
1.42761879731E9,-1.1575401616472651
1.42761879732E9,-1.5144682568084051
1.42761879733E9,-1.2245454390417838
1.42761879734E9,-0.815450156389483
1.42761879735E9,-0.7225404294260492
1.42761879736E9,-0.2948446568506758
1.42761879737E9,0.34511452292460854
1.42761879738E9,0.5554017697136661
1.42761879739E9,0.45912190562626926
1.4276187974E9,0.27635539091567435
1.42761879741E9,0.3365188654247745
1.42761879742E9,0.780340065058095
1.42761879743E9,0.9962828188088719
1.42761879744E9,1.0134696158214451
1.42761879745E9,1.0977467721806284
1.42761879746E9,0.9752482780611474
1.42761879747E9,0.8978025089824482
1.42761879748E9,0.8667687594741194
1.42761879749E9,0.5923044902274425
1.4276187975E9,0.15948215083540837
1.42761879751E9,-0.846593039463422
1.42761879752E9,-2.1887348004026883
1.42761879753E9,-2.701961024096071
1.42761879754E9,-2.45416540282365
1.42761879755E9,-2.3839199958917376
1.42761879756E9,-2.2152185173956322
1.42761879757E9,-0.7611554874107326
1.42761879758E9,0.8885531120121924
1.42761879759E9,0.7757826922220327
1.4276187976E9,0.8815903104583646
1.42761879761E9,2.596367283353013
1.42761879762E9,3.211913247582909
1.42761879763E9,2.604373241004268
1.42761879764E9,2.4336815050671077
1.42761879765E9,1.4853370423316479
1.42761879766E9,-0.15421033493420502
1.42761879767E9,-0.777358613543826
1.42761879768E9,-0.8958878720158182
1.42761879769E9,-1.1653431236841456
1.4276187977E9,-1.1700010120479885
1.42761879771E9,-1.070038526731886
1.42761879772E9,-1.0209103688074506
1.42761879773E9,-0.9665963814820985
1.42761879774E9,-1.030314712070183
1.42761879775E9,-0.9409306339549042
1.42761879776E9,-0.8050600078718676
1.42761879777E9,-0.9631089603195041
1.42761879778E9,-1.0840119123612513
1.42761879779E9,-1.2191358731080622
1.4276187978E9,-0.8656319831497125
1.42761879781E9,0.3216325855739087
1.42761879782E9,0.7515750611935923
1.42761879783E9,1.126440043993579
1.42761879784E9,2.8083020869238298
1.42761879785E9,3.9095755820330655
1.42761879786E9,4.287807975214825
1.42761879787E9,3.9944239509820165
1.42761879788E9,1.927745238436045
1.42761879789E9,0.519903217332913
1.4276187979E9,-0.2167972009307426
1.42761879791E9,-2.666870055906748
1.42761879792E9,-4.260610933089012
1.42761879793E9,-3.946900827094673
1.42761879794E9,-4.1881616324317275
1.42761879795E9,-4.0935930970053125
1.42761879796E9,-2.202591949491705
1.42761879797E9,-0.42764117543786123
1.42761879798E9,-0.4833428013265483
1.42761879799E9,-0.582836241736969
1.427618798E9,1.0814092864703007
1.42761879801E9,2.577691331317725
1.42761879802E9,2.3221724996645365
1.42761879803E9,1.6472023392365287
1.42761879804E9,1.4778715467294323
1.42761879805E9,1.6399960144932528
1.42761879806E9,2.1313730106737907
1.42761879807E9,2.6451737117316503
1.42761879808E9,2.899846692677769
1.42761879809E9,3.5807691752847033
1.4276187981E9,3.789802065627123
1.42761879811E9,1.2413644892494216
1.42761879812E9,-1.7405006384855373
1.42761879813E9,-1.8717312566172097
1.42761879814E9,-1.9900052866101097
1.42761879815E9,-4.388057256945487
1.42761879816E9,-6.751212357876707
1.42761879817E9,-7.6181611126504905
1.42761879818E9,-6.995471838105603
1.42761879819E9,-4.881616299016313
1.4276187982E9,-2.3812659504754916
1.42761879821E9,-0.9369526294332107
1.42761879822E9,0.6580581576737701
1.42761879823E9,3.7873533181294716
1.42761879824E9,5.844020482473713
1.42761879825E9,6.377067281108758
1.42761879826E9,7.324286650041446
1.42761879827E9,7.433737889058631
1.42761879828E9,8.012238381061383
1.42761879829E9,8.247104904462358
1.4276187983E9,3.126470654626174
1.42761879831E9,-2.121240485633959
1.42761879832E9,-2.803737676186504
1.42761879833E9,-3.977882201893514
1.42761879834E9,-5.2902127743445195
1.42761879835E9,-5.2028451452262825
1.42761879836E9,-5.356972728215425
1.42761879837E9,-4.908350926715572
1.42761879838E9,-4.983571319392664
1.42761879839E9,-5.525815250991752
1.4276187984E9,-5.9685383010521385
1.42761879841E9,-7.016100864937625
1.42761879842E9,-5.4131284396777914
1.42761879843E9,-2.9114688558700124
1.42761879844E9,-1.524232397463283
1.42761879845E9,3.959512041300752
1.42761879846E9,10.175343789737912
1.42761879847E9,12.16404418929332
1.42761879848E9,14.472487757182925
1.42761879849E9,16.418544543807045
1.4276187985E9,12.316156802887999
1.42761879851E9,6.322540055391501
1.42761879852E9,7.218406803168479
1.42761879853E9,7.335561767503866
1.42761879854E9,-4.044420769971565
1.42761879855E9,-13.99434022668066
1.42761879856E9,-14.997955192746293
1.42761879857E9,-17.967792821469274
1.42761879858E9,-20.032093566792383
1.42761879859E9,-15.82814087098082
1.4276187986E9,-12.12179965578094
1.42761879861E9,-8.812247420250824
1.42761879862E9,-2.027224009922125
1.42761879863E9,5.60993609687131
1.42761879864E9,10.305339210650502
1.42761879865E9,11.619026220721047
1.42761879866E9,11.190899816011644
1.42761879867E9,10.674758109496823
1.42761879868E9,11.011801094246797
1.42761879869E9,10.33306770108857
1.4276187987E9,9.491936542815269
1.42761879871E9,9.792373787656903
1.42761879872E9,6.899066183754915
1.42761879873E9,2.940523700180304
1.42761879874E9,0.02208119795476926
1.42761879875E9,-2.7288440092008237
1.42761879876E9,-1.8805101435537264E-4
1.42761879877E9,-0.4978287886138715
1.42761879878E9,-12.64716807191012
1.42761879879E9,-23.929371491391514
1.4276187988E9,-27.13061795147393
1.42761879881E9,-24.91228535854688
1.42761879882E9,-25.118627312360807
1.42761879883E9,-23.231653220430754
1.42761879884E9,-3.8058317526317227
1.42761879885E9,15.33515798062255
1.42761879886E9,22.536522704401523
1.42761879887E9,32.472661587040854
1.42761879888E9,37.0951733922541
1.42761879889E9,35.70702664895026
1.4276187989E9,30.741302424722456
1.42761879891E9,10.957273420892786
1.42761879892E9,-4.685799153792383
1.42761879893E9,-5.834709568492569
1.42761879894E9,-5.986999084505631
1.42761879895E9,-6.693867784249321
1.42761879896E9,-15.320474997866127
1.42761879897E9,-25.987964800834142
1.42761879898E9,-24.22521351987711
1.42761879899E9,-21.425788906382742
1.427618799E9,-20.216486355878274
1.42761879901E9,-15.044896026337115
1.42761879902E9,-13.81778654685314
1.42761879903E9,-14.091365367739527
1.42761879904E9,-6.60293678289532
1.42761879905E9,5.904155842566923
1.42761879906E9,16.576216879476995
1.42761879907E9,23.2406405999825
1.42761879908E9,24.056836330650775
1.42761879909E9,22.870997715118754
1.4276187991E9,27.23055178158034
1.42761879911E9,31.072874490489134
1.42761879912E9,31.23353900910471
1.42761879913E9,29.527286863843386
1.42761879914E9,15.238906446145668
1.42761879915E9,-7.304164966149776
1.42761879916E9,-21.926886808068566
1.42761879917E9,-31.57249202821776
1.42761879918E9,-40.89237276406392
1.42761879919E9,-42.193241939479535
1.4276187992E9,-38.06694139157838
1.42761879921E9,-43.157699606999664
1.42761879922E9,-40.594981763383586
1.42761879923E9,-9.442059634979561
1.42761879924E9,15.92574769639823
1.42761879925E9,21.74931924321671
1.42761879926E9,37.143113587484166
1.42761879927E9,48.282336400404
1.42761879928E9,38.917430328740124
1.42761879929E9,29.812431081224787
1.4276187993E9,23.761297257125143
1.42761879931E9,9.566956658018299
1.42761879932E9,-8.622039040553155
1.42761879933E9,-16.378863540332286
1.42761879934E9,-12.448796050336291
1.42761879935E9,-11.659933605263731
1.42761879936E9,-11.441417480673794
1.42761879937E9,-4.870316913759753
1.42761879938E9,-1.3513747693735567
1.42761879939E9,-3.1810328558666345
1.4276187994E9,-10.639227094587566
1.42761879941E9,-19.41409243014696
1.42761879942E9,-19.260454682782047
1.42761879943E9,-21.88268009523674
1.42761879944E9,-24.485292579790084
1.42761879945E9,-6.542743765386295
1.42761879946E9,14.347380990627778
1.42761879947E9,22.75360827450093
1.42761879948E9,25.501710544970365
1.42761879949E9,25.72503563749668
1.4276187995E9,39.84724802147055
1.42761879951E9,50.26489637592765
1.42761879952E9,23.587422893995054
1.42761879953E9,-3.265405067869101
1.42761879954E9,-13.918534410308116
1.42761879955E9,-40.086555637857415
1.42761879956E9,-54.7161465128574
1.42761879957E9,-38.100287897137505
1.42761879958E9,-27.110891664650985
1.42761879959E9,-18.954228268006226
1.4276187996E9,5.589645613380753
1.42761879961E9,23.077536990746637
1.42761879962E9,24.23004189225088
1.42761879963E9,24.169987366114285
1.42761879964E9,19.222111669449077
1.42761879965E9,8.94831019396344
1.42761879966E9,5.0740896179240025
1.42761879967E9,-0.18779548652436318
1.42761879968E9,-13.578954147370792
1.42761879969E9,-18.31407987947116
1.4276187997E9,-9.515021473292176
1.42761879971E9,-1.2086292277655957
1.42761879972E9,7.442007131641825
1.42761879973E9,18.647305067177353
1.42761879974E9,17.892979532514275
1.42761879975E9,6.700807106012045
1.42761879976E9,-1.6978539296647404
1.42761879977E9,-4.913782527121183
1.42761879978E9,-0.3909116066682248
1.42761879979E9,-4.222810616813784
1.4276187998E9,-27.04957141298159
1.42761879981E9,-34.02432721744319
1.42761879982E9,-19.321544264189875
1.42761879983E9,-10.903345496600153
1.42761879984E9,2.0620357309253032
1.42761879985E9,22.944255817068864
1.42761879986E9,30.09019301551099
1.42761879987E9,24.43063815025991
1.42761879988E9,16.554726985336092
1.42761879989E9,15.846241386650302
1.4276187999E9,15.413253557201603
1.42761879991E9,-3.271454882232219
1.42761879992E9,-22.139257528271596
1.42761879993E9,-21.812543791037445
1.42761879994E9,-18.819677952210704
1.42761879995E9,-18.442450234733393
1.42761879996E9,-10.317649026567526
1.42761879997E9,3.218576372387435
1.42761879998E9,11.94929507901909
1.42761879999E9,12.438366016239588
1.4276188E9,12.367409150850406
1.42761880001E9,12.588412292882891
1.42761880002E9,5.422615985542516
1.42761880003E9,-5.507997666471588
1.42761880004E9,-12.3648644147576
1.42761880005E9,-13.357842323308486
1.42761880006E9,-10.116294193025645
1.42761880007E9,-7.212953462293234
1.42761880008E9,-2.6430148193788487
1.42761880009E9,8.103916579862329
1.4276188001E9,15.456443882251975
1.42761880011E9,13.258518677115108
1.42761880012E9,11.953921826550708
1.42761880013E9,11.044329119492929
1.42761880014E9,1.3548543458342732
1.42761880015E9,-8.55025841859153
1.42761880016E9,-10.408896642338703
1.42761880017E9,-9.912276588055885
1.42761880018E9,-9.876804330117977
1.42761880019E9,-9.97040873359068
1.4276188002E9,-7.748061043723747
1.42761880021E9,-0.23989504576918752
1.42761880022E9,5.636646291937252
1.42761880023E9,6.354749109638231
1.42761880024E9,8.145342081171645
1.42761880025E9,9.096753132472768
1.42761880026E9,4.729188965766937
1.42761880027E9,-0.03608595247952273
1.42761880028E9,-2.0048983393568593
1.42761880029E9,-3.2450904998037586
1.4276188003E9,-3.8709487677856487
1.42761880031E9,-4.0331923367639
1.42761880032E9,-3.4828621830685034
1.42761880033E9,0.38776921767458594
1.42761880034E9,4.762192316899808
1.42761880035E9,4.987387042311974
1.42761880036E9,4.515505269451522
1.42761880037E9,4.794750438411921
1.42761880038E9,1.653090738406895
1.42761880039E9,-3.0135702834714135
1.4276188004E9,-5.135357898407564
1.42761880041E9,-5.138824690804891
1.42761880042E9,-4.695352428399559
1.42761880043E9,-5.434505408860638
1.42761880044E9,-5.309300691481377
1.42761880045E9,-1.2243959621739142
1.42761880046E9,2.558092623735256
1.42761880047E9,2.431916640207515
1.42761880048E9,2.095880676681313
1.42761880049E9,2.679987892521907
1.4276188005E9,2.498399203708046
1.42761880051E9,2.942091176371888
1.42761880052E9,3.3753018491435367
1.42761880053E9,2.8211621878897213
1.42761880054E9,3.545797657414674
1.42761880055E9,2.921580011822617
1.42761880056E9,-1.4024715245231574
1.42761880057E9,-4.029882681195323
1.42761880058E9,-3.708554707832554
1.42761880059E9,-2.899355939372813
1.4276188006E9,-0.36676013349785275
1.42761880061E9,1.9743066954260464
1.42761880062E9,1.2312576217916342
1.42761880063E9,-0.9980234819134222
1.42761880064E9,-2.5102255059305527
1.42761880065E9,-2.541161549782898
1.42761880066E9,-2.6302251147679288
1.42761880067E9,-2.6903774691702607
1.42761880068E9,-0.4105729155644535
1.42761880069E9,1.9169900673856501
1.4276188007E9,2.353489612780314
1.42761880071E9,2.716422655641356
1.42761880072E9,2.872144139822221
1.42761880073E9,2.898350412562395
1.42761880074E9,2.6100453149530782
1.42761880075E9,0.5409297197570468
1.42761880076E9,-1.03396238154131
1.42761880077E9,-1.2897925151225855
1.42761880078E9,-2.822063498098032
1.42761880079E9,-3.7660620410505885
1.4276188008E9,-2.4285890233352747
1.42761880081E9,-1.4468052326449374
1.42761880082E9,-0.7066351699415327
1.42761880083E9,1.0245444092039258
1.42761880084E9,2.310452175395367
1.42761880085E9,2.810199693720163
1.42761880086E9,2.5551118381588926
1.42761880087E9,1.051659449060339
1.42761880088E9,-0.19258819463551063
1.42761880089E9,-0.38848484704270914
1.4276188009E9,-0.8911376433993837
1.42761880091E9,-1.566321923675714
1.42761880092E9,-1.3620938135684382
1.42761880093E9,-1.1108874092248298
1.42761880094E9,-1.0833434316183816
1.42761880095E9,0.26742171026384676
1.42761880096E9,1.8701307245695498
1.42761880097E9,1.3827256256731775
1.42761880098E9,0.25553211941810483
1.42761880099E9,0.18651318209601794
1.427618801E9,0.2287474762010054
1.42761880101E9,-0.08672150160509524
1.42761880102E9,-0.3354698387854188
1.42761880103E9,-0.3380063093922079
1.42761880104E9,-0.507661615103708
1.42761880105E9,-1.1324474170509495
1.42761880106E9,-1.1686914069791634
1.42761880107E9,-0.2405612860033379
1.42761880108E9,0.5740089012852767
1.42761880109E9,0.92960988268174
1.4276188011E9,0.9422934583404476
1.42761880111E9,0.7480570631138879
1.42761880112E9,0.8620745391846898
1.42761880113E9,0.9117361359521634
1.42761880114E9,0.40064565329832874
1.42761880115E9,-0.004384498079253456
1.42761880116E9,-0.404304733978818
1.42761880117E9,-1.2752967126933155
1.42761880118E9,-1.6239659046815431
1.42761880119E9,-0.9740552776995519
1.4276188012E9,-0.015303767590995339
1.42761880121E9,0.6528536279732804
1.42761880122E9,0.4932694557245635
1.42761880123E9,0.014387302971458037
1.42761880124E9,0.022828398978091302
1.42761880125E9,0.06116484134874025
1.42761880126E9,-0.0034798612545937635
1.42761880127E9,0.05839088504927439
1.42761880128E9,-0.07750168158017538
1.42761880129E9,-0.33933098094761144
1.4276188013E9,-0.4688128309498379
1.42761880131E9,-0.18695866290063923
1.42761880132E9,0.6894418907108607
1.42761880133E9,1.2655055695509096
1.42761880134E9,0.8921466574576187
1.42761880135E9,0.28284724578577825
1.42761880136E9,-0.06053401759031458
1.42761880137E9,-0.2650392651270014
1.42761880138E9,-0.34033885918245443
1.42761880139E9,-0.36588290658013456
1.4276188014E9,-0.46345551501397664
1.42761880141E9,-0.5939121587870608
1.42761880142E9,-0.7417879804988734
1.42761880143E9,-0.6906464104033877
1.42761880144E9,-0.2059632681100036
1.42761880145E9,0.26220456695855315
1.42761880146E9,0.32701465616617204
1.42761880147E9,0.37404956756084007
1.42761880148E9,0.5096314306840604
1.42761880149E9,0.46322351898136355
1.4276188015E9,0.3603254704207214
1.42761880151E9,0.29665568033417816
1.42761880152E9,0.19054810687211945
1.42761880153E9,0.04372791749652511
1.42761880154E9,-0.14153666248026625
1.42761880155E9,-0.243237513858876
1.42761880156E9,-0.246934210373176
1.42761880157E9,-0.23047675596381823
1.42761880158E9,-0.029485525333891375
1.42761880159E9,0.33164147421891677
1.4276188016E9,0.4883589546419493
1.42761880161E9,0.21297673743474124
1.42761880162E9,-0.2592942151430025
1.42761880163E9,-0.6980753919822096
1.42761880164E9,-1.2237328768102134
1.42761880165E9,-1.2367986692699295
1.42761880166E9,-0.22308429099472613
1.42761880167E9,0.6217991418054494
1.42761880168E9,0.5672187016239525
1.42761880169E9,0.43445721596684683
1.4276188017E9,0.5501396983460888
1.42761880171E9,0.6471746520766896
1.42761880172E9,0.6584877578291559
1.42761880173E9,0.4715702823838055
1.42761880174E9,0.05279881544423945
1.42761880175E9,-0.34932806471249134
1.42761880176E9,-0.6274620669920902
1.42761880177E9,-0.6721886716490155
1.42761880178E9,-0.1163241800230517
1.42761880179E9,0.5091266347135257
1.4276188018E9,0.6148897214633335
1.42761880181E9,0.8897550249864534
1.42761880182E9,0.8711370261211651
1.42761880183E9,-0.22722142972030857
1.42761880184E9,-1.0124958279747918
1.42761880185E9,-0.94212651445685
1.42761880186E9,-0.7899490010301157
1.42761880187E9,-0.5274012111988859
1.42761880188E9,-0.3347458269885173
1.42761880189E9,-0.14068467860855619
1.4276188019E9,0.33205317833576126
1.42761880191E9,0.591521024958392
1.42761880192E9,0.5385232964898363
1.42761880193E9,0.00853639904081296
1.42761880194E9,-0.7542200276406059
1.42761880195E9,-0.8092364169856652
1.42761880196E9,-0.8845621851958358
1.42761880197E9,-0.9175380526402772
1.42761880198E9,0.40353093930820527
1.42761880199E9,1.588690241671096
1.427618802E9,1.617644836710429
1.42761880201E9,1.4645115072354646
1.42761880202E9,0.8381135599732438
1.42761880203E9,0.21794227432316354
1.42761880204E9,0.12097818032672772
1.42761880205E9,-0.520179736132839
1.42761880206E9,-1.034395600737166
1.42761880207E9,-0.7664981242781315
1.42761880208E9,-0.7394619780076418
1.42761880209E9,-0.6475127628750912
1.4276188021E9,-0.0577563420533206
1.42761880211E9,0.29935512507138035
1.42761880212E9,0.19356688114619922
1.42761880213E9,-0.1532172215297214
1.42761880214E9,-0.38497958368748775
1.42761880215E9,-0.2404718548625625
1.42761880216E9,0.04659613474279808
1.42761880217E9,0.28746827393253194
1.42761880218E9,0.45706022813447156
1.42761880219E9,0.465044055238126
1.4276188022E9,0.3118576326117288
1.42761880221E9,0.1374259749413398
1.42761880222E9,0.08219552185647913
1.42761880223E9,0.09778738548891093
1.42761880224E9,0.006824035083480659
1.42761880225E9,-0.20292438887744596
1.42761880226E9,-0.32256972076344725
1.42761880227E9,-0.2290503286736103
1.42761880228E9,-0.04328610968605579
1.42761880229E9,-0.006567508575381357
1.4276188023E9,-0.23166969197092233
1.42761880231E9,-0.32523828198641735
1.42761880232E9,-7.909544969426571E-4
1.42761880233E9,0.2758887245729054
1.42761880234E9,0.33079000713801315
1.42761880235E9,0.32537873367131437
1.42761880236E9,0.08604482675485256
1.42761880237E9,-0.13590870057884005
1.42761880238E9,-0.17282808783799336
1.42761880239E9,-0.3618330294257295
1.4276188024E9,-0.4304179009985567
1.42761880241E9,-0.2189307312274938
1.42761880242E9,0.019706887859328972
1.42761880243E9,0.3917562661251041
1.42761880244E9,0.5581196649555467
1.42761880245E9,0.32699621050536176
1.42761880246E9,0.19891704831948095
1.42761880247E9,0.06633256601771745
1.42761880248E9,-0.10402055519110986
1.42761880249E9,-0.055702520063087915
1.4276188025E9,-0.06480453274266526
1.42761880251E9,-0.08103205326649057
1.42761880252E9,-0.08034790322682041
1.42761880253E9,-0.14826858648291202
1.42761880254E9,-0.041546884360077085
1.42761880255E9,-0.2610756326406164
1.42761880256E9,-0.593158906876113
1.42761880257E9,-0.038886891078491144
1.42761880258E9,0.52443996811955
1.42761880259E9,0.2519380091714416
1.4276188026E9,-0.34031973221818457
1.42761880261E9,-0.7429789061525248
1.42761880262E9,-0.22912998048108507
1.42761880263E9,0.7308118404482482
1.42761880264E9,0.9344051386370571
1.42761880265E9,0.8208648191342799
1.42761880266E9,0.5328143770344003
1.42761880267E9,-0.1773844127773253
1.42761880268E9,-0.4327456644927058
1.42761880269E9,-0.5907701146673113
1.4276188027E9,-1.2646026188293595
1.42761880271E9,-0.8877929253702953
1.42761880272E9,0.6309101612733325
1.42761880273E9,1.0470184844563983
1.42761880274E9,0.30728893336224106
1.42761880275E9,-0.01573134173629002
1.42761880276E9,0.062367748878821315
1.42761880277E9,-0.014226493045020598
1.42761880278E9,0.023237893863734115
1.42761880279E9,0.12822205682787063
1.4276188028E9,-0.31840321890341416
1.42761880281E9,-0.9116415786481054
1.42761880282E9,-0.7858326018477715
1.42761880283E9,-0.09422936953192085
1.42761880284E9,0.819902625351151
1.42761880285E9,1.2160516274769855
1.42761880286E9,0.637107134879835
1.42761880287E9,0.25055735142005464
1.42761880288E9,0.2589113915139658
1.42761880289E9,-0.04698569026784456
1.4276188029E9,-0.27375963437634643
1.42761880291E9,-0.3553993801774963
1.42761880292E9,-0.44198564913533983
1.42761880293E9,-0.5290351718514889
1.42761880294E9,-0.743954192255186
1.42761880295E9,-0.6248409228460885
1.42761880296E9,-0.26519453587274616
1.42761880297E9,-0.05175871242093906
1.42761880298E9,0.27518833602929604
1.42761880299E9,0.4661379332075646
1.427618803E9,0.40527932329751504
1.42761880301E9,0.3857663270893934
1.42761880302E9,0.2699249457727893
1.42761880303E9,0.06033310750238365
1.42761880304E9,-0.11486870210879478
1.42761880305E9,0.06024498141352493
1.42761880306E9,0.7554243595451078
1.42761880307E9,0.9528540567480261
1.42761880308E9,0.07159720959264841
1.42761880309E9,-0.7270900617811803
1.4276188031E9,-0.5504579829849761
1.42761880311E9,0.008855315020812549
1.42761880312E9,0.13146944706961816
1.42761880313E9,-0.13658527538038154
1.42761880314E9,-0.38791418256372434
1.42761880315E9,-0.564929499071554
1.42761880316E9,-0.5567293279519934
1.42761880317E9,-0.24771860764430764
1.42761880318E9,-0.1536710987527454
1.42761880319E9,-0.31298736601323474
1.4276188032E9,0.061164708863173094
1.42761880321E9,0.6340037726945411
1.42761880322E9,0.6468123775924669
1.42761880323E9,0.37927553749296855
1.42761880324E9,0.019069207219400926
1.42761880325E9,0.0544657366328596
1.42761880326E9,0.7605202344068858
1.42761880327E9,0.7162162187406439
1.42761880328E9,-0.13733896844019328
1.42761880329E9,-0.3199207118655056
1.4276188033E9,-0.29162073165828484
1.42761880331E9,-0.5442628196687325
1.42761880332E9,-0.4012116359376381
1.42761880333E9,-0.1598268954754759
1.42761880334E9,-0.15215230644617533
1.42761880335E9,-0.06396819839266436
1.42761880336E9,0.09271978114775278
1.42761880337E9,0.30823953896236894
1.42761880338E9,0.583476648545038
1.42761880339E9,0.5407441487179232
1.4276188034E9,-0.002154618530822508
1.42761880341E9,-0.5023824250001542
1.42761880342E9,-0.6095168223957932
1.42761880343E9,-0.6265590633294994
1.42761880344E9,-0.5558533539376886
1.42761880345E9,-0.5627092270658133
1.42761880346E9,-0.7088900401506419
1.42761880347E9,-0.0881517193419325
1.42761880348E9,0.9524774600856261
1.42761880349E9,1.1430210274116337
1.4276188035E9,0.8120052830950213
1.42761880351E9,0.5786637733621824
1.42761880352E9,0.5387150666263463
1.42761880353E9,0.5616226717417029
1.42761880354E9,0.14893543091101624
1.42761880355E9,-0.3077597510113764
1.42761880356E9,-0.34234679652720074
1.42761880357E9,-0.46543774367863805
1.42761880358E9,-0.5915686129187605
1.42761880359E9,-0.45210838893522226
1.4276188036E9,-0.3987009832365721
1.42761880361E9,-0.33404281483373344
1.42761880362E9,0.003487954089252423
1.42761880363E9,0.34514702843142453
1.42761880364E9,0.3371084751853092
1.42761880365E9,-0.009802293812026554
1.42761880366E9,-0.2832354990103366
1.42761880367E9,-0.2875247847329756
1.42761880368E9,-0.2528329634261647
1.42761880369E9,-0.12827234193108988
1.4276188037E9,0.13339271737757058
1.42761880371E9,0.20081238677812657
1.42761880372E9,0.1440614860153105
1.42761880373E9,0.15859461017214607
1.42761880374E9,0.15206744153005208
1.42761880375E9,0.28757427233215593
1.42761880376E9,0.461577214428522
1.42761880377E9,0.3387176966005425
1.42761880378E9,0.18390305936477358
1.42761880379E9,0.17385455388128396
1.4276188038E9,0.0737813894855533
1.42761880381E9,-0.1545937560322324
1.42761880382E9,-0.33141489766480886
1.42761880383E9,-0.36716299266294095
1.42761880384E9,-0.403505835613129
1.42761880385E9,-0.411945336689004
1.42761880386E9,-0.311506691153719
1.42761880387E9,-0.28228828599334804
1.42761880388E9,-0.049311445348446094
1.42761880389E9,0.71921618494362
1.4276188039E9,1.2786072889732354
1.42761880391E9,0.6828868193520632
1.42761880392E9,-0.5633877345955465
1.42761880393E9,-1.06915640929682
1.42761880394E9,-0.682967776056182
1.42761880395E9,-0.18027732435589197
1.42761880396E9,0.2134101524467859
1.42761880397E9,0.36846461984268175
1.42761880398E9,0.2682330219830038
1.42761880399E9,0.16646313593132395
1.427618804E9,0.02183109340946488
1.42761880401E9,-0.09817488070628491
1.42761880402E9,-0.12071397859886306
1.42761880403E9,-0.15882720904808498
1.42761880404E9,-0.09679905165073059
1.42761880405E9,-0.041456972979161386
1.42761880406E9,-0.24013103911153938
