1427603291.28,-0.3388950330644829,-2.9109740668508413,-0.5072371203427288
1427603291.29,-0.47859921888445267,-2.564944763097148,-0.38931306959258394
1427603291.3,-0.8151361079297186,-1.7122604622211133,-0.171535516320303
1427603291.31,-0.7699846334655005,-0.9238780154855418,-0.02263639211285068
1427603291.32,-0.8549643912732059,-0.9904717695395033,0.04575151216956458
1427603291.33,-0.6087733197185119,-0.20559963866359343,-0.08037844605744088
1427603291.34,0.024654466279862675,0.36601985761495476,-0.6088088511125564
1427603291.35,0.155254041984561,0.5370087352621055,-0.7255357959852569
1427603291.36,0.2905061206963756,0.7882577278315144,-0.4010386942360741
1427603291.37,0.7758925338200173,1.1030978428483469,-0.1622559587982927
1427603291.38,0.8135334402141049,1.1768715650838626,-0.047204271194668745
1427603291.39,0.39905379080431824,0.46423790621311967,0.11573024513746566
1427603291.4,0.027471697846614462,-0.21459393250293515,0.40029499283937575
1427603291.41,-0.01685132094755637,-0.2142080466878545,0.4752123842572189
1427603291.42,0.17327686917088814,0.11983062497851676,0.38210713841582244
1427603291.43,0.09425434353224155,0.1918532029068801,0.4430904694006233
1427603291.44,-0.19711013291831597,-0.017854612936678504,0.5932414442118126
1427603291.45,-0.3486180304531341,-0.07285456818548162,0.6578759784332597
1427603291.46,-0.37572471856868817,-0.12701277073920947,0.7417589387899074
1427603291.47,-0.3935644513770131,-0.10863144944641999,0.7457104659421402
1427603291.48,-0.464035492060438,0.1648466062283614,0.06380648203419828
1427603291.49,-0.5517515151004351,0.4207735496405741,-0.6698613843092157
1427603291.5,-0.4617840561062567,0.4895505018807534,-0.5584585464715485
1427603291.51,0.21401094521188102,0.44596516594567637,-0.23046803304414937
1427603291.52,1.0917517925504727,0.508463369515443,0.12926550098822004
1427603291.53,1.0351411107616035,0.3819544700927929,0.2358305144587292
1427603291.54,0.33930525296044245,-0.17562244984118355,-0.12460480407398598
1427603291.55,0.017855474801282772,-0.5218195051210899,-0.07029181130922622
1427603291.56,-0.062190272195418866,-0.53514203737689,-0.33550920699132103
1427603291.57,-0.13988369615427187,-0.5511752190590018,-1.1303700986625227
1427603291.58,-0.1647625756610296,-0.5440544254865403,-1.3418550753198164
1427603291.59,-0.19120254970862793,-0.5792926308379532,-1.4674583061727406
1427603291.6,0.010474907404018186,-0.33145673711137963,-0.812675710246052
1427603291.61,0.43442131340297446,0.2204115011260845,0.7712540165068443
1427603291.62,0.5448737325022579,0.3275474748551095,1.08296760734171
1427603291.63,-0.022802007910452893,-0.12825556516936917,0.5838659295574862
1427603291.64,-0.8342567136578747,-0.7457693099813308,0.4706250965372363
1427603291.65,-0.9362895253163828,-0.8107949612343588,0.30494095728155324
1427603291.66,-0.3354780744860979,0.09225050359720315,0.2226969797109716
1427603291.67,0.08411036095135047,0.9353698888325372,0.186313662316678
1427603291.68,0.09144558720850668,0.7777296155837895,0.04563451014810889
1427603291.69,-0.03737404890528389,0.0916290620312734,-0.10149964515070252
1427603291.7,-0.09181622920102209,-0.23893951019282458,-0.23618752911708654
1427603291.71,0.004491478559449716,-0.15295350153225065,-0.15793194774792774
1427603291.72,0.1068141033779285,-0.08011278769333091,-0.04391480029757032
1427603291.73,0.20900869036061448,0.03320164086046716,0.03715143488496704
1427603291.74,0.3247824023553795,0.14451013658792544,0.1607951626005698
1427603291.75,0.3684279735212061,0.1862582063006317,0.20014510043640205
1427603291.76,0.38435786680335193,0.24788152268047473,0.20693283966398504
1427603291.77,0.20674174709608126,0.001857247962074204,-0.0015935700191774815
1427603291.78,-0.15360709660222857,-0.17223003669995177,-0.2410445185589999
1427603291.79,-0.2936318719134163,0.13335053337135777,-0.11245253633008462
1427603291.8,-0.2456704187891122,0.161497449614849,-0.03898610166209254
1427603291.81,-0.1853640748996136,-0.1414668280908532,-0.09312422509086742
1427603291.82,-0.11550025927455293,-0.23961892956292288,-0.0342431053479647
1427603291.83,-0.13139810895584142,-0.16185429382423036,-0.14258358432606474
1427603291.84,-0.14352863781315184,0.01331337659716324,-0.3022146198305669
1427603291.85,-0.13807743668468847,0.1097453505534726,-0.35519074022284236
1427603291.86,-0.14004113910839586,0.12659583475383032,-0.43858651316195163
1427603291.87,0.20194002700003968,0.22841161427132492,-0.2886489390526564
1427603291.88,0.7880016711667034,0.33666522214219324,-0.041127170828690884
1427603291.89,0.8327426795370805,0.33268004725490424,-0.00428048875450171
1427603291.9,0.07722139421345064,-0.08228118241117609,0.2471093228939425
1427603291.91,-0.7138635165035353,-0.631888513132808,0.6433998728620937
1427603291.92,-0.6294223228326067,-0.7084110513118687,0.6512681988249116
1427603291.93,0.24078832579057594,-0.7630370260364624,0.5146889120337035
1427603291.94,0.8437150590109743,-0.9316588874423669,0.514609783209061
1427603291.95,0.49618035630154134,-0.5823780754803041,0.36589506199065935
1427603291.96,-0.44121101025633513,0.13379430989885138,0.09301667112113332
1427603291.97,-0.9572413833768162,0.5314242649326663,-0.002264747006272716
1427603291.98,-0.44429600605405806,0.2223785643134006,-0.141334747308136
1427603291.99,0.24044733888888756,-0.23526070459351434,-0.3799627275880768
1427603292.0,0.36059932916986176,-0.2798103810196861,-0.37896814774043275
1427603292.01,0.37536833686064164,-0.2831433112182016,-0.3021897389953274
1427603292.02,0.13876494854199348,0.20258797297036554,-0.07173760322578798
1427603292.03,-0.3974222153406075,1.1716078274460155,0.42035943807632475
1427603292.04,-0.43167727721514315,1.1240494739419193,0.4485516880211229
1427603292.05,-0.1911857354549316,0.5756470329070695,0.21270381292842724
1427603292.06,-0.23441179379666022,0.6874760798526058,0.34687889005104217
1427603292.07,-0.1512779263448165,0.40820363950522764,0.213385034676172
1427603292.08,0.1798964357057124,-0.5307984403850968,-0.2601240362000512
1427603292.09,0.25781098398120317,-0.8751201465261822,-0.4526491298934248
1427603292.1,0.07597972484472068,-0.6227286753651705,-0.4440224088983495
1427603292.11,-0.2551648876253254,-0.4255032922293679,-0.3808774497981359
1427603292.12,-0.6912511706726544,-0.11276576107706546,-0.3383932619194764
1427603292.13,-0.3731863401000077,0.034530037854418376,-0.12252070522177427
1427603292.14,0.6221057788399624,-0.18921447861135152,0.27613459224511694
1427603292.15,0.7704485450518053,-0.2588657099962867,0.2835772077447556
1427603292.16,0.06633598828844144,-0.5123180724688425,0.15488431519393697
1427603292.17,-0.2944083843446853,-0.7795293124109192,0.10197964071561748
1427603292.18,-0.3022272751157805,-0.6993661639733768,0.004764388360038757
1427603292.19,-0.43587249162987673,-0.9034122176861734,0.14191547340020802
1427603292.2,-0.2593723078328834,-0.5565018787179361,-0.11298739353832993
1427603292.21,0.29688927090169664,0.5291823097674975,-0.7418467640139595
1427603292.22,0.45079416060382194,0.8224939638612573,-0.9105032551837722
1427603292.23,0.344641973940381,0.5842205044106967,-0.8596267611455506
1427603292.24,0.274895261943606,0.9342434234805744,-0.5141401736257233
1427603292.25,0.0954446138118645,1.6534004349641702,-0.015022522282849789
1427603292.26,0.029105450983496373,1.1819703784405378,0.24394963916431125
1427603292.27,-0.07903028295533632,-0.3478852168425022,0.6581617795028799
1427603292.28,-0.10315901805393801,-0.6739631249473265,0.8086314599413076
1427603292.29,0.11968836582565764,-0.30081757198123027,0.538524214114744
1427603292.3,0.12443678600133434,-0.4502918888849421,0.5194443658658232
1427603292.31,0.17727849703551662,-0.3705395043259617,0.5889316061443765
1427603292.32,0.034121563914004616,-0.4011991018562589,0.4728395651898025
1427603292.33,-0.672144135902172,-0.7536290763650422,0.3190482344396226
1427603292.34,-0.7704910259876867,-0.7271457800180131,0.26119949157569466
1427603292.35,-0.11759503469500968,-0.3734451335241071,0.0962311330450426
1427603292.36,0.47176729006472584,0.039686436909460374,-0.17205037024596087
1427603292.37,0.7512741643286613,0.20384132592735577,-0.24184862027805415
1427603292.38,0.17572579545395256,0.13198215801947097,-0.7194124965476365
1427603292.39,-0.727769556938946,0.11501292000056657,-1.6280714826837506
1427603292.4,-0.8473288406950578,0.0854967021758026,-1.7139162052811998
1427603292.41,-0.8442501345918145,-0.007639490217523429,-0.905228362366802
1427603292.42,-0.9742594930042162,-0.08654069194805242,-0.09679003076343107
1427603292.43,-0.33857070187248245,-0.0035761790199849027,0.40203738346695556
1427603292.44,0.5019950126290849,0.1838494016960176,0.6038802128102612
1427603292.45,0.6656548682906105,0.21628064242857215,0.5868769830801883
1427603292.46,0.6068629789536633,0.18620504235008864,0.5219389743951997
1427603292.47,0.6016219085824782,0.20055045677126432,0.47045756666426725
1427603292.48,0.5606910144071331,0.18163130096566427,0.47249021293548654
1427603292.49,0.5869406731288482,0.18995608547046008,0.49921446492046145
1427603292.5,0.5655482857814302,0.19498427632467039,0.47774171800086496
1427603292.51,0.6013133174156898,0.18773136295248052,0.5413146558306892
1427603292.52,0.6269271386920018,0.19945838636307225,0.5527889843642435
1427603292.53,0.15583398764119,-0.10022810350075961,0.562022933845322
1427603292.54,-0.37090753199877147,-0.5598949610137491,0.7679742395422684
1427603292.55,-0.43841061373448564,-0.674658614755104,0.23524764967742878
1427603292.56,-0.4309062567791152,-0.6813777811258281,-0.9316231289624705
1427603292.57,-0.43039069968145427,-0.664997662854049,-1.273679348885665
1427603292.58,-0.37975432642638834,-0.6609848157103746,-1.2806087973919205
1427603292.59,-0.35198582293518244,-0.7101994476594845,-1.430186812622349
1427603292.6,-0.18269656270161733,-0.13396120507057976,-0.8572388656794843
1427603292.61,-0.004825759374443295,0.6060182447804003,-0.19369129402149565
1427603292.62,-0.041505716470776825,0.7705967638261341,-0.03043723896987471
1427603292.63,-0.22548859168234506,0.9941309703880855,0.39142020437109554
1427603292.64,-0.33349362199577764,1.0971706960617522,0.8259629987978029
1427603292.65,-0.1788615474024171,0.7026709385618406,0.7616682379921911
1427603292.66,0.015052350458041819,0.23296575370180325,0.5689755733784472
1427603292.67,-0.020563250061025412,-0.18768983240305862,0.25767714730738644
1427603292.68,-0.35259195527580667,-0.28843961814662444,-0.17190507478656547
1427603292.69,-0.5925527939111888,-0.19434077328359867,-0.32281094458574094
1427603292.7,-0.07355091197117412,-0.3216674368565702,-0.19793798117736755
1427603292.71,0.5697630500219364,-0.4360813881467318,-0.03968534488446551
1427603292.72,0.5713424865999773,-0.43854427155531356,-0.017155631919856695
1427603292.73,0.5587696121673814,-0.4100542747477727,-0.07164399957751802
1427603292.74,0.525559482137658,-0.4678449623004766,-0.008822626601248829
1427603292.75,0.10675594292977449,-0.5975251053790991,0.08150275397804936
1427603292.76,-0.10393386626552448,-0.5526669271991889,0.08780243130627402
1427603292.77,-0.010781401547699805,-0.30006850134098423,-0.06581600118616127
1427603292.78,0.029497648982297092,0.20715391713367123,-0.3345334848103741
1427603292.79,0.04756557302507561,0.515679137025902,-0.2318727289602885
1427603292.8,-0.02429114875195429,0.34481068369581047,0.41720238492066886
1427603292.81,-0.11347201224109887,0.2621138852325484,0.8882278217706936
1427603292.82,0.004829149299929919,0.09975005378478673,0.4767130018767404
1427603292.83,0.1379925435892615,-0.20807995254069894,-0.3092148621104231
1427603292.84,0.18407603711841206,-0.27110581844617876,-0.5882161099605565
1427603292.85,0.26204506676581113,-0.32946619210693684,-0.5730553564660101
1427603292.86,0.1331804368970199,-0.06852994977456904,-0.6289404276338355
1427603292.87,-0.18485072886227744,0.6043318322951918,-0.6395848555560697
1427603292.88,-0.28209465814936174,0.8062028701899364,-0.6181764577146184
1427603292.89,-0.3670190576169175,0.6028738674803161,-0.25063203173580284
1427603292.9,-0.6541311334382081,0.6036571216299861,0.39518653527961645
1427603292.91,-0.6495663177502018,0.5671579967415713,0.5351003387046883
1427603292.92,-0.39663719743420756,0.33079202057758217,0.6753746590894472
1427603292.93,-0.3464293748445988,0.24143305854028205,1.1894149642326983
1427603292.94,-0.08042687212177668,-0.0003682691889207463,0.8591820631506513
1427603292.95,0.5583892046208601,-0.6312660767117633,-0.07326813892199666
1427603292.96,0.8868061405452061,-0.9638976515274932,-0.4975972229929191
1427603292.97,0.742941381120499,-0.810652830583871,-0.5686846376575752
1427603292.98,0.35880629094317923,-0.5311856899143621,-0.49581650492383555
1427603292.99,-0.007843876097952479,-0.27190068196257666,-0.46658656058151543
1427603293.0,-0.09527635645772292,-0.1397290244924398,-0.4096989429757757
1427603293.01,-0.06470673179298822,-0.16627234987284856,-0.08165014041994181
1427603293.02,-0.052147926837076336,-0.2589265910392666,0.48639103145674634
1427603293.03,-0.09501244350018478,-0.23900388834213374,1.305321295950112
1427603293.04,0.023412414379592406,-0.37844713465874624,1.1636994325236234
1427603293.05,0.530512605942256,-0.7320228871811346,-0.14680406532466186
1427603293.06,0.5828392677331005,-0.471028375454548,-0.5959716914951257
1427603293.07,0.058772609087616084,0.3849806435570701,-0.04363640819089269
1427603293.08,-0.11292650787235872,0.9243576621656462,0.3004860270305924
1427603293.09,-0.26802922545821606,0.6877595555252668,0.033557056872629484
1427603293.1,-0.6236944982365342,0.05388111329846829,-0.6084745016338733
1427603293.11,-0.7270022125579731,-0.20991123873281184,-0.8967145600849932
1427603293.12,-0.7150436433006464,-0.21029333464895358,-0.8232381005127619
1427603293.13,-0.49396604636862707,-0.14662607393582194,-0.2166816473020189
1427603293.14,-0.16790751399610815,0.07637876835792685,0.896983260729195
1427603293.15,-0.09297770252495996,0.07092111542422223,1.0640791592643786
1427603293.16,-0.01773624377930043,0.034256828473812645,0.1709639074982866
1427603293.17,0.1333138802260004,0.12755672094384665,-0.5810312796336383
1427603293.18,0.2327285972367309,-0.09809883516198595,-0.6249235943313489
1427603293.19,0.38967698777621373,-0.618988697723492,0.00661201134154768
1427603293.2,0.6218630580378588,-1.1129743311213658,0.4241153461880225
1427603293.21,0.5945578024894176,-0.8713947299543126,0.0769466933841004
1427603293.22,0.4497794622854847,-0.06276402980940209,-0.6381810560399135
1427603293.23,0.5564477698668363,0.19016792068345145,-1.1283554296315499
1427603293.24,0.03826399890225923,0.4176776470578871,-0.7743036908452325
1427603293.25,-0.8977208803339441,0.9530364230218208,-0.07047117108112078
1427603293.26,-1.0457446798538879,1.0065306947499728,0.018568204405308375
1427603293.27,-1.0528613265533195,0.99520730739133,-0.11102275411291196
1427603293.28,-0.8316398319070166,0.816827685485701,0.38964373563417887
1427603293.29,-0.09637089702552837,0.18592365892931817,1.283841319662422
1427603293.3,0.09812785798780066,0.09415168126750054,1.2267276644083176
1427603293.31,0.32588554938576614,0.1533210387495836,0.05028556038816279
1427603293.32,0.7778950816410309,-0.2458511863892998,-0.532043835384445
1427603293.33,0.646731343518379,-0.5033541338995255,-0.0729979782147312
1427603293.34,0.541799290392987,-0.7486583626571657,0.4955271152332694
1427603293.35,0.38456936395313424,-0.9370213876099138,0.7641155004372352
1427603293.36,-0.09948892660809058,-0.8047109190900145,0.5510283001207348
1427603293.37,-0.27236421335417454,-0.6439624380536977,0.20087261420613522
1427603293.38,-0.3605822841607232,-0.5625394860725477,0.22368066633802391
1427603293.39,-0.4374330052547914,-0.6041954836195854,0.3331859592854066
1427603293.4,-0.017399596828661643,-0.27532360397082706,0.18245616121601527
1427603293.41,0.5660768670154817,0.258348091863821,-0.03370510722528469
1427603293.42,0.6671024153111079,0.3602193246437674,-0.04828819516618732
1427603293.43,0.1975775377053357,1.0959393387388459,-0.1664101848990658
1427603293.44,-0.26430919096157557,1.9347966297206005,-0.5533710910420057
1427603293.45,-0.24489389407256112,1.1385878726916474,-0.7917001394395775
1427603293.46,-0.0805020229731157,-0.007036228512811974,-0.9184173290856505
1427603293.47,-0.09281920770411622,-0.34564975763872124,-0.9513393979494051
1427603293.48,-0.1527115627759632,-0.45808598003734496,-0.6369602065719883
1427603293.49,-0.21606875889674726,-0.4487729991342842,-0.39889844713760336
1427603293.5,-0.25002300647681,-0.4233051097530466,-0.39561776151174566
1427603293.51,-0.21884267392953172,-0.4382810524948292,-0.13720615074151465
1427603293.52,-0.1972367405144325,-0.3775532433286459,0.2441276660083501
1427603293.53,-0.19085164984541708,-0.3851384756541584,0.3523936010137513
1427603293.54,-0.2095363872445946,-0.41288456514349514,0.2788784503712106
1427603293.55,-0.2205848721143216,-0.4063076647566834,0.24299549613330762
1427603293.56,-0.20757170945513276,-0.499387270287263,0.41570798207101645
1427603293.57,-0.07595669912384514,-0.5384013781998903,0.5653994382604337
1427603293.58,0.4349663241379008,-0.3439622732188199,0.28116500162400154
1427603293.59,0.9404063867794271,-0.1902018454620288,-0.0826616229467591
1427603293.6,0.9096599255139961,-0.0890956787979235,-0.17253036471215338
1427603293.61,0.7359855534221733,0.11009536971623624,-0.34119935767235987
1427603293.62,0.686976222590221,0.2224894428632723,-0.4874158156911176
1427603293.63,0.3879255449682865,0.4994948177190166,-0.12500855902519312
1427603293.64,-0.09903292835432914,0.9255790001877421,0.39918396198676975
1427603293.65,-0.22245503920333423,1.0656430379799386,0.5831796823350578
1427603293.66,-0.09589062205701093,1.034773549361675,0.5986244575950483
1427603293.67,-0.27387963523581726,0.47061533335759614,0.4148275019945753
1427603293.68,-0.5089604482437279,-0.47004258359785595,0.07054994147004753
1427603293.69,-0.5556233540133456,-0.46589827529713457,0.08033509917984463
1427603293.7,-0.6897268734362784,0.14166162929666842,0.21832691625056108
1427603293.71,-0.7143312804187176,0.2943184433678133,0.13620978510565773
1427603293.72,-0.4087342157157377,0.020143349648144834,0.044917760377677945
1427603293.73,0.055964477548300175,-0.651369712710114,-0.1647368263846632
1427603293.74,0.37321352555165277,-1.1287616168210584,-0.406793867619402
1427603293.75,0.34409842935295754,-1.081986396415592,-0.47017112985873266
1427603293.76,0.24606873276929606,-1.0310127259230564,-0.484853509885274
1427603293.77,0.14685681513679952,-0.6151433499135011,-0.44400762416758677
1427603293.78,-0.024083530668589648,-0.03500513758687187,-0.4437844200485093
1427603293.79,-0.04687428680319197,0.022891279343404545,-0.432338087587124
1427603293.8,-0.023915174398071698,-0.020967008783375592,-0.4316761827883786
1427603293.81,-0.060867806963798704,0.043889724267129296,-0.49007496691938457
1427603293.82,-0.13027662872932874,0.5157440740254029,0.08147502331854807
1427603293.83,-0.19117977485550347,1.1574890786193557,0.8016274986006696
1427603293.84,-0.0850335623743706,0.9891795557212396,0.5735262884512041
1427603293.85,0.030291531956478414,0.5610862282872985,0.057493609362649384
1427603293.86,0.11703938357968477,0.2630910574659877,-0.3278836387723275
1427603293.87,0.19389449780937879,-0.0869074269039168,-0.7487381962253754
1427603293.88,0.04209334010008725,-0.010660429997735874,-0.7268593172529098
1427603293.89,-0.09767505509054948,0.07804273870719351,-0.1993640941055357
1427603293.9,-0.08657723483456461,-0.04710110671249502,0.48678986214204123
1427603293.91,-0.09863350456044656,-0.01755091075478283,0.8706170208871065
1427603293.92,-0.09223618013099849,-0.017231563954876156,0.913759798497125
1427603293.93,-0.10551515824933799,0.057995435200429574,1.0252408649720077
1427603293.94,-0.06467902035877637,-0.007074590793168252,0.8331560119710508
1427603293.95,0.05755417566170515,-0.3592626449114706,0.33962022686843363
1427603293.96,0.07259533941880213,-0.4108085038823974,0.1459063988966213
1427603293.97,0.048262144481720295,-0.34829658837467675,0.020087195069985887
1427603293.98,0.04509007666250843,-0.42065938002654,-0.22899662461403175
1427603293.99,0.03471560765265086,-0.4163174851666257,-0.45133223717056437
1427603294.0,0.026429709710780014,-0.46135144526032756,-0.6636715264706858
1427603294.01,0.013316420444568433,-0.512981464676988,-0.8941132126616054
1427603294.02,0.020787296299533797,-0.5332210923623266,-1.1161001567650877
1427603294.03,0.017256439356405306,-0.43875126167176237,-0.9804488032646892
1427603294.04,0.07766333324344249,-0.023065183589920282,-0.3658767130997589
1427603294.05,0.13447149475745812,0.3496892047766082,0.27782596540844046
1427603294.06,0.10964191247310928,0.5012609543718982,0.5766081798880213
1427603294.07,0.27914058597772495,0.6418583554453824,0.607304412704277
1427603294.08,0.22446500234209538,0.6269366626474389,0.8002000220313488
1427603294.09,-0.5430658060492755,0.25143406324840223,1.1583904384358321
1427603294.1,-1.1111150509898398,-0.042811277443904845,1.3220650894521198
1427603294.11,-0.6589221756607606,0.5587801294434782,0.9919887085998789
1427603294.12,0.26192323282609276,1.4452739575064888,0.04001832118517806
1427603294.13,0.6623923776343225,1.3655822649142353,-0.7008615698113266
1427603294.14,0.36609639118275705,0.6222083992328619,-0.7399548007808872
1427603294.15,0.011585171506866776,-0.26663885862189346,-0.6942729329119546
1427603294.16,-0.11442177129144643,-1.089468580719682,-0.515080637747132
1427603294.17,-0.09674083038456585,-1.3297876941740667,-0.21572055507164797
1427603294.18,0.005661869349809778,-1.2380277888487392,-0.15724308936061213
1427603294.19,0.005749370716965251,-1.3340404311956828,-0.02607202075299971
1427603294.2,0.08020638292958772,-1.2611854075763163,-0.024567821615604613
1427603294.21,0.40367445746180003,-0.6907830258405353,-0.4417907202391115
1427603294.22,0.6556501294071209,-0.23516194520574127,-0.7576225352636727
1427603294.23,0.7065341130324458,-0.05405143125859221,-0.7714962125256142
1427603294.24,0.568739603180678,0.49709579463923614,-0.614946182498036
1427603294.25,0.3588158957013431,0.9802464944586912,-0.41192456237588837
1427603294.26,0.1878186104098393,0.9266270978033625,-0.19342013631941113
1427603294.27,-0.24202955895387246,0.7618801400418971,0.1993249557072715
1427603294.28,-0.7539641614478045,0.4256534063125224,0.47264037249911695
1427603294.29,-0.9821024858155442,0.07417122090862194,0.3711390274762734
1427603294.3,-1.051858806879332,-0.08103390988118064,0.28846551416853444
1427603294.31,-0.7548496434713432,-0.34451657082985576,0.41526268421963364
1427603294.32,-0.2748202819695841,-0.4781473801798444,0.5609500093731016
1427603294.33,-0.2334935022566722,-0.47151314342164663,0.5951979568166359
1427603294.34,-0.25450455298987895,-0.5558061612465709,0.5848731637062639
1427603294.35,0.011763412892813241,-0.4334630287552022,0.6062158268178874
1427603294.36,0.19073800209706215,-0.28020324932542306,0.5078851004796385
1427603294.37,0.19407998612676525,-0.3078604626002036,0.3967179537210941
1427603294.38,0.1520695926805436,-0.32001286748759356,0.2838935089944987
1427603294.39,0.12925783325827178,-0.3797941117219535,-0.22043589399193425
1427603294.4,0.12452646934516487,-0.2678912352583008,-0.6715185459915292
1427603294.41,0.06647143633550473,0.1337325221105762,-0.5294691504621655
1427603294.42,0.039206557773138306,0.40941492167828214,-0.34670802394183
1427603294.43,0.08722404331958944,0.5531205512132442,-0.3935299907106764
1427603294.44,0.15743998163195527,0.7216697943316145,-0.40758439618548514
1427603294.45,0.2396919371123119,0.8829626337798174,-0.441347437675372
1427603294.46,0.26056557948386116,0.9518217870416151,-0.4363763852295143
1427603294.47,0.22745453478265829,0.7177574432811127,-0.24057317669728123
1427603294.48,0.15677475301932717,0.29649377443484237,0.008316749486940972
1427603294.49,0.06883199749884614,-0.11300609082914642,0.26683381082510044
1427603294.5,0.03615762796255967,-0.5006496433953218,0.533128460521699
1427603294.51,-0.010158721866997233,-0.6754508285591722,0.6675976132523844
1427603294.52,0.00856640539180975,-0.6431645568456444,0.735875346545702
1427603294.53,-0.10305930717125708,-0.6214172277934513,0.5848826929482872
1427603294.54,-0.5987578514621985,-0.5979497607440231,-0.0012912367804122082
1427603294.55,-0.6685671019303459,-0.5164276852748705,-0.333821978731003
1427603294.56,0.015893536906588998,-0.42739694341169565,0.03573094755985781
1427603294.57,0.4908880834675355,-0.37377073484981604,0.3431467514965328
1427603294.58,0.3765951552494724,-0.26709148700955054,-0.012078099595124403
1427603294.59,0.1315365653832979,-0.12942053265040718,-0.5401020880121592
1427603294.6,0.03118075262171438,-0.16574010387852464,-0.5618484403023789
1427603294.61,0.00656560979731502,-0.22674036437555017,-0.4812255043109782
1427603294.62,-0.05034187888751185,-0.20088637016199307,-0.5916555283001428
1427603294.63,-0.38154604336190756,-0.3849556883262329,-0.15921424821604946
1427603294.64,-0.74146488075799,-0.3593548273387376,0.36028350686624044
1427603294.65,-0.41387246839945474,0.6222142130204307,0.008816343569433532
1427603294.66,-0.012528327447115295,1.695913076352109,-0.43839638859481656
1427603294.67,-0.16603224841782208,1.6693408068499278,-0.35219074470820166
1427603294.68,-0.3526073749460122,1.4159204759723867,-0.23375960013245678
1427603294.69,-0.5252171275117272,1.4815357807928973,-0.1928349658010376
1427603294.7,-0.1934500005695035,0.6661299934779482,-0.11769094091627802
1427603294.71,0.8155676613694104,-0.5064732822013207,-0.2280996046921951
1427603294.72,1.2164093712308508,-0.8726046125866539,-0.31625212459577845
1427603294.73,0.9416910579874247,-1.2369341621730572,0.007351686905895605
1427603294.74,0.7306716371285665,-1.6925198328971025,0.3585002118824776
1427603294.75,0.7382546882746719,-1.8097642430627805,0.3969474922038131
1427603294.76,0.7908037153707211,-1.6847628130347485,0.2896955734372991
1427603294.77,0.3376250656635753,-0.8555590798359431,0.014298764568433986
1427603294.78,-0.06644904659912708,-0.06387278198371527,-0.25930813932570823
1427603294.79,-0.02893521551604329,0.02927212826289361,-0.16077247686308097
1427603294.8,-0.3055558539043879,0.432503018666434,0.26895423026176835
1427603294.81,-0.4393575950176042,0.8940147776276783,0.6655814528381148
1427603294.82,-0.6412191598170821,0.8679130800255505,0.6082916234084883
1427603294.83,-1.7731203298271987,0.9550263354458607,0.21919527678691064
1427603294.84,-2.317839989030282,1.0040440273179874,0.004350487685905735
1427603294.85,-1.3783147745630329,0.6679825496800847,-0.13343026735824381
1427603294.86,-0.257495667378071,0.32145908653857497,-0.3646984846599161
1427603294.87,0.06442305516107544,0.25485743776423925,-0.4087162445851308
1427603294.88,-0.06349368925255486,0.3254150584020124,-0.42408170689046837
1427603294.89,0.5408368486216436,0.2648201527694693,-0.6547844234641129
1427603294.9,1.5570763427214276,0.08173886269035374,-0.8573679624945711
1427603294.91,1.7242565025886343,0.06226262911503065,-0.8975641301466534
1427603294.92,1.2826365238680264,0.18039187772166868,-0.4043677204510779
1427603294.93,0.5924315271427305,-0.10023141294638428,0.5853831571054449
1427603294.94,-0.1385019835785628,-0.679219454267746,1.0050121049421497
1427603294.95,-0.37608553511709797,-0.8965066058067592,0.7976128936727863
1427603294.96,-0.43398624613702147,-0.827009044347913,0.5941365997106174
1427603294.97,-0.5778432631983204,-0.78932620951981,0.3068493504530697
1427603294.98,-0.5894392771945087,-0.7870392653628449,0.05426810196275622
1427603294.99,-0.646249183962632,-0.7570018467688615,-0.043631600394829495
1427603295.0,-0.6251067533540549,-0.724426905465041,-0.08423715483395228
1427603295.01,-0.08624087084807379,-0.5970558057297654,-0.03874386513645993
1427603295.02,0.7211506026412062,-0.20353340450642593,0.025059721246597333
1427603295.03,1.231313789406892,-0.02614669728432568,0.0890576281050427
1427603295.04,1.1453188950263176,0.18493801718742625,0.06979613210658286
1427603295.05,0.5159961175276443,1.1665572178659183,0.06737143432081705
1427603295.06,-0.10954746563276622,1.6639379674132013,-0.11055169804751214
1427603295.07,-0.4775610561308408,1.1151659573776176,-0.8366179288399908
1427603295.08,-0.7499668556651167,0.7036286914427591,-1.1027391449724113
1427603295.09,-0.830997524658466,0.4425722616198578,-0.3937284613103106
1427603295.1,-0.9458477106912084,0.2119301527598385,0.3523393170206982
1427603295.11,-0.953529313814412,0.0457172065915187,0.7761453222055344
1427603295.12,-0.15759534668778796,-0.465084958554875,0.6809252145164724
1427603295.13,0.6656980207358417,-0.8111986734603549,0.21378831829061962
1427603295.14,0.7360719749420181,-0.7519122214194726,0.07033506955039343
1427603295.15,0.8260422529742546,-0.7385033931177979,0.10251816715351836
1427603295.16,0.8001325814856789,-0.6382033330153842,-0.0019026395952858044
1427603295.17,0.09897902852384421,-0.4203567242032626,-0.2079431142297802
1427603295.18,-0.3338894262930577,-0.135632903654728,-0.419573924938298
1427603295.19,-0.04405137844650889,0.37995733704208634,-0.49060301664464
1427603295.2,0.19064890503495843,0.7514452243198604,-0.5211337153863519
1427603295.21,0.12411544717639296,0.5548036141584832,-0.26462732897338404
1427603295.22,-0.0244440721564671,0.037291690400586615,0.3672448922378875
1427603295.23,-0.11681171355090789,-0.26909004925738284,0.6116475719201672
1427603295.24,-0.04727759291828196,-0.2348938887517611,0.30412339555842094
1427603295.25,0.025297906853973495,-0.1751033542736643,-0.0545913332308621
1427603295.26,0.05946057928316073,-0.12727994245933186,-0.31136643578601686
1427603295.27,0.12774240865613987,-0.0316225419427692,-0.44262113021397886
1427603295.28,0.06016900888417051,0.0811222604774882,-0.36126598965304313
1427603295.29,-0.13915555314572792,0.49055508797489594,0.07221737496399143
1427603295.3,-0.42100224113087165,0.8330312505644905,0.547237410584385
1427603295.31,-0.8632954200549168,0.49303869616332496,0.5046162834569947
1427603295.32,-1.261593268286168,0.08139979004117792,0.35402803896648016
1427603295.33,-1.2021481343336986,0.07063624414470773,0.3247788196293892
1427603295.34,-0.5509541492719393,-0.07264285443908308,-0.059442675833611014
1427603295.35,0.18713493593043323,-0.5499284638132983,-0.2786739791424455
1427603295.36,0.4802659770792629,-0.8951875609470602,-0.03869767792150175
1427603295.37,0.4823799635281378,-0.962811791623254,0.06581370909926068
1427603295.38,0.6002250136058945,-1.1215941365576514,0.153724825746701
1427603295.39,0.9228406825476092,-1.0961643402911736,0.1807001985926308
1427603295.4,1.2806774889070882,-0.6151932302123776,-0.1146629165345201
1427603295.41,1.6429482218377558,-0.4059458015036907,-0.27801816031654036
1427603295.42,1.6322537284513365,-0.4303817248010298,-0.24373474155306274
1427603295.43,0.6382807246920051,-0.007678104342956902,-0.2167917618001847
1427603295.44,-0.5504433711125826,0.48934908597824384,-0.1103201150162671
1427603295.45,-0.8490013396518443,0.6140026473579983,-0.04843952987529465
1427603295.46,-0.7057092655761058,0.5829768365641272,-0.05057333583436241
1427603295.47,-0.6205272442188969,0.5641200604315267,0.007805017720684926
1427603295.48,-0.4768057156533701,0.5491928463270873,0.07177302115310247
1427603295.49,-0.3459365039517394,0.5587399576973573,0.15582590044304923
1427603295.5,-0.2829400176206978,0.5514847469387982,0.22409563665395452
1427603295.51,-0.41687433766256055,0.37003889437436177,0.1609428855543007
1427603295.52,-0.8148035407286454,0.12128820725057646,0.0624766391147315
1427603295.53,-0.9136097773849101,-0.039568594790156834,-0.012291940766153309
1427603295.54,-0.43904016467830687,-0.22656108446088802,-0.09993150616141494
1427603295.55,-0.04285021857176653,-0.34002611853660125,-0.1480731871302808
1427603295.56,-0.02463854346694004,-0.34404922907954305,-0.18643647815124703
1427603295.57,0.03334712281429236,-0.41923954858890744,-0.19133731156607886
1427603295.58,0.1481042271580078,-0.5571954777167039,-0.11597723028401086
1427603295.59,0.1698368919050149,-0.7030553048289084,-0.09761274106831128
1427603295.6,0.48363473436986276,-0.7639927192459677,-0.05513306117831823
1427603295.61,1.1015317073681468,-0.918538006236717,0.12068799963641574
1427603295.62,1.3448830926702815,-1.055016197490827,0.14335619133142186
1427603295.63,0.8883981320699809,-0.6658219847856163,-0.1449430532258189
1427603295.64,0.20160776654130713,-0.34178223129754776,-0.5335394324062799
1427603295.65,-0.009700776705307113,-0.11609589728439126,-0.6711823498152028
1427603295.66,0.04341241627786899,0.7722955621127173,-0.3809152339167142
1427603295.67,-0.07326832496775439,1.4689974569868678,-0.09950867089519842
1427603295.68,0.07244137846749227,1.5540033035632705,-0.18472475185298334
1427603295.69,-0.14396330770019622,1.5051627490336152,-0.13460617196591756
1427603295.7,-1.5121259172929742,1.180955599981735,0.36034432197427324
1427603295.71,-2.5795226475518804,0.9466529348735306,0.7475114593125164
1427603295.72,-2.5110268458920078,0.8407482582417045,0.872947237763194
1427603295.73,-2.325674358988393,0.47021336620663623,1.4238850219314483
1427603295.74,-2.2143709748137486,0.09082311977910613,1.990912556977988
1427603295.75,-1.322958175651441,-0.4247480269964499,1.1239209211773336
1427603295.76,0.2522675231718398,-1.311322960581725,-0.4294660427732987
1427603295.77,1.417963276247172,-2.086742991101562,-0.8603612490190709
1427603295.78,2.043632697886363,-2.4179926993704988,-0.632888935600693
1427603295.79,2.4088283244511017,-2.84694466658212,-0.5340526500910678
1427603295.8,2.47982567897756,-2.9634041212350843,-0.4617945065100185
1427603295.81,2.5155771490506886,-1.3232121877342522,-0.6214060465906068
1427603295.82,2.348807385163293,0.5763976568233132,-0.8172300980212074
1427603295.83,2.335673226286123,0.614437271489991,-0.8176642614745383
1427603295.84,2.2018360235287853,0.4122388192493655,-0.7708052982519702
1427603295.85,0.3855283100469732,1.0787957412988691,-0.5702239609684453
1427603295.86,-1.6070919165608393,1.4967578910858839,-0.2828632818633471
1427603295.87,-1.9679888141022868,1.655449439260265,0.041720315860030444
1427603295.88,-1.9858457331322912,1.6928955524412699,0.43706711147307786
1427603295.89,-1.9076556704314005,1.250724238793577,0.6505557076448873
1427603295.9,-1.4275788352412713,0.7120536227893126,0.67044927690601
1427603295.91,-1.1970894230764912,0.28481020279541697,0.7574024747244467
1427603295.92,-1.0217053554052218,0.0025235538137957873,0.7834937995143686
1427603295.93,-0.6213782389620252,0.05627159214848435,0.3614399351065191
1427603295.94,-0.32987698965151535,0.22868304227432434,-0.16109310490322207
1427603295.95,-0.22264477052730663,0.32937088939507275,-0.3207858567934804
1427603295.96,-0.1568940040928517,0.21379682185994325,-0.2951693399567953
1427603295.97,-0.1761680503370186,-0.15356769880402144,-0.0563202466869612
1427603295.98,-0.057931962200094264,-0.6455348751346114,0.21918278742840264
1427603295.99,0.0236447548449171,-1.1923191806295512,0.46472717021765464
1427603296.0,0.03575339331167138,-1.5821450470097296,0.783124967670601
1427603296.01,1.0550397006088479,-1.779140083280715,0.5573453965486211
1427603296.02,2.2150687862372407,-1.6041338806522332,0.26926061328278483
1427603296.03,2.6732180319156758,-1.609208217410782,0.1480088419364911
1427603296.04,3.3036869829700493,-2.0549864344171827,-0.9443106118460107
1427603296.05,2.791970146885182,-0.9319679518552718,-1.849021012116605
1427603296.06,1.6026776980039288,0.9960420946599623,-1.513046404214991
1427603296.07,0.882835105529643,1.730669408419553,-1.1749197942851521
1427603296.08,-1.6089281233782702,2.8029050903692534,-0.6761549391808468
1427603296.09,-3.869450879500921,3.7230709165299394,0.0046235018038731646
1427603296.1,-3.6750414528317172,3.757402531830886,-0.12070892288130763
1427603296.11,-3.999814559524598,3.6537120015124604,0.030451541056002007
1427603296.12,-4.476131496451993,1.8184924200053865,1.0712221663289385
1427603296.13,-3.959499217188934,-0.1977557897474269,1.7263673528197632
1427603296.14,-3.2620080615572737,-0.7203942413739212,1.9081916504049041
1427603296.15,-1.1338095464148223,-1.9920173472923153,1.8429421485962514
1427603296.16,1.2225543917734596,-3.0273306727473086,1.2601506994606395
1427603296.17,2.0771334685727703,-3.0889680704816,0.6770063537882169
1427603296.18,2.831179963325015,-3.1731061436736834,0.07828600366101646
1427603296.19,3.3896566222732836,-2.099198885222997,-0.9638561321070096
1427603296.2,3.410320283751958,-0.9217912815246057,-1.807849724826796
1427603296.21,3.365596737909682,-0.6730203784520405,-1.9815201518539673
1427603296.22,3.3673566652704134,-0.48161783514098966,-2.1389789078302313
1427603296.23,3.588554757564609,-0.6105189991989184,-2.3547768368079853
1427603296.24,2.4257040791283853,0.11946371243916425,-1.4968713974402585
1427603296.25,0.4706281662259161,1.5661744739918841,-0.17352095171604648
1427603296.26,0.2869027527226866,1.6338367402637028,-0.017053795938208716
1427603296.27,0.08132802088387164,1.1593160026702491,-0.08889362404125614
1427603296.28,-1.0489330126616057,0.7859545437595646,0.3969162942168879
1427603296.29,-1.7374619180317512,0.6294150429505875,0.5234629897073415
1427603296.3,-2.8084440904983285,1.4083692594886983,0.5235749040707292
1427603296.31,-3.767313220310399,1.7117113133517101,0.8332668815150297
1427603296.32,-4.087055202058519,1.3197494374018242,1.0999447523247328
1427603296.33,-4.342041727999973,1.2279164165616239,1.268582998220447
1427603296.34,-3.435743156697585,0.7137830503399177,1.4008916807515788
1427603296.35,-2.2974910870349357,0.18127578846900813,1.5136194792749378
1427603296.36,-2.25951016345173,0.17271507018874127,1.5196019000121614
1427603296.37,-1.566286782505122,-0.35330563187471903,1.3229379997790893
1427603296.38,0.14652979622432766,-1.4524820427704406,0.9837299768045735
1427603296.39,1.8296866924772326,-2.525571507017128,0.5547079808769331
1427603296.4,3.5543183974251713,-3.7085997022904666,0.23948566211326128
1427603296.41,5.418973564795218,-4.899667982216821,-0.2121667466321533
1427603296.42,7.037503237670741,-5.278041145943766,-1.266036228921386
1427603296.43,7.161093154714652,-4.212323264278934,-2.1736885994416393
1427603296.44,5.663954935894011,-2.048830085681604,-2.4645612619352324
1427603296.45,4.534985790568854,-0.12431305024065163,-2.8760904522775372
1427603296.46,3.632063737857284,1.2405634684312086,-3.1175401428309684
1427603296.47,1.6388143393834855,2.742905362913373,-2.5203578869676186
1427603296.48,-0.5817748554601831,3.8278675653975465,-1.5606667942048684
1427603296.49,-2.8268206234001423,5.153863704556781,-0.6814536226390775
1427603296.5,-5.219150270731388,6.614506286910514,0.2075718627379204
1427603296.51,-7.298345099522596,5.342747922076407,1.6129684345560267
1427603296.52,-9.314935001379638,3.0242833969401834,3.1970609345870886
1427603296.53,-9.871012648405138,2.3182624200268642,3.5992414311985406
1427603296.54,-9.681118778250202,2.44776163373799,3.4207003930940236
1427603296.55,-10.278215665831674,2.7165231307133526,3.5600989049289025
1427603296.56,-6.079295245081909,-0.6370836627903483,2.6767897676065866
1427603296.57,2.7395580937838018,-6.197150666319442,0.8013527305098511
1427603296.58,7.166624059198797,-6.453794933273247,-0.49999550862325837
1427603296.59,8.088767260379491,-4.663919753064984,-1.0940074682932037
1427603296.6,9.038414223852724,-4.7519733816634915,-1.3417539441552693
1427603296.61,7.51528727340173,-3.0689624207040422,-1.4911303615219986
1427603296.62,5.877697525656511,-1.3608026214990203,-1.6930987982812766
1427603296.63,5.95668402991695,-1.3173495711569034,-1.7263143583280351
1427603296.64,5.819906646989914,-1.1167855906174968,-1.7269203156875843
1427603296.65,5.8897100797517465,-1.0319344912181565,-1.8138490847480102
1427603296.66,4.6520841647767295,0.14522240120792662,-1.9898046600310353
1427603296.67,1.870767085684719,2.1245707398304208,-2.0822814413958253
1427603296.68,0.1896085460913418,3.11427987838421,-1.8352277994796213
1427603296.69,-2.6158683746407245,4.595328938903011,-1.4026444013795358
1427603296.7,-7.9097787473947445,6.205412383759935,-0.23014629941784648
1427603296.71,-11.280478002272854,6.3018491407907575,0.9301305487745193
1427603296.72,-12.451453892697241,5.836037940413153,1.3486821049691677
1427603296.73,-13.156459513665009,4.121318820141531,3.2274675391930714
1427603296.74,-10.317424607359552,0.601521263616447,5.189912059638319
1427603296.75,-8.677412918590855,-0.5613402787490278,5.524254409216236
1427603296.76,-10.572903733512788,0.21656882211590353,5.993389511441592
1427603296.77,-3.6236902513872393,-4.269752698409769,4.168856196463275
1427603296.78,7.415312268026477,-11.585994862271344,0.9498620027120941
1427603296.79,10.191127859761751,-13.037522263289148,0.20946879804954754
1427603296.8,15.098487732766856,-10.721405406991854,-2.1391848757750216
1427603296.81,24.347870198258825,-9.958832960689627,-6.068857396414263
1427603296.82,24.12576921690883,-7.827539207456751,-6.495825336453084
1427603296.83,16.899360812907787,-1.3864470882607403,-6.020247627564539
1427603296.84,13.322319237641677,4.522503907280689,-6.692068648238749
1427603296.85,6.85991274614147,7.435824602102097,-4.989935685761031
1427603296.86,-5.080423764936315,11.561626919476549,-1.8886950787260202
1427603296.87,-9.27891896632655,14.865112369898284,-1.0704897753269882
1427603296.88,-11.926371611673844,12.292786308676812,0.2796716012986602
1427603296.89,-19.65726802118591,6.869068929014426,3.66586799992783
1427603296.9,-20.785673651843865,5.131301761296134,4.5033707220300325
1427603296.91,-20.442200882145812,6.877522200994733,3.7476665043032735
1427603296.92,-19.24289299563425,2.798362518543142,4.783588325585866
1427603296.93,-10.42474821194562,-5.972232866555697,5.470711816288749
1427603296.94,-5.985401540385284,-7.90280503448562,4.6917234254397995
1427603296.95,-3.147543511714459,-7.24994070503137,3.252661501929322
1427603296.96,4.659509252480119,-9.04217910396703,1.2689021967855085
1427603296.97,7.7410942669137075,-7.914577184107537,0.0004762599408314472
1427603296.98,9.57177080193125,-6.587693574302387,-0.5693414551316796
1427603296.99,11.192638230953435,-6.491442856837323,-0.9692441527598179
1427603297.0,9.453055318990174,-5.883025694767993,-0.5555159169102684
1427603297.01,12.474209797118409,-4.7687952051787175,-1.3375755044386386
1427603297.02,15.526066054550807,-0.4834024059233152,-3.16416865350104
1427603297.03,18.111359300710284,2.051363355033849,-3.8903775254232045
1427603297.04,20.950443578689725,3.1373507193330386,-5.1698717301928765
1427603297.05,12.934642736879935,7.222692323090272,-6.169007687496293
1427603297.06,10.25025129802314,8.22250763048834,-6.67136382639273
1427603297.07,8.359485646476509,9.906320102158173,-6.091757754031306
1427603297.08,-12.061775356105262,13.379896070459345,-1.3564239449270739
1427603297.09,-23.47721125829655,12.962154823668946,2.0942435106800588
1427603297.1,-30.61358369055565,12.89443637326514,4.137583085203408
1427603297.11,-42.126313983555704,7.83654151780976,8.326479348674983
1427603297.12,-36.4466696958112,-2.4942758517218646,9.43432331037111
1427603297.13,-35.69273373535732,-8.105339715729173,10.117592917656692
1427603297.14,-27.026890124322783,-12.60829284947608,8.856568479781027
1427603297.15,8.720629766830045,-19.41631777812582,1.310091613091895
1427603297.16,23.427714091251786,-22.436428157072218,-2.1423062928426155
1427603297.17,19.36084026591312,-19.9333536800097,-1.3210368269097348
1427603297.18,23.37485133198622,-23.07650230088065,-2.0435053586479004
1427603297.19,28.292422122601955,-20.89744804184276,-3.276484490323993
1427603297.2,38.802919572777895,1.1527016315936798,-7.27651269291187
1427603297.21,43.63208159478636,12.351349182626334,-9.493659328987196
1427603297.22,31.525267835452603,14.743009709584738,-7.149362465973649
1427603297.23,17.32154669327307,28.96088873016741,-5.782758597921915
1427603297.24,4.609928147221336,32.298375767729524,-3.7561829832187565
1427603297.25,-7.007905133384643,30.05345707526045,-0.6462004041265663
1427603297.26,-16.49285769240227,24.505415778684892,1.5879613270256714
1427603297.27,-28.27211767693099,3.7128619521288826,5.361588495600387
1427603297.28,-33.710610201797394,-6.655532216387569,7.362122368091688
1427603297.29,-29.976963712086885,-7.261721364456789,6.3715047071120186
1427603297.3,-32.134025283860225,-11.369838046301776,7.645078006486941
1427603297.31,-28.673052801080956,-13.812840207421718,6.580415280328376
1427603297.32,-8.079181195732227,-20.534059712413242,0.5484126412692447
1427603297.33,1.4640386420768086,-25.57758634006683,-1.9755025629486347
1427603297.34,-0.4400536460398363,-21.72018948709648,-1.8705279213968122
1427603297.35,6.306423719810365,-12.75387575986529,-3.354249845125416
1427603297.36,8.678794898269608,-4.277848274001098,-3.4024436995964296
1427603297.37,5.92428041621033,-1.801120683454266,-2.360961806914643
1427603297.38,7.905877946200031,2.869962493156605,-1.1568888725690742
1427603297.39,11.1846081027756,8.632086421790994,-0.00672376078896697
1427603297.4,16.20508430516204,7.593215514779082,0.19907029896865858
1427603297.41,17.72538047355399,7.992701411834489,0.06183620872664619
1427603297.42,19.209932758403696,11.021154246767123,-2.299603473440671
1427603297.43,21.10601982334137,10.551629423435756,-3.943685050111057
1427603297.44,17.46797754058273,9.889947369393077,-2.8158660691831567
1427603297.45,22.88111848264745,10.41474413828016,-4.131315417592933
1427603297.46,17.02879221042256,8.96068025160439,-3.152282837849997
1427603297.47,-13.550327887947752,7.528710742000184,2.1556614425278884
1427603297.48,-28.902826188683953,4.758792626025831,4.5642983131744455
1427603297.49,-29.357709375806614,1.7805415433523322,5.32686123719583
1427603297.5,-31.333108186882278,1.463900552277395,5.639229609837654
1427603297.51,-33.421262842298304,-2.6551867472565913,6.360257397066642
1427603297.52,-35.37525579809094,-1.4297668908040142,7.0996519655531785
1427603297.53,-27.337287793259296,-6.100147194627721,5.324438858867952
1427603297.54,-19.583192225272388,-34.78321119060735,5.5004688800218515
1427603297.55,-2.194023836273204,-42.69527149494894,1.733750531392067
1427603297.56,37.824479965873145,-25.311422083449642,-9.38329358987672
1427603297.57,57.045206367545795,-11.379990144298876,-14.722223777133205
1427603297.58,42.83532946306727,17.39499556048758,-12.262324336077668
1427603297.59,31.179715469582575,34.67097953709762,-9.571439628534753
1427603297.6,33.977454408326906,29.97278409128837,-10.18341577853759
1427603297.61,18.290124336576355,34.04666541104414,-6.135568726165886
1427603297.62,-21.81696413108588,26.671114270484566,6.0190324585933
1427603297.63,-37.68187738622477,15.656622691381273,11.122058658762093
1427603297.64,-34.22171237328985,8.544623818317518,11.00225057664461
1427603297.65,-31.882728889007034,-13.45977002744742,11.892057799842775
1427603297.66,-14.910968400492617,-23.17416692221073,6.798496346418274
1427603297.67,-2.2122771933081187,-23.398442206583304,3.065272122449656
1427603297.68,2.712939194719269,-23.54852556539892,0.9843969088881639
1427603297.69,12.802940544775836,-7.997836395321703,-4.764191847672924
1427603297.7,11.563830719978016,-1.3520322724896954,-5.234960169118888
1427603297.71,8.436714766496221,-4.536108237851947,-3.953659641566421
1427603297.72,14.523425720324806,-0.47477010216868626,-6.343132105351318
1427603297.73,6.498878441824627,-0.007445029800875781,-4.078762031032952
1427603297.74,-15.761526662722273,0.3117060712373686,2.1915000813256285
1427603297.75,-21.94300080839159,-0.3742851655665864,4.249913102774009
1427603297.76,-13.86405551458174,-8.445323107136858,2.9985663429181244
1427603297.77,-10.488330820965729,-11.293347876009861,2.550505350024012
1427603297.78,3.5898784928087126,-3.9655167135882707,-0.2801005201818221
1427603297.79,24.565586548849655,1.7202500678062655,-4.735126502520545
1427603297.8,24.15386654142859,4.547678019876304,-4.618245126541661
1427603297.81,15.961058924935216,15.214770870615201,-3.104719746369132
1427603297.82,12.267990192559715,22.418512137798377,-2.5629374241741267
1427603297.83,8.557613522371163,20.62515091627061,-1.5861099271942023
1427603297.84,14.862927435519692,23.881769620722753,-3.3386457530808498
1427603297.85,7.538602996897936,19.78885456335525,-1.3429325104091485
1427603297.86,-25.050378149765905,5.591233641455597,7.832849724707133
1427603297.87,-36.33685957073897,-5.823121140987927,10.865357775240822
1427603297.88,-26.479808343035483,-24.088404274288827,7.558130232602906
1427603297.89,-23.722716233172513,-35.97996071405195,6.291382818497864
1427603297.9,-12.721635742820553,-28.47563759603812,2.7685415152586215
1427603297.91,5.593546288949068,-24.54075718744663,-3.3151416669415856
1427603297.92,14.13735680779598,-19.788607702688978,-6.223317655665226
1427603297.93,18.227227987583113,-1.2724483521592445,-6.998237437767871
1427603297.94,24.156672984585843,12.102147508529578,-8.829860382472404
1427603297.95,22.727718312989865,14.424706908231299,-8.160316596246512
1427603297.96,6.822680434511107,14.615165582638728,-1.7687426633546113
1427603297.97,-5.447494398653171,14.875335356675906,3.07829368939561
1427603297.98,-5.282318525421894,15.329846942880087,3.083605792094551
1427603297.99,-5.530866141247752,14.487509070541297,3.1163716228232596
1427603298.0,-5.07651888829048,16.127944433148738,3.0308839957244156
1427603298.01,-4.670633806866891,14.82814147325822,2.8177476148986598
1427603298.02,-8.591656032816811,0.6867436491492247,3.516658518409202
1427603298.03,-7.586028057057062,-10.642655993506356,2.541532860125424
1427603298.04,-0.2493055927859244,-10.378575925138053,-0.26083829186467383
1427603298.05,5.259004610394051,-10.738141279069115,-2.332329458964586
1427603298.06,5.758169151515014,-10.234021646637823,-2.4751419938797676
1427603298.07,3.320503686637317,-3.3745319523423114,-1.6192122816173624
1427603298.08,0.8849834381001173,3.9558717368643177,-0.85296072934099
1427603298.09,-1.497057635976653,4.339625592630388,0.07785936269433813
1427603298.1,-4.678179716979993,-2.9771921025000347,1.6343663624537603
1427603298.11,-7.125285028870133,-9.717305024792187,3.0307677557392583
1427603298.12,-6.605178917911929,-10.039807958163555,2.883938666681262
1427603298.13,-6.051528610113116,-8.867793674035,2.66848152423864
1427603298.14,-5.523724859044217,-9.774242843136744,2.3754160543668856
1427603298.15,0.8615376529525332,-7.055199396849767,-0.9570406568082004
1427603298.16,8.034623745733754,-1.5136530041292762,-4.438799243924285
1427603298.17,10.501247441814936,3.2638575410291706,-5.018081133952025
1427603298.18,11.719336955007948,11.560527925351584,-4.593285564685729
1427603298.19,9.598135735174806,17.17909836380021,-3.0706023071095285
1427603298.2,4.944394321245875,16.955665963593386,-0.9092089875183413
1427603298.21,1.3757061815285812,15.362069618851262,0.5954402704977728
1427603298.22,-3.9420727613003725,5.806145333009171,2.311301996461716
1427603298.23,-8.391637500730923,-4.565967871098599,3.5791556384131176
1427603298.24,-8.558907987116937,-6.752490342815727,3.6066838648343604
1427603298.25,-8.887024710324146,-8.020691601977363,3.8186280152769427
1427603298.26,-9.764692953429059,-8.119747342710138,4.284726414143212
1427603298.27,-6.132242980302305,-10.564908167236007,2.6022198854843586
1427603298.28,0.39255317390659855,-14.831784421621633,-0.774122585526835
1427603298.29,4.630845497844499,-9.07158536905211,-2.818059897436591
1427603298.3,6.766234231204272,-0.09609911856813969,-3.682390782740228
1427603298.31,6.834937302344189,3.412554518750135,-3.7283691228729596
1427603298.32,5.374533002802394,5.976674197835266,-2.8272667385396026
1427603298.33,4.095499262455587,8.49275638091868,-2.145454282387604
1427603298.34,0.7527650152316611,8.440462225797049,-0.9211948008161859
1427603298.35,-2.837981359605581,5.924896729429986,0.2292813610843647
1427603298.36,-3.760948335680368,3.817617291940571,0.2843799467848356
1427603298.37,-3.6359355068063515,0.8841515007345526,1.1278646269177128
1427603298.38,-2.02431065301856,-3.4001107909798716,1.9339149357334586
1427603298.39,-0.8245279599603632,-4.4829739791412875,1.8430992855370922
1427603298.4,-1.2504334187219543,-3.9603945772183065,1.910647733753424
1427603298.41,0.5317440275572269,-2.9723029387375246,0.518119939811136
1427603298.42,3.117247563804642,0.2878576812407569,-1.679497923274476
1427603298.43,3.303373811919295,1.739960510630894,-1.9602721572479576
1427603298.44,2.6164109160221076,1.840083079799099,-1.389550926253334
1427603298.45,1.985863282790058,4.476128865223494,-0.9449716853963216
1427603298.46,0.5696464895661572,4.608699222453715,-0.08245772119693545
1427603298.47,-1.428459113365999,0.7393935883245931,0.6871755657048453
1427603298.48,-2.4696554703374476,-1.2278659334816941,1.0036749376708163
1427603298.49,-2.6345631577873347,-2.0149611868611426,1.13715538170567
1427603298.5,-3.087515715760038,-2.119575540604349,1.2998647305956093
1427603298.51,-2.6286364497698056,-2.056986809689952,1.1291891276168706
1427603298.52,-1.1676168072582311,-6.246512601405296,0.6804218879746744
1427603298.53,0.18392950503778002,-7.670353275117476,0.11153016139753857
1427603298.54,2.5107315848017464,-2.990268493959119,-1.380984933366959
1427603298.55,4.23021453707653,-1.0727354696484663,-2.4338613692819973
1427603298.56,3.1637351527184316,1.5960674705803923,-1.7072862059141172
1427603298.57,1.9950021029639324,8.445954490013666,-0.9436944342427783
1427603298.58,1.5417325258133672,9.892880824657372,-0.5686612891282578
1427603298.59,-0.5385649153014989,6.3455219085861785,0.3979397363965225
1427603298.6,-3.2354557623929683,6.066293117512073,1.7487853509939066
1427603298.61,-3.4363121731262667,4.650533071976609,2.02053365857573
1427603298.62,-2.134353737065336,-1.972559460894922,1.5308172083045446
1427603298.63,-2.3861067312300763,-5.502372171591167,2.263886528081084
1427603298.64,-1.7420601716928579,-5.0926618037982925,1.522898522026134
1427603298.65,1.0636341760536345,-5.298297039616969,-1.5022755710868745
1427603298.66,1.9398887759162082,-4.943343777784751,-2.3872620768428843
1427603298.67,1.5691028554494297,-5.377580173334183,-2.049879892864847
1427603298.68,1.9050074809389435,-3.8477535770026092,-1.9118297028126632
1427603298.69,1.9325388980078637,1.0688027710100834,-0.6734833506088812
1427603298.7,2.0177240642511145,2.3013795023556916,-0.17651484457308897
1427603298.71,1.0217646373007319,2.1517359676411947,-0.07776316628785523
1427603298.72,-0.7056455514033364,4.2961300794667086,0.9509395173320716
1427603298.73,-0.7701961744884112,4.147191114909101,1.1074866316053456
1427603298.74,-0.420653750233871,1.834918128807088,1.0299532826409956
1427603298.75,-0.30455139044612467,-0.1951055685811186,1.9065433842363415
1427603298.76,-0.12188435544098264,-1.4046966713324287,1.4252511029855146
1427603298.77,-0.4410151298970311,-1.2493864907415677,-0.6076576057560281
1427603298.78,-0.4732685955374278,-1.1354333758522972,-1.384930159309005
1427603298.79,-0.31673096126688727,-1.4896092412245867,-1.191605763403261
1427603298.8,-0.2450077839421595,-0.8967976757170482,-1.2573573687896191
1427603298.81,0.11426161042598154,0.130924696815407,-1.0530105403130008
1427603298.82,0.2506849186057895,0.5369963168360234,-1.0139713573982359
1427603298.83,0.126456450390252,1.07226073851083,-0.4932750943979617
1427603298.84,-0.007840227254375942,2.7234578114395096,0.9931363280617516
1427603298.85,-0.14565892304589756,3.5940262524394293,1.4317848236123702
1427603298.86,-1.1927050010506823,0.942691134286589,1.0539203147996954
1427603298.87,-3.2123658736305845,-1.701879340076622,1.0977492647730105
1427603298.88,-3.156563198937469,-2.021683734154519,0.899846588772373
1427603298.89,-0.8340488687821712,-3.9866248927650916,0.5460084153066292
1427603298.9,0.5889002812674761,-4.718048009460464,0.1077739225908948
1427603298.91,1.0177524263272646,-1.6759150813685735,-0.7991925510896316
1427603298.92,1.196877869815436,-0.07530870618422943,-1.2304096675416933
1427603298.93,0.9372866139254168,-0.26540933407829237,-1.0707136758048637
1427603298.94,0.7846166437159584,-0.4716337969052812,-1.2014286722683303
1427603298.95,0.6469113212732909,0.6042855283299357,-1.0067343407412273
1427603298.96,0.452040425218258,3.66733286719405,-0.4415833520502743
1427603298.97,0.3114370375346648,4.482504128373842,-0.2567874937463091
1427603298.98,-0.019307202386456092,2.974040852257359,0.030740214217983175
1427603298.99,-0.28698313956457416,1.9541541346304794,0.33799805463551774
1427603299.0,-0.5818801573022399,0.522557895689672,0.4579900856107651
1427603299.01,-0.8534194470955913,-0.6084231183089869,0.6456907452209577
1427603299.02,-0.9750963371094084,-1.1041108070554888,0.4997254457648273
1427603299.03,-0.9230262676323335,-1.9493772174701216,0.4023978722720389
1427603299.04,0.04997650393898956,-2.008904022064555,0.53769568119411
1427603299.05,0.8910814878332931,-1.7250205854703788,0.5254273717028612
1427603299.06,0.6592815372119292,-2.220882068113462,0.7491361386812826
1427603299.07,0.9551117274334775,-1.6397412760922627,0.5738283023583951
1427603299.08,1.80843905384694,0.07374595424332096,-0.31902720133365436
1427603299.09,2.0682076828122233,0.7023460366816282,-0.5901023995643329
1427603299.1,1.245890002373149,0.7292574629788509,-0.16943926025969092
1427603299.11,-0.36468620587122863,0.9194580420294015,0.1042488566821683
1427603299.12,-1.024040700229363,0.5606871283160938,0.19137723055227374
1427603299.13,-0.6847323382878242,-0.4597727956877543,0.13806721857924098
1427603299.14,-0.5068828323320838,-1.2694782865580079,-0.09105149925718259
1427603299.15,-0.09290080616543439,-1.182707747442714,-0.3069841315658084
1427603299.16,0.40142970610233397,-1.1619392280522103,-0.3122369850675961
1427603299.17,0.26921989547547337,-0.6495822255576449,-0.3423666594312261
1427603299.18,-0.22360514240576002,1.3671779385290885,-0.6172841803512908
1427603299.19,-0.5312112030787617,2.222243255037441,-0.6759708011048113
1427603299.2,-0.4768390408910555,1.6221378512563938,-0.5170546855502414
1427603299.21,-0.45798261825287534,2.0128216796179266,-0.6087171546636865
1427603299.22,-0.7513968829218243,1.9914826332356002,-0.4607027516262212
1427603299.23,-1.0490374025737417,0.7951652618332923,0.08603399347361929
1427603299.24,-1.0861929530824503,0.35232303468857007,0.34245196554838686
1427603299.25,-0.7829241341702731,-0.23678374133036023,0.4907370190502421
1427603299.26,-0.20258238573992485,-1.5101844709875607,0.68763326823321
1427603299.27,0.09437351421836976,-1.8881267034268343,0.42427921261621365
1427603299.28,-0.1784593763210925,-1.8869319186333018,-0.1000258425630669
1427603299.29,0.01522621268038582,-1.5791480826727593,-0.3391101809111202
1427603299.3,1.0950192503296508,-0.6604140073034999,-0.21097784864973113
1427603299.31,1.5670986283173676,-0.1804885595455072,0.029670622315687845
1427603299.32,1.4268600366749657,-0.01060662274879929,0.11612038354022869
1427603299.33,1.8551803321579712,-0.05105977181172827,0.14863170628076838
1427603299.34,1.4469201188375518,0.27285018980989906,0.3179272841712123
1427603299.35,-0.09105253373393574,1.3850833814295218,0.5116337833188986
1427603299.36,-0.6421211663552527,1.8254091304607611,0.6259922286581733
1427603299.37,-0.8648806744608194,1.5352539389367807,0.57495839599159
1427603299.38,-1.5653076064664164,0.8590812070435009,0.19345332333302878
1427603299.39,-1.5352796913981983,-0.09225223542218848,-0.06291173399602956
1427603299.4,-0.983197322719634,-0.6732136369908559,0.09763367388772376
1427603299.41,-0.41113502243369426,-1.3801631943934598,0.021797028116192968
1427603299.42,-0.2552379761557014,-1.8351374004111,-0.2690778424775318
1427603299.43,-0.6213610864230416,-1.4182372124751341,-0.34918519320619174
1427603299.44,-0.22352920250024447,-0.6537098343047997,-0.4467696258186321
1427603299.45,0.32315422751725725,0.3519351507593423,-0.5988061364956088
1427603299.46,0.1747871067636728,0.8314679666047721,-0.6172517575323259
1427603299.47,0.23070682292725994,0.6506526495641438,-0.5013405128265834
1427603299.48,0.06739529178219425,0.8986739977232737,-0.46785894238906545
1427603299.49,-0.06140023655219845,1.005387724711447,-0.44458055927954443
1427603299.5,0.12087936950400625,0.9052186622465035,-0.3057507785990559
1427603299.51,-0.3694320115889592,1.4423815401963958,-0.4499733787839813
1427603299.52,0.16366941367976048,1.031481586800141,-0.19461145991204984
1427603299.53,1.891124784315277,-0.6981618388947521,0.8129255659945207
1427603299.54,2.010302734875394,-1.2993248752269828,1.0351526039253687
1427603299.55,0.8106468621274849,-0.5903523907636457,0.6520090092205241
1427603299.56,-0.08453401505107755,-0.2674906338582936,0.37515320292464094
1427603299.57,-0.27737894984202005,-0.3589604935017391,-0.39487934530798474
1427603299.58,-0.22323648858482792,-0.16257986771049668,-0.6826919933809624
1427603299.59,-0.2786732951015305,-0.12549649792271672,-0.5476415707991369
1427603299.6,-0.0881906821787442,-0.13450190908863138,-0.9999460467312504
1427603299.61,-0.4405314346039755,0.35306943410459735,-0.5379574332958654
1427603299.62,-1.3900011346485033,0.818020061688823,0.6792252662372793
1427603299.63,-1.7910255775256563,1.2502007822057473,1.0957537565613193
1427603299.64,-1.2311253157776307,0.5540870353699754,1.0455048137544551
1427603299.65,0.08721287158685043,-1.4549323514408485,0.6764993511909763
1427603299.66,0.8208657764044575,-2.3143711953326576,0.1187066437131839
1427603299.67,1.0548607052517172,-2.724783422616268,-0.6247267614952478
1427603299.68,1.4144414389103543,-2.7880154008449476,-1.3199548711584408
1427603299.69,1.0679010113161511,-1.125818779990324,-0.9785922457076911
1427603299.7,0.7107602239614543,0.037180027292259964,-0.36530972384374394
1427603299.71,0.48443802414886694,0.6645523100451438,-0.1318906108215018
1427603299.72,-0.0813402973637597,1.7107285502577037,0.048913945497118694
1427603299.73,-0.22869363377532986,1.7889338029390514,-0.018375309742327997
1427603299.74,-0.2016463301296485,1.6116577362901747,-0.015084851390512632
1427603299.75,-0.20108506864285625,1.9376494398093997,-0.0352271650175031
1427603299.76,-0.4818546778086567,1.7130595842957426,0.053694975900030445
1427603299.77,-1.2792383183243836,0.675749022687861,0.6190752874811456
1427603299.78,-1.5371561465327432,0.08241868559519676,0.8389083705437063
1427603299.79,-0.9405764049140123,0.033043311473288296,0.7656573445994346
1427603299.8,-0.035940646870102955,-0.6724277690733595,0.6060652848154422
1427603299.81,0.4047407791113472,-1.0735744141597596,0.16053412451721838
1427603299.82,0.23210968120015643,-0.9303212769653384,-0.06634129861453952
1427603299.83,0.22661473011272293,-0.9871669051269536,-0.28767299302281596
1427603299.84,0.24505300619170256,-0.4052124428465788,-0.5241830188992931
1427603299.85,0.1471466907559957,0.11548597436194957,-0.4139090914925687
1427603299.86,0.18568595369808136,0.2830549222172666,-0.419598043018315
1427603299.87,0.2103774725483737,0.578996649055001,-0.48383752211427666
1427603299.88,0.5489933887860664,0.14129683764458256,-0.511243001057187
1427603299.89,1.0265728288397744,-0.08638909313054374,-0.7568790521818041
1427603299.9,0.8708982125609717,-0.18679769549831543,-0.5321125558162427
1427603299.91,0.4484249427795777,-1.2474566315082156,0.23353343737453308
1427603299.92,0.3223696752202146,-1.4869597752191352,0.4998880839037313
1427603299.93,0.3705564931072453,-1.0007984363432754,0.31618081235249074
1427603299.94,0.6438639031993272,-0.8252204179277733,0.12156385425669758
1427603299.95,0.5679437265545421,-0.00863513164115599,-0.11792478726038017
1427603299.96,-0.6876849331602652,1.1646588531110695,-0.10910034732996804
1427603299.97,-1.9792029680147945,2.200414601142652,0.0060323378805199335
1427603299.98,-1.8820995662196158,1.9114682752956236,-0.033158034755651156
1427603299.99,-1.0850400131324665,-0.059646569372425864,0.008363505250061132
1427603300.0,-0.8414143326543025,-0.7649000031527303,0.014638895818870068
1427603300.01,-1.0411934082050935,-0.4568662690219887,-0.0839921387615804
1427603300.02,-0.9887173391277244,-0.8654605280348685,-0.11547099420852558
1427603300.03,-1.0572863122332479,-0.9086428661016558,-0.1326505754360413
1427603300.04,-1.18093289607733,-1.050208499212274,-0.2157671440457697
1427603300.05,-0.1632538187957902,-1.3766226289303403,-0.09421783408062231
1427603300.06,1.3615235563725243,-1.193902678270849,0.5267498748674934
1427603300.07,1.7638893859133993,-1.0578274789578217,0.9342713048367728
1427603300.08,1.3821062119655134,-0.2288439330681277,0.6407119975457601
1427603300.09,1.153487361892999,0.8605939446874595,0.3961536965321914
1427603300.1,0.9037830748184388,1.1168672713420253,0.31004177091111684
1427603300.11,0.4455940336442766,1.3869673625836714,0.048830447432288426
1427603300.12,0.111635198170878,1.5631288475714329,-0.11441352345223217
1427603300.13,-0.031671737479737026,1.6386954007725332,-0.06754059248648897
1427603300.14,-0.1094153776484898,1.6110353703583877,0.0249980639463289
1427603300.15,-0.19634810896072807,0.6166452811763828,0.08693117186729252
1427603300.16,-0.28581374255320746,-0.07157022289100529,0.22364696545371168
1427603300.17,-0.3176642425654267,-0.07993268856901116,0.18269784432439362
1427603300.18,-0.3807600307957903,-0.630449683151313,-0.196886046117675
1427603300.19,-0.4134018579331382,-0.8314023554314259,-0.312192455226033
1427603300.2,-0.5187585208421114,-0.6167416057719942,-0.36096333622824395
1427603300.21,-0.8005792424912442,-0.7064536182122602,-0.6335156450579432
1427603300.22,-0.7218307191039601,-0.4175438986772527,-0.5313646658043536
1427603300.23,0.044601595526990716,0.17627227846464932,-0.10682213029707399
1427603300.24,0.9631245593106095,0.8882720856670546,0.418824566419464
1427603300.25,0.9685104649995269,1.036448567226136,0.4790090845308508
1427603300.26,0.1205951666053341,-0.1946727593359856,-0.2773785709804938
1427603300.27,-0.4568507685694054,-1.1146493684439798,-0.7688126486451496
1427603300.28,-0.7757398756818306,-1.1397845532565678,-0.9539638778723136
1427603300.29,-0.49880437037442515,-1.278896998536049,-0.8010830420677993
1427603300.3,1.0116564970493025,-1.2998815252270235,0.3212818112172897
1427603300.31,1.986537523715704,-1.3074352136431426,0.9512170444165569
1427603300.32,1.363108561036231,-1.0117916041333976,0.5032348697206057
1427603300.33,0.7714049390566928,-0.3954191058280276,0.0785146087997361
1427603300.34,0.6041113319294176,-0.14971711266502222,-0.19661084389974504
1427603300.35,0.17338169330594932,0.6392595868505301,-0.4330902988297414
1427603300.36,0.04359161731215211,1.719381949471866,-0.838903404524428
1427603300.37,-0.18664207288680007,1.8975580183872398,-0.9002881790383532
1427603300.38,-1.1000904388726678,1.5152906536511435,-0.03226956438874817
1427603300.39,-1.658999008632875,1.1311102816324514,0.5576263982911663
1427603300.4,-1.8754694281114297,1.3524225875124394,0.5542779062212756
1427603300.41,-1.512837055504169,1.1004116684715723,0.5848090289950653
1427603300.42,-0.04946844774060913,-0.4874348467613017,0.5156617708220078
1427603300.43,0.7214912267427883,-1.2387923840701334,0.5739960010715203
1427603300.44,0.6944803860278077,-0.9160438173158051,0.3722654395475011
1427603300.45,1.2934614487147427,-0.864842581613914,-0.41520787854763946
1427603300.46,1.6083014008866625,-0.7471120151377948,-0.7230168160479853
1427603300.47,1.0285450767904376,-0.7621539105302804,-0.2205136336712999
