1427619766.09,4.384006708329927,-1.8488983137240984,1.9571554781748153
1427619766.1,3.152592734531252,-1.1668286252218816,1.3382244807448205
1427619766.11,2.720914051859109,-0.3023820552471134,0.9994299396383405
1427619766.12,1.9548003047676041,0.26697798611865553,0.6610820096168064
1427619766.13,0.6209606970273672,0.6489154999923135,0.005534986344470472
1427619766.14,-0.2900720059038172,0.7131159370264576,-0.32606746179174456
1427619766.15,-0.8844878206402628,0.503900329919339,-0.37679086976951026
1427619766.16,-0.5312984270972831,0.23685483777634847,-0.19700007135886166
1427619766.17,-0.37620341701458576,-0.06795040412990554,0.036048134459344384
1427619766.18,-0.6097036999581815,-0.6296895898988304,0.34239212184589213
1427619766.19,-0.5836133123995404,-0.9014611383271007,0.5266564158657017
1427619766.2,-0.6739927468129343,-0.832275059434788,0.4691250922874568
1427619766.21,-0.614947253299551,-1.0864134053046852,0.6156058390765748
1427619766.22,-0.5695373022156363,-0.9361588724295351,0.5564743366149095
1427619766.23,-0.5371210858471331,-0.051362989359860584,0.04724853434376642
1427619766.24,-0.3367506645845196,0.43200182833209033,-0.21994714740911864
1427619766.25,-0.24279482616985637,0.4031256198108104,-0.20451894122479441
1427619766.26,0.04028203730356803,0.5123115994561225,-0.32397959313466346
1427619766.27,0.4617000835676231,0.6711664557449797,-0.4937625967423094
1427619766.28,0.6318612716103473,0.6867820755733706,-0.5436979733267835
1427619766.29,0.644239880130309,0.5221882266130964,-0.4779627169316741
1427619766.3,0.5540609133280094,0.349965353740733,-0.3103985610584199
1427619766.31,0.4385136585321912,0.5270876437688135,-0.23564063228333945
1427619766.32,0.3450439404206317,0.5559803764843241,-0.16572740178150702
1427619766.33,0.05442004356262656,-0.059215997223900266,0.18836232223324817
1427619766.34,-0.2120248218326906,-0.5916850028954523,0.48418081195396234
1427619766.35,-0.17429134211744823,-0.6168957129549761,0.5035368909363008
1427619766.36,-0.15330308947944343,-0.608651748682486,0.5349093394694137
1427619766.37,-0.13579246633829117,-0.6300190908539796,0.5551553518522654
1427619766.38,0.07974320582663094,-0.4138164458463979,0.46873489850860534
1427619766.39,0.2324300973193908,-0.14269859124225492,0.227657502521896
1427619766.4,0.19367537357994508,-0.06747868522247591,-0.24968975790368475
1427619766.41,0.06772071474980973,-0.0461491556355397,-0.5389143148773581
1427619766.42,-0.09203863495031955,0.07391437167209097,-0.38632591630792035
1427619766.43,-0.3399419613357177,0.17842077043765792,-0.19202516423007232
1427619766.44,-0.4950339461530145,0.2639277702387288,-0.06347775291485017
1427619766.45,-0.1774484485045743,0.4073252004695989,0.0899164829536306
1427619766.46,0.23860072566061022,0.4698482056388266,0.1486866028181093
1427619766.47,0.3584148535513626,0.48031805165377317,0.19617109548329795
1427619766.48,0.35521975700211644,0.48173775459990503,0.2518966988048581
1427619766.49,0.005566391015730497,0.22028266397957819,-0.0006847087249786526
1427619766.5,-0.46116979724002943,-0.11301372561847076,-0.35932686746957526
1427619766.51,-0.403043905759502,-0.16481979957733645,-0.30399833568789275
1427619766.52,-0.07032457667993283,-0.21679993014608986,-0.1348948260118392
1427619766.53,0.2707186689090106,-0.37102753274735345,-0.026087404378587253
1427619766.54,0.5740498847817738,-0.4303373674427486,0.1628804778528571
1427619766.55,0.5736048078572921,-0.4428124125710112,0.13391357156448153
1427619766.56,0.3582842761752766,-0.3133061692789548,0.15109495081927493
1427619766.57,0.1876685629242239,-0.1619713225890266,0.18777698059062653
1427619766.58,0.005585530178324678,-0.11239110769204697,0.07038281721298399
1427619766.59,-0.27724091735553297,0.04922756729005584,0.25739247407935756
1427619766.6,-0.3733825820354987,-0.05691134055226783,-0.10398929477751484
1427619766.61,-0.19747244110760553,-0.37127585074956865,-0.8828903844480067
1427619766.62,-0.1547683344556935,-0.4171511006926053,-0.9325729841671694
1427619766.63,-0.21612642782204333,-0.5454674930579011,-1.0514827616131697
1427619766.64,-0.2620565038208271,-0.3292525712646847,-0.5749786703034002
1427619766.65,-0.4724423293872311,0.38366051612927016,0.9108984985375976
1427619766.66,-0.5302685353731038,0.5067704409828371,1.14239657779925
1427619766.67,-0.2198873716890677,0.3852198021153998,0.20640591478992357
1427619766.68,0.0467284796671521,0.518051415951114,-0.4362539480087325
1427619766.69,0.115322042932991,0.4850409770228466,-0.3928066102941843
1427619766.7,0.21637457858227782,0.5561913204015533,0.4205798756993068
1427619766.71,0.3462714564581074,0.6831152792766864,1.028424148803373
1427619766.72,0.27241454665071474,0.48676647451282656,0.7439041112957642
1427619766.73,0.13972959749331915,0.1161683429810626,0.11337560160580554
1427619766.74,0.13388285706011954,-0.07776441438690163,-0.1341533127659392
1427619766.75,0.06196959957139547,0.040379291412756695,-0.07685055558199874
1427619766.76,0.21091088397784635,-0.05288077051838104,-0.2422645107811382
1427619766.77,0.6151935108562693,-0.2450155904893996,-0.44892219253270005
1427619766.78,0.6591137545858435,-0.19798955131328175,-0.5320843776572657
1427619766.79,0.6210317532972784,-0.5207256962478519,-0.24383460304996077
1427619766.8,0.6272638127346905,-0.8421634046856296,0.29406867135253245
1427619766.81,0.5139194269649826,-0.6183350038663814,0.5126810662256543
1427619766.82,0.6846347847661702,-0.29593038888815326,0.8903068707567063
1427619766.83,0.36450858374123546,0.05416410372828956,0.7312696904037428
1427619766.84,-0.5248081366102371,0.20507333279917,-0.5686879510169119
1427619766.85,-0.6217383654545258,0.1417594047595648,-1.0425743002474444
1427619766.86,-0.4635316265675259,0.10252990078888945,-0.44346428292103934
1427619766.87,-0.616628554020538,-0.10139858616555904,-0.046147268851798
1427619766.88,-0.5348702936946337,-0.13702559362830655,0.15813656411768995
1427619766.89,-0.500359260297626,-0.142796616197447,0.1189678161902081
1427619766.9,-0.48076271758063577,-0.18084559570887002,0.11480090480136339
1427619766.91,-0.2683799558918094,0.3607313542842354,0.45409823940623417
1427619766.92,-0.1202552646708486,0.7311657077355184,0.5903137894379804
1427619766.93,-0.07018797327654014,0.5496652123794067,0.5177604237848998
1427619766.94,-0.08132049919255553,0.3213363408110398,0.4023325429506596
1427619766.95,0.0585628017257076,-0.09951077466661601,0.09771149557159275
1427619766.96,0.274692789795512,-0.5206793854111321,-0.19198933285555994
1427619766.97,0.4308794099713318,-0.9091125230445176,-0.4347552744675677
1427619766.98,0.525519895490114,-0.9420586980479599,-0.5921069869586814
1427619766.99,0.24300118662411765,-0.06156035579383107,-0.4278717931636171
1427619767.0,0.019030096414810502,0.6124941569741468,-0.2368283386304365
1427619767.01,0.029774832343138352,0.606041105584415,-0.22332778676385026
1427619767.02,-0.07321135566644676,0.7534689291407649,-0.2335692323310002
1427619767.03,0.005689446526321598,0.765354881625165,-0.2068018967913615
1427619767.04,-0.1553094589175838,0.4885965692931084,0.15638034464320053
1427619767.05,-0.21161107558626446,0.3318571025386864,0.5601802653232363
1427619767.06,0.5794018409633368,-0.013422346808097747,0.2694017533044431
1427619767.07,0.9434580283280048,-0.4044345018382265,-0.1509137887935971
1427619767.08,0.6843958572526266,-0.5366227324467379,-0.23445072383800816
1427619767.09,0.3745529832679647,-0.8386178841877435,-0.5010612326100161
1427619767.1,-0.23424387713812864,-0.9283752353024253,-0.6253331404444177
1427619767.11,-0.5348278992550033,-0.35752839534137215,-0.35529226433374705
1427619767.12,-0.49048689705275805,0.1747198160751402,-0.21494930341064827
1427619767.13,-0.4798516197992827,0.32037146406551076,0.10105129791846007
1427619767.14,-0.357383928984299,0.26258302808015227,0.6568708798160892
1427619767.15,-0.2868882883994863,0.2144123129688572,0.7167616614395271
1427619767.16,-0.3090375689693142,0.3046086268948478,0.6022428379750887
1427619767.17,-0.4073754088602384,0.34194778854969754,0.7548855720129146
1427619767.18,-0.0907867136780349,0.409122045997652,0.7251681878629649
1427619767.19,0.6549351563915679,0.6166584549442089,0.5736480614402706
1427619767.2,0.7687375413264053,0.5661873244189151,0.4630042154216609
1427619767.21,0.3519645527061366,-0.011605290522837146,0.015841939176697014
1427619767.22,-0.0553826878236936,-0.6453521196783607,-0.48981221156518423
1427619767.23,-0.3746690945190872,-0.7245500636642821,-0.46926788275548725
1427619767.24,-0.6031820085535944,-0.5534882414229363,-0.23521593125937384
1427619767.25,-0.7372427241639131,-0.5341632714945391,-0.17723320868611328
1427619767.26,-0.20410208578413186,-0.4152153351493896,-0.15152462577928005
1427619767.27,0.4874321659990486,-0.2784170300620895,-0.18276603713658796
1427619767.28,0.5938282594633282,-0.2970862505898397,-0.2142150688828771
1427619767.29,0.7437859576302873,-0.227822405072846,-0.12541196140103172
1427619767.3,0.8603613665543364,-0.21517626991890926,-0.1703751952937907
1427619767.31,0.7617220129923319,-0.25827713476520575,-0.14098572788031846
1427619767.32,0.4300899483760525,0.17515058867343336,0.05424669672955557
1427619767.33,-0.3868943014742037,0.6855195224776498,-0.21382946066204467
1427619767.34,-0.817782239293096,0.6089302633202851,-0.6336228585540247
1427619767.35,-0.7468980119429364,0.29438105403525605,-0.41746135198582335
1427619767.36,-0.7177979627033523,-0.019690594844760934,0.2824466479180534
1427619767.37,-0.3070947901172251,-0.2247777222432626,0.7931799925096337
1427619767.38,0.19048869934156248,0.08133486423332187,0.6317266090916076
1427619767.39,0.44726463770487174,0.5845134648511368,0.2685546748318536
1427619767.4,0.6148742921491793,0.5222422928840106,0.098766379302488
1427619767.41,0.4148670014473915,0.019662241020471788,-0.10321280091306025
1427619767.42,0.24936270907053265,-0.2357913828111643,-0.09170486167826442
1427619767.43,0.3348957546123945,-0.22738337777517797,-0.05814032843022564
1427619767.44,0.30232959694897343,-0.2458348428019241,-0.16582938066406627
1427619767.45,0.28910358218142934,-0.2727574913427269,0.05464881168442466
1427619767.46,0.19233522418216592,-0.28078240709283997,0.286789247590037
1427619767.47,0.16738290435556913,-0.32626403156398687,0.2800001144391157
1427619767.48,0.41068846875737264,-0.4427021827218146,0.07789553979664376
1427619767.49,0.3534597399922814,-0.4186530350983181,-0.36002274054361605
1427619767.5,0.020378437785532673,-0.1586459078098887,-0.6755189800710174
1427619767.51,-0.3435932637162339,0.16000138344885742,-0.959245308013271
1427619767.52,-0.7130198595298847,0.3210682204632966,-0.9302388984332168
1427619767.53,-0.8236327444306577,0.09078319808000093,-0.23644926657781137
1427619767.54,-0.7646478315298801,-0.10610333542129032,0.04260772196666875
1427619767.55,-0.7928145601186546,-0.11858419241336718,-0.10966724745136927
1427619767.56,-0.846872580026707,-0.30819943143704853,0.2559694450723345
1427619767.57,-0.4864825466537954,-0.14798446112709793,0.6634242843918601
1427619767.58,-0.017433393056794838,0.17395055302683393,0.8475584749394361
1427619767.59,-0.08227089836980413,0.09394589678540838,0.9765999229684703
1427619767.6,0.2738270783546527,0.18716817470434732,0.6379759336391584
1427619767.61,1.1450969069738632,0.35762234610105137,0.09716447835951708
1427619767.62,1.2055558113318376,0.30121142477013035,-0.08329029587616682
1427619767.63,0.7423030784787057,0.14607895150773434,-0.02597430340087019
1427619767.64,0.3514031472213832,-0.19976693873590182,0.1118096921547799
1427619767.65,-0.0048103204466706725,-0.4852812595771654,0.45466641030241295
1427619767.66,-0.09948338443870354,-0.6746151837125476,0.8678536494067673
1427619767.67,-0.11965828327291181,-0.403788460679657,0.61042003983428
1427619767.68,-0.15224792770977044,0.5412073885560009,-0.24421266429622324
1427619767.69,-0.036034511997349486,0.8931334481788982,-0.5816747844109662
1427619767.7,-0.0641168138703237,0.8240389222212907,-0.54033177466889
1427619767.71,-0.14849662153713603,1.1535457939557439,-0.6689547249512184
1427619767.72,0.1673578801098483,0.6469156462500926,-0.5491487857854558
1427619767.73,0.6849356279097905,-0.5026389849726629,-0.3736497476962904
1427619767.74,0.820061653905229,-0.7237295982258796,-0.36808717206853564
1427619767.75,0.2894840905296809,-0.4248847195195288,-0.1770202380288507
1427619767.76,-0.4186834884764449,-0.4406396932987277,-0.047796878057868364
1427619767.77,-0.5267615763870206,-0.6660715472124734,-0.1454335985772529
1427619767.78,-0.36850151078280613,-0.822801319343356,-0.2596698315837441
1427619767.79,-0.43346093766194843,-0.7510654369982588,-0.20004703834654475
1427619767.8,-0.301797243984857,-0.5001608670636416,0.1616965714628999
1427619767.81,-0.08968238003270254,-0.1616866900555268,0.5230965868759115
1427619767.82,-0.13416574289291894,0.14554358662975359,0.8730865813052848
1427619767.83,-0.08881073231256612,0.3753336815935204,1.0850366248844974
1427619767.84,0.17881674894196803,0.5805456749277242,0.5345608753457485
1427619767.85,0.4738638690472003,0.7343404157827633,-0.1919758476883036
1427619767.86,0.5636222529249829,0.8003660581532634,-0.30072734355591324
1427619767.87,0.30872311946866243,0.5513956922624836,-0.1604078582719484
1427619767.88,-0.007759789108953034,0.07369902519265656,-0.02365218100165858
1427619767.89,-0.060526234593157015,-0.07133150141475167,0.06334898482339796
1427619767.9,0.06628401689172962,-0.08683046803423575,0.0875868865359749
1427619767.91,0.1753837640217093,-0.1303584934922526,0.03586729416328669
1427619767.92,0.2368627916882492,0.5024297147656556,-0.4650566434494382
1427619767.93,0.26806952395130423,1.207222688856779,-0.992161814504826
1427619767.94,0.1496121254176228,0.6054447486844432,-0.6702018502762421
1427619767.95,-0.16261297086651877,-0.5979808125144593,-0.03724331519675256
1427619767.96,-0.2739319367593036,-1.0146649521849018,0.1257123860935105
1427619767.97,-0.22075117119021748,-1.076390679418151,0.1874919172801925
1427619767.98,-0.32757240367088236,-1.3271083166793913,0.26356582540497997
1427619767.99,-0.06289705474124835,-1.042214882078064,0.10376589597814628
1427619768.0,0.38790888597730433,-0.46168111515082205,-0.04038988781637215
1427619768.01,0.4353227635075497,-0.37608362901617987,-0.08693454620242588
1427619768.02,0.524476583898188,-0.044627775197427,-0.028862073797921627
1427619768.03,0.4044396568764509,0.5999564623608148,0.1422693400056437
1427619768.04,0.04171414640855395,0.6259333102975966,0.25240032345195834
1427619768.05,-0.08127610909023608,0.40151196085916735,0.34660861797286524
1427619768.06,-0.45077648343304716,0.3345388972004296,0.40242678539844007
1427619768.07,-0.44767632725836964,0.18951239215046528,0.8306029781225784
1427619768.08,0.255931138047657,0.15782350640490583,1.3614106823697179
1427619768.09,0.31579296771347776,0.46307182079710374,0.5142116671663743
1427619768.1,0.01648596450803179,0.7582181269064703,-0.6964308240488217
1427619768.11,0.0658554626914843,0.7343912153061927,-0.6912139199751767
1427619768.12,0.06026840898461509,0.8067270678485217,-0.6653226450427084
1427619768.13,-0.08082523391615432,0.5767283523676816,-0.7892592126513014
1427619768.14,-0.44006686805714335,-0.5172879344961112,-0.3795186153797835
1427619768.15,-0.6647484226089887,-1.1085795209756424,-0.153521535648943
1427619768.16,-0.44541838391870303,-0.8913664341174475,-0.08009383662074068
1427619768.17,-0.30992662358177336,-0.865780783616416,0.13635479658020797
1427619768.18,-0.1974667246675429,-0.6855512204477853,0.09903872713543568
1427619768.19,-0.005358872138711987,-0.4890992582917551,-0.06679461741282358
1427619768.2,0.03948849221998594,-0.3518038927782246,-0.06888080278514395
1427619768.21,0.21987200000059925,0.4951670375382859,0.07300764692571121
1427619768.22,0.43343984638280864,1.2505339845273895,0.1857932089883659
1427619768.23,0.4201063320039222,1.4156299774069656,0.2094439311743691
1427619768.24,0.4238957485652723,1.7675930452043427,0.28822764116362376
1427619768.25,0.45113241812688315,1.6437398306874924,0.24836159849434913
1427619768.26,0.4343698203788139,0.3584883426794202,-0.04135213081717555
1427619768.27,0.4735320900620231,-0.7993636981626767,-0.2780166630116325
1427619768.28,0.5295291292522672,-0.9079495896428079,-0.3264477310971702
1427619768.29,0.5744717166579042,-0.7477217764393047,-0.29698310837081915
1427619768.3,0.29967042020824275,-0.8757875688803081,-0.10713006805394931
1427619768.31,-0.5683606791389056,-1.0977821065723117,0.39269673574377806
1427619768.32,-1.25171211070001,-1.3615650551554643,0.8171812712031409
1427619768.33,-0.8977482289640504,-1.3299981037679025,0.6327105332216283
1427619768.34,0.2527586987912669,-1.048003140676093,0.025224549508459426
1427619768.35,1.1338376877187895,-1.0565745008892347,-0.41652438418106785
1427619768.36,0.752797657090236,-0.647507502055536,-0.30458842471836217
1427619768.37,-0.11298558458630065,0.31222155462574375,-0.019540723814999716
1427619768.38,-0.20444655763569916,0.4620395412267698,-0.0488512902606332
1427619768.39,-0.11459853895403593,0.21972452811891355,-0.0071999404960006175
1427619768.4,-0.30332877456339363,0.702442080583126,-0.1594428119941792
1427619768.41,-0.3731885294002537,1.2428845154238237,-0.6775905044557876
1427619768.42,-0.3802002732179915,1.273346584567615,-0.637285349281223
1427619768.43,-0.3811056683211014,1.1192893565420476,-0.4433327588415964
1427619768.44,-0.46336574060755387,1.0197963845526146,-0.2798472553790439
1427619768.45,-0.42368567461239465,0.7925182280457757,0.3988137416828887
1427619768.46,0.1785515612027223,0.3869080750578936,0.8217840864229445
1427619768.47,0.7696786004516855,0.28805798025367146,1.058583455917935
1427619768.48,0.6362015569885695,0.1184794000221207,1.028030460388997
1427619768.49,0.2483920354905211,-0.4174142799283551,0.47768392909692087
1427619768.5,0.18290675034334034,-0.5245012061391489,0.5266462631250171
1427619768.51,0.04538369040454836,-0.5836570387889912,0.05667706497600031
1427619768.52,-0.21918677928022778,-0.8938663350810311,-1.248796804675425
1427619768.53,-0.26031194280104225,-0.8884106949112608,-1.486841932675981
1427619768.54,-0.28514206814451715,-0.8282644118030237,-1.400036233588027
1427619768.55,0.05015882151690082,-0.43703285097433675,-0.9425184209995093
1427619768.56,0.578225179026163,0.19020840468805394,0.23895395039130973
1427619768.57,0.465319897390842,0.16536544810118958,0.383658009995333
1427619768.58,0.14588044283031285,-0.12425355626598068,0.17687085828952395
1427619768.59,-0.2750270508477859,-0.45608700356021126,0.3582007103063164
1427619768.6,-0.6360033603118432,-0.6168139556813378,0.2494070899379956
1427619768.61,-0.3634553255392719,-0.014856482118471015,0.27557171107858847
1427619768.62,-0.2360983729140227,0.5063413995729271,0.1974147245995234
1427619768.63,-0.13410252598594205,0.311679279193508,0.30691009374514344
1427619768.64,0.3884916122162063,0.010483189253250758,0.9558344214121219
1427619768.65,0.51976604634815,-0.11158904606579728,1.1113975932110602
1427619768.66,0.4645259675745905,-0.2157401132313062,1.112501644390739
1427619768.67,0.31965626462191515,-0.13014219749607903,1.0044490308239722
1427619768.68,-0.28292765867438996,0.2762919960813496,0.2127228724111651
1427619768.69,-0.5895406311104628,0.48773650434719656,-0.2262856172028935
1427619768.7,-0.24367877297738855,0.3968353109762165,-0.3258700501445002
1427619768.71,0.31832727415072226,0.2579228395954044,-0.7092282745698697
1427619768.72,0.589769648616138,0.02123939916750167,-0.7454692813840231
1427619768.73,0.41775247887639727,-0.2755129375314357,-0.4700840250915995
1427619768.74,0.3059213348499003,-0.6815802633620582,-0.2478347385705054
1427619768.75,0.29675549544217844,-0.5034408355297391,-0.2082924413189498
1427619768.76,0.15587815884615772,0.4984320431866196,-0.4995564774286859
1427619768.77,0.10910206116166928,0.9119111361905202,-0.5863419994055645
1427619768.78,0.15609058733518455,0.8671411228908187,-0.5342180403639357
1427619768.79,0.14548095560264812,0.9187326027393183,-0.58283959988898
1427619768.8,-0.010195788682040394,0.1825144855030284,-0.12161986360986979
1427619768.81,-0.2771232508373611,-0.6622165816748167,0.3220031348103646
1427619768.82,-0.31207483769183564,-0.7316274091013445,0.29328800811553757
1427619768.83,-0.2908588109279627,-0.6286492949101096,0.29580686948621293
1427619768.84,-0.5028885763953147,-0.4037723445943838,0.060726453337648104
1427619768.85,-0.6221133973257353,-0.01880487799563549,0.24331120031251974
1427619768.86,-0.739647738654613,0.21933428390026105,1.2172980224233425
1427619768.87,-0.7010852284094481,0.24275448816384876,1.2672793392902486
1427619768.88,-0.21194158053716577,0.06501337171093832,0.5010732921812563
1427619768.89,-0.013916831069385596,-0.03823145859874938,0.22930069544831772
1427619768.9,0.24154666385220444,-0.01857242267518802,0.1477067403163204
1427619768.91,1.0154667317064776,-0.040740319527974383,0.03218379828941188
1427619768.92,1.2335373878687916,-0.03688974564200043,-0.02620674792873294
1427619768.93,1.2113542054231745,-0.037655041739898504,0.057636898547636706
1427619768.94,1.2354209666125708,-0.043777302644750604,0.038885875620118165
1427619768.95,0.43137804165000526,-0.0804364895800011,-0.9108078770958032
1427619768.96,-0.34521029694631666,-0.1541166104903452,-1.8852648444715165
1427619768.97,-0.36970309762953374,-0.201486535498566,-1.6489370866406932
1427619768.98,-0.3720365352201756,-0.4042312165612729,-1.04256807545106
1427619768.99,-0.364661340609612,-0.48418126018902813,-0.5240672958772186
1427619769.0,0.19318620607186895,-0.07537016461413591,0.06388413768470763
1427619769.01,0.8161172702403539,0.3048500721484638,0.3906120574782717
1427619769.02,0.4245904709114084,0.36153274194602014,0.6331812517059836
1427619769.03,-0.40286992556116413,0.4163185010336667,0.9356337826582419
1427619769.04,-0.7088215486843064,0.5171925711370997,1.128993959849561
1427619769.05,-0.9131672355150439,0.48407683854224115,1.1576372072207954
1427619769.06,-0.8272667954735804,0.2433627766357891,0.8470635679358074
1427619769.07,-0.3582198220898857,-0.16868950550661585,0.26808366220931906
1427619769.08,-0.07668820909662072,-0.5075962458602126,-0.20769411096358897
1427619769.09,0.27259022927156545,-0.37666428932556684,-0.186112489599005
1427619769.1,0.5339758749621947,0.05137115241902521,0.18271675413417213
1427619769.11,0.24419060625080696,0.1932113941116515,0.13345652146735976
1427619769.12,-0.5256999823446954,0.22454973030775455,-0.4331505417257429
1427619769.13,-1.298490173448463,0.39808295966972324,-0.8502173292122565
1427619769.14,-0.9145238675018431,0.3441996380649338,-0.6251579140004581
1427619769.15,0.27815159934815714,0.19997387636259717,-0.009730621475208479
1427619769.16,0.8080838170199363,0.1756233520416482,0.3160715225371494
1427619769.17,0.9481339996787457,-0.1364163866148672,0.3114302487341599
1427619769.18,1.1086376790969785,-0.5746713960330121,0.26266066442824343
1427619769.19,1.167500025485884,-0.7165813539286097,0.28277719121828426
1427619769.2,1.157325820209417,-0.6629108433795301,0.286506687723586
1427619769.21,0.48590590051594634,-0.30722687556615785,-0.18404869088293663
1427619769.22,-0.39218939095050154,0.19270475780563437,-0.8394776029428018
1427619769.23,-0.49970237025115805,0.1655469926563211,-0.8623337674630482
1427619769.24,-0.5396670662030404,-0.36621083208448696,-0.4906613768976247
1427619769.25,-0.7738704162149517,-0.8238954079275974,-0.2531336447691256
1427619769.26,-0.6791717574124325,-0.62752945625042,-0.10214627635557016
1427619769.27,-0.5946495619115486,0.2774291465560207,0.052604437237499746
1427619769.28,-0.5447042154861439,0.8364790787611934,0.23165634771981353
1427619769.29,-0.09509020573647245,0.41715501612612393,0.537847700284947
1427619769.3,0.601027950717138,-0.34121969989366474,1.0422382606386282
1427619769.31,0.9859920219665589,-0.7367035078948736,1.3710579418032955
1427619769.32,0.6850144050567629,-0.4272599734281337,0.9539006495859531
1427619769.33,0.20901871332492297,0.12132808365185181,0.25994802510405085
1427619769.34,0.17421405062184983,0.1462108064248155,0.23106131309546946
1427619769.35,0.20089709463173258,0.08220145311531568,0.36580705199547825
1427619769.36,0.0018407196881634752,0.4353470349818397,-0.11708606442419066
1427619769.37,-0.14185588717505532,0.7669402819579327,-0.5435199402483093
1427619769.38,-0.1589636102464243,0.724710840000836,-0.5221098729152628
1427619769.39,-0.1729769476011586,0.41649609561594186,-0.6097626336373932
1427619769.4,-0.22551853265809627,0.19421092510171206,-0.7101207770220316
1427619769.41,-0.1408602984315093,0.14362615145534874,-0.40127643084657977
1427619769.42,0.0241675766502091,0.09936221814574847,0.1837863471973932
1427619769.43,0.08311351213451316,0.06771547323225305,0.5554015403339007
1427619769.44,0.27088081501190014,-0.1292105189971834,0.313996990320316
1427619769.45,0.4540832217970043,-0.4464475520837447,-0.1545941310864373
1427619769.46,0.5366369833261571,-0.5522551111552274,-0.2525329772720643
1427619769.47,0.5839784666491166,-0.5321656998102648,-0.17702364968614107
1427619769.48,-0.09208530239189523,-0.39196530364677196,-0.1756584136795282
1427619769.49,-1.12029292558776,-0.14613549174178886,-0.15896532753763928
1427619769.5,-1.235044027805725,-0.11637475967742844,-0.15640666558083188
1427619769.51,-0.6017338557501428,-0.18156744728110755,-0.16119015302981307
1427619769.52,-0.009826950481426303,-0.07905759573134544,-0.21480557186350757
1427619769.53,0.19390589382984993,-0.004109803852178545,-0.3268957314360463
1427619769.54,0.15349906411315703,-0.04871956111481765,-0.3460230902409422
1427619769.55,0.16296908115867367,-0.08571324585009849,-0.36503860866521526
1427619769.56,0.18308902856253192,-0.18398239276157322,-0.432124979463565
1427619769.57,0.20027116023809527,-0.20439015693917367,-0.41159397917599083
1427619769.58,0.33116128945470685,0.05338211583926674,-0.09733730454956455
1427619769.59,0.6465969269990933,0.22317012134919512,0.5770506776198138
1427619769.6,0.8711782248913479,0.16367226979923474,0.959616970800157
1427619769.61,0.938534000015895,0.10943007588570877,0.9622004003734316
1427619769.62,1.039821002224327,0.045437784471214826,0.9827239710508694
1427619769.63,0.5589822992177583,0.03612727608937649,0.25002061523530933
1427619769.64,-0.17780687215358468,0.053353952700230134,-0.8949793207566288
1427619769.65,-0.32504590671115535,0.08257439384536747,-0.9355510372812581
1427619769.66,-0.7630966274561722,0.3959398071956321,-0.3053724676144304
1427619769.67,-1.3325333747255435,0.696202429257756,0.0654914481104229
1427619769.68,-0.9784265928815519,0.4066429558849209,0.20444546961686433
1427619769.69,-0.2771716158037149,-0.35626849404705463,0.25516469366819294
1427619769.7,0.21988531958528357,-0.8638074428549986,0.37374630674004405
1427619769.71,0.5340177854985871,-0.565025777602394,0.4449031424040483
1427619769.72,0.8962704870640384,0.01822971276624432,0.5423709119860851
1427619769.73,1.1630308041158768,0.1736406921236472,0.6444970590381671
1427619769.74,0.6128955204588068,0.16055753047837573,0.2716523980302606
1427619769.75,-0.042495865479892064,0.20986457895966204,-0.1706532890439433
1427619769.76,-0.030586502244207572,0.15694101977377733,-0.18100029887358185
1427619769.77,0.05928149958498244,0.11238808256254956,-0.1120336499327648
1427619769.78,0.017983602788895995,0.06124687601822993,-0.146019145904853
1427619769.79,-0.4140422256350518,-0.1134594700250624,-0.3501922446984439
1427619769.8,-1.1884874923164044,-0.31423579774500454,-0.7349964169139567
1427619769.81,-1.2489987407452376,-0.4174093125530418,-0.7769289077692179
1427619769.82,-0.5332678268859133,-0.21642310351436347,-0.09683657683001715
1427619769.83,0.1090803301211438,0.017383107667032854,0.5984311418684043
1427619769.84,0.42006561536962017,-0.0676138749993665,0.5663588947615232
1427619769.85,0.4780428591935947,-0.16309313385923618,0.30185855936036077
1427619769.86,0.27190962249664574,-0.21417337576562998,0.0932374532739515
1427619769.87,-0.019422302762736314,-0.1945055970288232,-0.2455767570552785
1427619769.88,-0.07408373079169839,-0.1990407579089291,-0.33474649930570455
1427619769.89,0.04400656360776708,-0.36265572198137497,-0.26254902360824384
1427619769.9,0.2696746848598145,0.1052943741449564,-0.3011244163112049
1427619769.91,0.6187070797483709,0.8680884391862861,-0.23863974200313795
1427619769.92,0.6113022082600356,0.9729330103860007,-0.14935252979553348
1427619769.93,0.20567946878340138,0.8830811607463978,0.059613870434432364
1427619769.94,-0.013178338789137212,0.6696969094164358,0.4168488386515169
1427619769.95,0.15917059001237904,0.2266331851128559,0.584218187427325
1427619769.96,0.5838337206864981,-0.22558330688168032,0.7132243666821617
1427619769.97,0.7368592031540137,-0.7126000855439096,0.681266755225817
1427619769.98,0.40114025339011006,-1.0605230144780338,0.009056227284075624
1427619769.99,0.07256063121359363,-1.2477986383779045,-0.7162815143200725
1427619770.0,-0.33914166979336124,-0.8111580052769379,-0.6212612251600501
1427619770.01,-0.8158512048797997,0.06676939680668506,-0.12158498917929084
1427619770.02,-0.7761600078536773,0.2002124447733139,0.0017649910677180192
1427619770.03,-0.5576625736313383,-0.015930439620529056,-0.041503188365617144
1427619770.04,-0.5018466998005469,0.02289059736677218,0.023935941664280383
1427619770.05,-0.3884806368439939,0.1540616229809854,-0.07412145814770524
1427619770.06,-0.3505751679180603,0.3975583484200593,-0.2342820726611417
1427619770.07,-0.17023411594148008,0.5031797601533021,-0.15954956952378777
1427619770.08,0.21756831522027967,0.5612497790928624,-0.017336369236823107
1427619770.09,0.313567054670416,0.6103636863711619,0.02896668290283899
1427619770.1,0.4451394468168567,0.7660763120742751,0.18295094209031865
1427619770.11,0.684661558555715,1.1083790945579903,0.42342619637689016
1427619770.12,0.47197176792575785,0.5972295029099577,0.46359747426117315
1427619770.13,0.20254954209865142,-0.3843776028974534,0.4216873819329966
1427619770.14,0.1485060682221855,-0.6365001358569542,0.4028954063643733
1427619770.15,0.1763197175087586,-0.7349285176732342,0.41788245768345456
1427619770.16,0.278979408380994,-0.8315782325084369,0.42920616268921774
1427619770.17,0.08448947101998118,-0.6009160157483293,-0.2336028648148803
1427619770.18,-0.13879701734345673,-0.422382053484481,-1.1524789548378105
1427619770.19,-0.38928052031743965,-0.32340039906104007,-1.0724778883233106
1427619770.2,-1.1285502730815897,-0.15186179588053775,-0.5876370965787427
1427619770.21,-1.3672116085298611,0.06337418316071702,-0.47312964635340454
1427619770.22,-0.7170548625767408,0.18447712497079422,-0.6814458199677513
1427619770.23,0.02499817223963595,0.268786914081263,-1.0952750167985676
1427619770.24,0.5572049357350003,0.525915532397875,-0.7186605105486802
1427619770.25,0.5588908184451269,0.7205484508037447,0.3613962104889129
1427619770.26,0.3471747733311693,0.8461779597672783,0.9624968624796978
1427619770.27,0.3313774408005415,0.8277899777828085,1.159887108628833
1427619770.28,-0.023457529804625996,0.12497465675437569,0.9615066050740086
1427619770.29,-0.4805331088202436,-0.7722859340899456,0.48113193435203383
1427619770.3,-0.5529138021053629,-1.0664280603758294,0.3888355144244932
1427619770.31,-0.6237283933588175,-1.0937309470770966,0.4125783146215053
1427619770.32,-0.688280847152881,-1.2723044306907216,0.36687940668097724
1427619770.33,-0.6012225696414693,-1.2484612081713427,0.4549967121583614
1427619770.34,-0.3236034731336877,-0.5132393715648887,0.5217387775512703
1427619770.35,0.423545551162653,0.517419856537185,0.47545163980238825
1427619770.36,1.2069126754738,0.9251348547337097,0.3046256938747165
1427619770.37,1.8627964750654273,0.7412482307565605,0.3134227002866661
1427619770.38,2.360889970409321,0.4772713725088533,0.3975811469458377
1427619770.39,1.7486154418825204,0.20002036358237452,-0.14879979378259062
1427619770.4,0.6696606263645181,-0.05879599405952479,-0.8392640919857748
1427619770.41,0.23922839859537923,-0.188104991350038,-0.951467155365417
1427619770.42,0.17012235418596777,-0.3258686839126042,-1.0012527072584105
1427619770.43,0.21611571835362556,-0.4733772181138096,-1.0270205930099756
1427619770.44,-0.6138900736297677,-0.21147288386222718,-0.5296632380679049
1427619770.45,-1.9872684469038862,0.2604726275925102,0.03677794503771503
1427619770.46,-2.0452334030497346,0.21824025124186236,0.16053513293747984
1427619770.47,-1.3533246953476767,-0.014511170958299707,0.0771710112714541
1427619770.48,-0.8631219274102989,0.022730982899447943,0.03242607028753068
1427619770.49,-0.5420910948593908,0.04049911668026944,-0.037146501288665465
1427619770.5,-0.36230228421052774,0.20109544104045676,-0.1452612545506621
1427619770.51,0.11462165867970175,0.5934578366637004,-0.13698387249925636
1427619770.52,0.6084710787262327,0.920769107366749,-0.07676475877814914
1427619770.53,0.7735341238959005,1.0578696761947648,-0.032295884488480475
1427619770.54,0.6550530383192791,0.45901221154333927,0.03798659814498509
1427619770.55,0.2513786274979669,-0.5636615733480553,0.031010281605088397
1427619770.56,0.13301133555705383,-0.7678889989380755,0.05538160905587999
1427619770.57,0.21419354851286082,-0.6952212441962208,0.036685370551887087
1427619770.58,0.09734932098872687,-0.98439926595231,0.03711949784658708
1427619770.59,0.06536029198969853,-0.6297828240425905,0.5745879750884499
1427619770.6,0.023007607866898927,0.04743368622688532,1.1554914373092875
1427619770.61,-0.006596855062762724,0.2069145173760143,1.0789186481110469
1427619770.62,0.13134596434514623,0.5875007254918384,0.49478737744714063
1427619770.63,0.16221025024492408,1.1355425220015938,-0.19008762036376942
1427619770.64,0.2416433363540735,1.1435683257222826,-0.1906660205144199
1427619770.65,0.3761868119544307,0.8047146079913764,0.250771628703782
1427619770.66,0.39432381663151256,0.18433960378917408,-0.10116797992130866
1427619770.67,0.5637001010839325,-0.520295223328997,-0.8527258282455803
1427619770.68,0.5790067175642085,-0.8672986358417446,-1.0330101519509434
1427619770.69,0.6182992624505532,-1.0683893304567207,-1.1694776201776995
1427619770.7,0.778464357806657,-1.3187336473437907,-1.2877671993498332
1427619770.71,-0.46922638048423915,-1.4073987972565436,-0.2575680076043692
1427619770.72,-2.2863254784752187,-1.4727156058005964,1.1109400865165888
1427619770.73,-2.5264825772365915,-1.5533206118536338,1.3064318224142242
1427619770.74,-2.0761752395137965,-0.9161970407619988,0.987224601397246
1427619770.75,-1.479781717357036,0.275893877321136,0.6448103305405651
1427619770.76,-0.244536625682372,0.9635157414868236,0.07207170186600453
1427619770.77,0.8743261883787348,1.3157999287588744,-0.41208482645716804
1427619770.78,1.3928264532421069,1.5643084070704063,-0.6989400550124307
1427619770.79,1.4233029659651322,1.355345509283407,-0.7296387018013423
1427619770.8,1.3497048962609757,1.1546213019516423,-0.7806898235432076
1427619770.81,1.3383177016734495,1.0342649680680718,-0.8296594544981348
1427619770.82,0.8566247526235513,0.4049575357291753,-0.25196166961971456
1427619770.83,0.17595591642028335,-0.2518099870146928,0.313247428198105
1427619770.84,0.0015600218010686229,-0.4360445821512152,0.22704315545141407
1427619770.85,-0.02121262227816663,-0.6038665457725831,0.05211640365594114
1427619770.86,-0.4081451030820612,-0.7748890572100713,-0.05494989530006686
1427619770.87,-0.8139247337776372,-0.8021983192313458,-0.20314129114417645
1427619770.88,-0.7481680376358949,-0.6398804236807341,-0.035582906299282846
1427619770.89,-0.3413024096291926,0.1009620823654655,0.5376512043769966
1427619770.9,-0.0047768481447373334,0.844386925962104,0.8890065502491535
1427619770.91,0.012006695007395207,0.8548848195976295,0.6193782955812432
1427619770.92,-0.11104003443150945,0.5297192566387707,0.07585339049041756
1427619770.93,-0.03571809089493484,0.05238454386211684,-0.3878669783107062
1427619770.94,0.10962509710909019,-0.651070754815825,-0.7426745673426118
1427619770.95,0.11044555886741778,-1.064209174865662,-0.8466908235642845
1427619770.96,-0.1656176374575869,-0.7686230627252661,-0.23629669839757536
1427619770.97,-0.673158285607374,-0.3583863734016133,0.6807823252047898
1427619770.98,-0.8388560468110533,-0.306719053878743,0.8660972558179876
1427619770.99,-0.8214673566185616,-0.38937720176615287,0.7441057521381417
1427619771.0,-0.9771901514821083,-0.40188453149759185,0.9316363953054342
1427619771.01,-0.4933653889012698,0.31068778145813986,0.9557452155862282
1427619771.02,0.33097785055063533,1.3375319203466156,0.7813965595296595
1427619771.03,0.6817547751673365,1.821807893637727,0.45136395256596856
1427619771.04,1.1786128582075701,2.34342589519818,-0.19204558675016858
1427619771.05,1.4734417037363539,2.249087608790026,-0.577750169349838
1427619771.06,1.0017488267506667,1.22881736314399,-0.29781760659217943
1427619771.07,0.5032754813662743,0.40385402496982437,0.08562086643483946
1427619771.08,0.13698718773186036,-0.7005125989964351,-0.2873740322963579
1427619771.09,-0.13575686867191272,-1.7937902193173654,-1.15949169908056
1427619771.1,-0.19688231536094014,-1.9190603545648428,-1.4312585831977167
1427619771.11,-0.26163189421168576,-1.9968602697447198,-1.4807349248202781
1427619771.12,-0.35618711514305895,-2.2097210280366997,-1.6451105046895744
1427619771.13,-0.3962700146578557,-1.6010066438969994,-0.7034442001091953
1427619771.14,-0.36738008998426347,-0.7412503444871517,0.5930577739113222
1427619771.15,-0.32431245924713703,-0.4623741803453641,0.7303748905489655
1427619771.16,-0.009709510274496846,0.2706716200515321,0.7014751803538537
1427619771.17,0.41310141066902323,1.6466390259652317,0.9962082386052031
1427619771.18,0.31960446625470845,2.602740800493839,1.123735508716428
1427619771.19,0.21390432900733958,2.9515643116846744,1.2334660087340614
1427619771.2,0.650112423822667,2.09313275259902,0.9547814210678489
1427619771.21,1.4105435603050103,0.5318130217130442,0.4577318418667221
1427619771.22,1.6862440040406634,-0.1574197219666592,0.3218882899110255
1427619771.23,0.5097510561708462,-0.4993963219530569,0.028574764029564187
1427619771.24,-1.016144346169866,-1.003766435498529,-0.33452924419347385
1427619771.25,-1.2630828635085063,-1.0128398117342003,-0.28087423477615664
1427619771.26,-1.0555946126787243,-0.7153056205568513,-0.1833952360155336
1427619771.27,-1.35346159005607,-0.6975723729398039,-0.13264911298792578
1427619771.28,-1.1885020142284601,-0.18197165207088195,0.007732554895413586
1427619771.29,-0.7389457633562749,0.9590325458365613,0.15824809183687846
1427619771.3,-0.8466023119608895,1.4544121111383452,0.3166823887614437
1427619771.31,0.2632895884508837,2.1234661445311946,0.2749722345227149
1427619771.32,2.125178465082798,2.29204303015478,-0.13203697685709948
1427619771.33,2.461849202196391,0.6352772731430252,-0.6498977531900915
1427619771.34,2.420971056698899,-0.22207128100216544,-0.8919544653900942
1427619771.35,1.655052117414873,-1.046107119149287,-0.8098886469549673
1427619771.36,-0.24729936655265017,-3.0372218929713886,-0.6570487657084723
1427619771.37,-0.9343046032990052,-3.582928979033548,-0.5711198023205594
1427619771.38,-0.992279613434347,-3.8313273685317752,-0.629369785336443
1427619771.39,-1.3164113736306104,-3.8624948150165004,-0.567966775878705
1427619771.4,-1.3694616251755007,-2.038556610277181,-0.10799505190502656
1427619771.41,-1.552801716097047,-0.28911662935693055,0.3187231668615364
1427619771.42,-1.4748890094903768,1.7759876676977329,0.6293645044918831
1427619771.43,-1.2750718206877667,4.198150008259783,0.9658066863677489
1427619771.44,-0.7967038581239243,4.357284301868901,0.8303970767514296
1427619771.45,0.844594747614165,3.905558047697455,0.3026659707095982
1427619771.46,2.0285674151679167,4.205251684994996,0.01152656600236579
1427619771.47,1.679395899119627,2.482436449624318,0.09504676504306708
1427619771.48,1.115269413937968,-0.2539752718816444,0.32979635696853393
1427619771.49,0.8991070988141968,-1.243581674293513,0.4507437404940155
1427619771.5,0.6288845919305639,-2.303436140603178,0.44228178568530363
1427619771.51,0.27492170209328737,-3.6562989567570385,0.39043846662743675
1427619771.52,0.2256336330621802,-3.917045386710424,0.464942573008992
1427619771.53,0.3124759222549369,-3.7140894652972065,0.6043370920789413
1427619771.54,0.019759677701918305,-1.577550342800438,0.35257118052183534
1427619771.55,-0.2647372307357229,1.4369034259844131,0.08322319598990557
1427619771.56,-0.16254181752403812,1.8251296237108263,0.056750137752704766
1427619771.57,-0.0013086355468430733,1.5868994809567192,-0.31768755848237207
1427619771.58,0.16684246036720596,2.0498314586886712,-0.6642146520179747
1427619771.59,0.3875515981517328,1.1925325329906316,-0.6251208881090784
1427619771.6,0.7561268006284643,-0.2431351271279258,-0.6060026982759598
1427619771.61,1.0345978743535187,-1.0280227662779793,-0.5815242318126772
1427619771.62,0.11178578119397267,-1.5459960627437925,-0.6171453409418564
1427619771.63,-1.406993169151006,-1.818999174665957,-0.6981921630010571
1427619771.64,-1.8787123708686733,-2.1576210154606907,-0.7141438842595779
1427619771.65,-1.9160451623665402,-2.3476113767313307,-0.6269980797012745
1427619771.66,-2.318873083035088,-1.1210089147125946,0.10497345817070547
1427619771.67,-2.864628062881218,0.31261511950773824,1.075739138906911
1427619771.68,-2.769604645940629,0.6749042932111473,1.1759627815360258
1427619771.69,-0.9548640502035968,2.042205192787024,0.6437055134026104
1427619771.7,0.9992884632848111,3.9985787219689732,0.27179192903813854
1427619771.71,1.6015187360997836,4.080872404940385,0.24811662011535618
1427619771.72,2.7498063667522263,3.882975872290107,0.42214261080967086
1427619771.73,4.130644201496995,4.200087540794819,0.528292670886491
1427619771.74,3.7136846375129067,1.993944095056293,0.15519976144309722
1427619771.75,3.1489176115953703,-1.8986870786344303,-0.5724586275101636
1427619771.76,3.036765810114306,-3.648459449289038,-0.9107554608667103
1427619771.77,1.1858669567240832,-3.7825131617002317,-0.8533030848709554
1427619771.78,-1.014045901102753,-3.799414714993187,-0.7923258717030287
1427619771.79,-1.3605457534171492,-3.9240838694965428,-0.801331860783857
1427619771.8,-1.4586915718721505,-4.04140868944024,-0.8085518553970326
1427619771.81,-2.355729827868379,-2.055858161005129,-0.38136231554591693
1427619771.82,-3.175345984382791,0.4798223720751642,0.1787719962271842
1427619771.83,-3.0904144283016897,0.9525297266095769,0.23057169595793503
1427619771.84,-1.9172508369842438,2.310060555259425,0.26478784986458026
1427619771.85,-0.979812765439955,4.091445490100886,0.4218850164300001
1427619771.86,-0.47093233025341824,3.1285948763644766,0.4388030724273472
1427619771.87,0.7535546458064882,1.0999231175880635,0.6701479309749636
1427619771.88,1.6321704014600744,-0.24233504984673096,0.8516757880026082
1427619771.89,1.2385258558044892,-0.758046744391375,0.3782689944196013
1427619771.9,0.6341538917026923,-1.1249442288278535,-0.4704336453245128
1427619771.91,0.2764057834721985,-1.5516123822824441,-0.8254124566751971
1427619771.92,-0.2461574100505013,-0.5319135710893264,-0.2945583654579406
1427619771.93,-0.9500309575339514,0.6118974318980329,0.2708526229941608
1427619771.94,-1.2070110288163172,0.707855949291292,0.3473318642315762
1427619771.95,-1.1782500435758203,0.9900375117383164,0.40105065261598144
1427619771.96,-1.3101929073740302,1.2028473092331593,0.4732528857608073
1427619771.97,-0.4308434247187757,2.4587495498639798,0.7152794953056483
1427619771.98,1.288286626940806,4.013023328304414,0.9459224103215073
1427619771.99,2.3884453483951695,3.3145320014815005,0.6151243284951441
1427619772.0,3.1029234384074607,2.5193643872338285,0.32644374321495107
1427619772.01,3.1572728761641646,0.9355595816384578,-0.029590215497329653
1427619772.02,2.968398856433001,-2.5840470035719183,-0.775662575159628
1427619772.03,3.035322813760334,-4.279286831432406,-1.1201972071020734
1427619772.04,0.8603833304082322,-4.885625389860877,-1.3456750586547757
1427619772.05,-2.342209352597025,-5.602296985855628,-1.590635669872376
1427619772.06,-3.1354780799978843,-5.8986585223407735,-1.6750899142081341
1427619772.07,-3.1181432325952643,-6.004543040578774,-1.63565381642552
1427619772.08,-3.474638969130451,-2.33247776151734,-0.2264882310664149
1427619772.09,-3.7365781605587025,2.5321363946223414,1.6419469790749466
1427619772.1,-3.6352713893873694,3.1435149847833967,1.9112000086491474
1427619772.11,-1.7690876225870011,3.9131815631337643,1.8946957518763201
1427619772.12,0.3209360667717014,5.907864544561726,2.31059008924154
1427619772.13,0.9832916803031274,5.105410334908424,1.8903190112190928
1427619772.14,2.249265913997305,3.2782782364387657,0.8832425917001756
1427619772.15,3.625069351408431,2.2099366401861134,0.15920126140145885
1427619772.16,3.1943161193108627,0.6692701065397577,-0.41788041905518286
1427619772.17,2.6169187071062376,-1.1615975139983672,-1.183862650389608
1427619772.18,2.5325387266555746,-1.9969907887307168,-1.5393673453680272
1427619772.19,0.8288206299497294,-1.6459457363233037,-0.9074024372399164
1427619772.2,-1.4036552273547251,-1.1255813379975215,-0.16137938533604268
1427619772.21,-1.859447381971578,-1.0241478147897003,0.059468086485436306
1427619772.22,-1.838386487859533,-0.6682138439617006,0.22567688587031165
1427619772.23,-1.8063196730828026,0.5217738791710043,0.3667250766842003
1427619772.24,-1.2478972192069826,1.9692991475513613,0.400954812931687
1427619772.25,-0.8805838535587281,2.2434765315462073,0.3838745584467004
1427619772.26,0.4606184976000267,0.9786939504509713,-0.1388713868113579
1427619772.27,2.2837092750138206,0.10610526861734532,-0.7757957381629275
1427619772.28,2.2672282042898386,-0.3722910019789246,-0.809918375453941
1427619772.29,2.012646019750261,-1.3989472521386768,-0.8281864312281608
1427619772.3,2.0568313943330785,-2.181392699178133,-0.9696735729138225
1427619772.31,0.40164818257083296,-4.06063438506766,-0.6503726374617244
1427619772.32,-1.5426471709122707,-5.480773872733793,-0.1461004418068712
1427619772.33,-2.2306414707649873,-5.137270244617435,0.08284321582809717
1427619772.34,-2.4878433256445462,-6.012687444917846,0.11878016476583375
1427619772.35,-2.739905110727183,-2.820379714122389,0.37566815142224297
1427619772.36,-3.21914900590097,4.667824803326012,0.9207563067474851
1427619772.37,-3.157577314301613,6.815541870600859,1.0600251489483776
1427619772.38,-1.9831424420867974,7.532263928656768,0.7184723117307561
1427619772.39,-1.0714815244511542,10.297506961894124,0.6232331532421349
1427619772.4,0.29720420867425457,8.419754167631806,0.59199244357705
1427619772.41,3.373452813663951,4.531517226719426,0.37014869703654973
1427619772.42,5.382072062395501,3.022311117769762,0.39608900654757173
1427619772.43,4.946999761148805,0.3586042198473361,0.40275141132343506
1427619772.44,4.779080125539186,-3.7643973015982484,0.42300335393986943
1427619772.45,4.668767439815483,-5.4321103406259565,0.5247144383753801
1427619772.46,2.097101796211022,-4.895749934963916,-0.3251243546894862
1427619772.47,-0.676724082159999,-4.571930692468192,-1.3307496739269356
1427619772.48,-0.8639570798330172,-4.18293420654077,-1.2285093151372015
1427619772.49,-0.5899325765766589,-3.7013762590101744,-1.0261730669846711
1427619772.5,-1.4271733288654085,-2.8135240769785232,-0.7843610439863163
1427619772.51,-2.3067712303222985,-0.945983577998203,-0.017393339842797534
1427619772.52,-2.4413015422921935,0.19420325329262272,0.22038102664233244
1427619772.53,-1.5998793391180592,0.9513637863208145,-0.40981832696434056
1427619772.54,-0.5955678741603858,1.8356948234771386,-0.9539472898678208
1427619772.55,0.11138079093694442,0.5929824399328247,-0.6087851068157194
1427619772.56,1.3403400104003698,-1.9403985369771346,0.2356612022403971
1427619772.57,1.9421750736745818,-2.97032277394089,0.6063112411339225
1427619772.58,0.37587039721226684,-2.0311034473672582,0.5281640048062395
1427619772.59,-1.5064843955059435,-0.4841815186196404,0.41103078250219405
1427619772.6,-2.0500845856970296,-0.2590813219021805,0.4786236395259872
1427619772.61,-2.101159332971883,-0.2159321920608414,0.7178399322198139
1427619772.62,-2.2402176291484404,2.1768167170800874,0.7711803887469718
1427619772.63,-2.4519958007533926,4.88668314958216,0.8921986764716833
1427619772.64,-2.3881422601124793,5.507643119668146,1.069140575284349
1427619772.65,-1.7805099724108393,6.159551245182619,0.8754164270616451
1427619772.66,-1.184626814013471,7.387309517728224,0.8110168725570346
1427619772.67,0.5207740185403751,5.823042974055574,0.6584891564337663
1427619772.68,4.544913617920958,2.0853404745230595,0.011454410983181507
1427619772.69,7.331245782141849,-0.0773723588164561,-0.31398610235498675
1427619772.7,6.337450478744749,-2.4435775294248234,-0.6632717132399164
1427619772.71,5.194360003143888,-6.5706339684602675,-1.4186473619073097
1427619772.72,4.771804751817033,-8.245354972985405,-1.6573394263607222
1427619772.73,1.9826999140801076,-6.788145461164093,-1.6121852097386167
1427619772.74,-1.0401391303759537,-5.5399598551053835,-1.6860882158217239
1427619772.75,-1.0590781565075431,-5.35926487114903,-1.6070755655982416
1427619772.76,-0.5558094382201056,-5.356545838677645,-1.571250854304706
1427619772.77,-2.3517082851067963,-3.401712297869465,-1.2034785473736505
1427619772.78,-4.690091572589051,0.4569922357825703,-0.3215449709476299
1427619772.79,-5.0382317096672615,2.2855427661719454,0.13026048985783945
1427619772.8,-4.320638288431964,2.0023102998891447,0.10231323611265597
1427619772.81,-3.3170421627345914,2.7950456899168366,0.37067167217833186
1427619772.82,-1.1282426352893806,3.6039273608040268,0.8275243907756513
1427619772.83,1.2787885955406537,2.652231118080474,0.9847609252302861
1427619772.84,2.3817060089436546,1.5544778827102337,0.8602927472203439
1427619772.85,1.8799636035851777,1.1014182525974252,0.5317467548991834
1427619772.86,1.114460163771301,0.35512788153931274,0.037207207426096324
1427619772.87,0.9534649413023739,-0.00969604804997476,-0.1430778319626298
1427619772.88,-0.21830101805737834,0.9956109361927705,0.25497380868750563
1427619772.89,-1.4481909645355318,1.8980366428497217,0.6197714237359255
1427619772.9,-1.3228326148874217,1.8318547303826107,0.5991997632222001
1427619772.91,-1.1650085736126308,1.766315839948477,0.5271632052837507
1427619772.92,-0.4291265171174766,1.7360773979960542,0.4193800897988411
1427619772.93,0.5303037577356337,1.771212613915017,0.2507787851782378
1427619772.94,1.3578673559515144,0.7879270180144942,0.04291811464721815
1427619772.95,3.3985280035627357,-1.9548033846423973,-0.46528884787759417
1427619772.96,4.670076798644005,-3.6855266140680008,-0.8536162789086228
1427619772.97,4.633760680236865,-4.328174144733107,-0.7154010173074044
1427619772.98,3.7555852550108737,-4.761271211137487,-0.500317745399393
1427619772.99,0.4614676773689247,-3.553557199837721,-0.39901820125582477
1427619773.0,-2.5515547958124616,-2.3984585848477122,-0.43564963450386984
1427619773.01,-3.109212440198383,-2.213445243462713,-0.5419576395832518
1427619773.02,-3.1088201973333303,-2.674550514968607,-0.6076916743032792
1427619773.03,-3.377497760539464,-2.8207573542215396,-0.7854092063008595
1427619773.04,-4.203487806869237,0.8152160689547139,-0.7081681028666384
1427619773.05,-4.978345558648571,4.69901890321957,-0.47260548302338745
1427619773.06,-4.558557568325484,4.846155199165062,-0.3108599820321509
1427619773.07,-2.689230721656299,5.005067940444417,0.5061209531970345
1427619773.08,-0.3607301006066262,5.075738135043201,1.3626821694787319
1427619773.09,0.5487876520493673,3.915879603480959,1.44784763631618
1427619773.1,1.2244022408529125,2.9544228853713954,1.404368631485268
1427619773.11,2.7429304016524463,1.2811802474715885,1.0890946329312339
1427619773.12,3.5277381733698574,0.09741967717153655,0.526054283117232
1427619773.13,3.42353977820517,-0.10330302835126826,0.2805700086803294
1427619773.14,1.81263425937445,-1.287897323657275,0.027662386188619714
1427619773.15,-0.3641768532732218,-2.079628145231892,-0.15514155450151756
1427619773.16,-0.4920012082471604,-1.8815630075414886,-0.1098903416430862
1427619773.17,-0.44441965454681176,-1.9757018784297953,-0.1417159334645569
1427619773.18,-0.48418473673974777,-1.6760428318535174,-0.16816108984807482
1427619773.19,1.4954094409299694,-0.8223232416745975,-0.27172264588185285
1427619773.2,3.030956009985724,-0.2656164229819926,-0.3770096711871004
1427619773.21,3.071438365804892,-0.7442266231304975,-0.21775115851834587
1427619773.22,2.773050087125073,-1.9787378869228065,-0.08062041356557326
1427619773.23,1.6966918646035085,-2.40175056587641,-0.1522639175040318
1427619773.24,1.066781229439792,-2.5199203193726434,-0.45562582925019307
1427619773.25,0.5148048682509525,-2.4243395193419337,-0.7520531434639226
1427619773.26,-1.54893940215455,-0.8589757866010824,-0.731818359558393
1427619773.27,-3.160749556779548,0.3251199299308176,-0.7069392540057827
1427619773.28,-3.5302203571237407,0.4303201909651202,-0.693298062640117
1427619773.29,-3.845302834698693,0.2546956980829942,-0.8114834549701837
1427619773.3,-4.110704506830653,-0.0284726399626275,-0.9714990689843203
1427619773.31,-3.866885386383914,1.7700584086035347,-0.08607912635261494
1427619773.32,-3.325742513765425,4.153229530944488,1.016790877935744
1427619773.33,-3.127748709319128,4.265198167388904,1.0878800577259318
1427619773.34,-1.6971724296990913,3.900185408928531,1.1138977242920531
1427619773.35,0.844600621884327,3.3470196266329375,1.2180102249874214
1427619773.36,1.8201065890917545,2.33146851757713,1.0050634397613798
1427619773.37,2.7833234815110766,1.3075548676180548,0.7046666090934226
1427619773.38,4.288398634895633,-0.43609386658536875,0.06433680431901267
1427619773.39,4.552306750714356,-1.5543733203570511,-0.6334104343828668
1427619773.4,4.303824875103031,-1.7170116031534488,-0.9008577642183159
1427619773.41,2.591758622180754,-2.0469215483830823,-0.44480974258637673
1427619773.42,0.2639660711314222,-1.9777478224914848,0.32687917209887796
1427619773.43,0.05039842602044384,-1.8035710646548857,0.38291637794516487
1427619773.44,0.04837042944932801,-1.9193135949743492,0.2957298298782507
1427619773.45,-0.15858849049079804,-1.8345432799186634,0.3411574307969639
1427619773.46,0.6800352123801681,-1.464064152811801,-0.16899467732129386
1427619773.47,1.0756936464520348,-0.9673581997829406,-0.5833789340925766
1427619773.48,0.7302963931586687,-0.8182481807298368,-0.5931684826004853
1427619773.49,-0.0556909943743351,-0.6228885887315584,-0.46152685507313246
1427619773.5,-0.9171344326233544,-0.012724278988105728,-0.0746895797364428
1427619773.51,-0.8507785135273627,0.08388711042264868,0.35255665334323394
1427619773.52,-0.7631579665930581,0.06874010091701599,0.6343242543885266
1427619773.53,-1.2910595851435325,0.8679848401967607,0.45024187813364897
1427619773.54,-1.804618149598944,1.513018969740694,-0.07153741016662007
1427619773.55,-2.0841095754815675,1.472169490910298,-0.23442882678154509
1427619773.56,-2.2181552006981127,1.5072020656742264,-0.28760830004459714
1427619773.57,-2.6798211553129687,1.6520234806201124,-0.5278472697222417
1427619773.58,-2.8225302389945943,1.6171339796396769,-0.4957979113929256
1427619773.59,-2.442743242725108,1.9525567172255243,0.010748879979594506
1427619773.6,-1.989474772963513,2.505519859832543,0.6079790725302452
1427619773.61,0.21330344131828194,1.87627990047779,0.780314049975059
1427619773.62,2.8194402561877143,0.6538618815344349,0.6864736586951466
1427619773.63,3.406477094303344,0.23012058011425632,0.6793596628680612
1427619773.64,4.005475105285592,-0.5792163279558635,0.49367524237348637
1427619773.65,4.379982831206575,-1.9292908292303776,0.0857624435262625
1427619773.66,3.754013801762711,-2.58388350289546,-0.21452366149089297
1427619773.67,3.31948452092601,-2.7866557324289634,-0.3874458848283888
1427619773.68,1.333273587665408,-2.3118094598047865,-0.570407556697563
1427619773.69,-1.0699072164339,-1.4147174312714275,-0.7170309922403968
1427619773.7,-1.2441434313799282,-1.2088535077859044,-0.6920245499001785
1427619773.71,-1.2402247880725716,-1.369967864092221,-0.7174724057099842
1427619773.72,-1.6661005073735073,-1.1458267521820966,-0.7336361488786356
1427619773.73,-1.7498327759930712,0.07894950717884314,-0.10761519208243515
1427619773.74,-1.9153403453432558,1.4300953217523769,0.6083860773749639
1427619773.75,-1.6713810209215931,1.2802410956002552,0.660408352371296
1427619773.76,-1.1009927502843104,0.5956189018019695,0.686668282351044
1427619773.77,-0.3037477998138572,0.48398653067994213,0.5696758257914146
1427619773.78,0.4499808147112253,0.6931244353194597,0.020840657496573267
1427619773.79,0.5328490646798658,1.0228226415641521,-0.2710367918278619
1427619773.8,0.7472175433199812,1.047084735150894,-0.4981416478645019
1427619773.81,0.55840273237806,1.0188840573292568,-0.5506267260984973
1427619773.82,-0.5306005014838125,1.0766546151162584,0.03325051145813762
1427619773.83,-1.1831660854338562,0.9944295844366349,0.4162129524145825
1427619773.84,-1.6080961574694341,1.1531696505236801,0.3758093730892984
1427619773.85,-1.50840905491991,1.050114716695883,0.2868747733461291
1427619773.86,-0.32627623281586504,0.6877448916121109,0.07614512592955525
1427619773.87,0.8114547917080751,0.33727597636070605,-0.10198798140694865
1427619773.88,2.044333004254635,-1.018155744405667,-0.3132373567381985
1427619773.89,2.9868032235876307,-2.2805056384441476,-0.5471483575743722
1427619773.9,2.611801153963651,-2.3031963479484117,-0.7339492944783927
1427619773.91,1.7267743422116775,-2.1694197598911287,-0.91809828396173
1427619773.92,0.7754710741035078,-1.6254283468846982,-0.580824453242774
1427619773.93,-0.014421901651521005,-0.8242763943357734,0.09584605044506908
1427619773.94,-0.38817992405654805,-0.4313883806337203,0.4720741289488296
1427619773.95,-0.7787413757198046,0.23687698485086395,0.7334300066680111
1427619773.96,-1.0475394897130095,0.6767483633422804,0.8132011110994783
1427619773.97,-1.0864286549271036,0.6469816504751695,0.6617119789087273
1427619773.98,-1.224037012279799,0.6877855301291311,0.6586895004272806
1427619773.99,-1.4143809105350216,0.6718490931944151,0.6079202597093005
1427619774.0,-1.2918779983607007,1.2361870366363275,0.22759996985620745
1427619774.01,-1.0982698454256048,1.9867880096120112,-0.20931639379640643
1427619774.02,-0.9750820707372403,1.725465163313266,-0.33554947657440604
1427619774.03,-0.3806063692167826,0.9406927371522116,-0.28220256299955154
1427619774.04,-0.13268197448466326,0.37038825128479336,-0.3939189980401444
1427619774.05,-0.08076235969304457,0.3863709465825278,-0.3588511141186011
1427619774.06,1.1728132508776667,0.5016187789312949,-0.007021535203039636
1427619774.07,1.9811860128308627,-0.12118206025223052,0.13758239474596387
1427619774.08,1.5487511743321527,-0.7309410116411192,0.0391825466019633
1427619774.09,1.3152467395262726,-0.8519808454831643,-0.02633312330711468
1427619774.1,0.7670721377888718,-0.8858219779912689,-0.04389348643663904
1427619774.11,-0.005316059486521918,-0.7171306370912215,-0.036435907634590176
1427619774.12,0.01221440288174884,-0.5586522336685796,-0.09420877254854852
1427619774.13,0.03561642094429346,-0.5228982493512352,-0.1343288228944958
1427619774.14,0.10857448505837863,-0.4560853127408953,-0.16582385357624727
1427619774.15,1.1888338300427788,-0.6624184694483654,-0.1816618334737386
1427619774.16,1.9729705263420028,-0.7622348719786199,-0.14734295958255234
1427619774.17,1.58627901462151,-0.35197229094608884,-0.4836149147940979
1427619774.18,1.1487259371587206,-0.03855419993571757,-0.6764208902771887
1427619774.19,0.4424758448669726,-0.08138604714328138,-0.13095202835591524
1427619774.2,-0.40093811050341477,-0.21332137186403557,0.460074510539121
1427619774.21,-0.8080707742390038,-0.27348036532899395,0.8892658132697748
1427619774.22,-1.8065104992636853,-0.15871687008772467,0.7942209347251699
1427619774.23,-2.612045005120249,0.1542452531095353,0.041052597274821495
1427619774.24,-2.7543582072845574,0.31102253232766663,-0.3415297807558094
1427619774.25,-3.029600779041295,0.22302510366247125,-0.4099505552613533
1427619774.26,-1.7751471617853525,0.8474345696040516,-0.13977020305454307
1427619774.27,0.2534643898373426,1.7513756510637597,0.5355790926080493
1427619774.28,0.601316678874142,1.5762636256368618,0.46152886462016013
1427619774.29,0.39832586096160216,1.3216054233708854,0.14410926990563017
1427619774.3,0.5188482339472277,1.2886365840800733,0.17056824792573655
1427619774.31,1.002516197961255,0.3982589560033877,-0.37339725024103726
1427619774.32,1.7852205961537464,-0.6152000089222508,-0.8274325550878567
1427619774.33,1.7841685322422798,-1.3309504636356828,-0.3696939924115187
1427619774.34,1.686646974685162,-2.072603816956892,0.16743966867537263
1427619774.35,1.77765059608339,-2.2267449317906682,0.1411370961661963
1427619774.36,0.9144593945130869,-1.3568489260087735,-0.18583664905376596
1427619774.37,0.17473599591232233,-0.11110924582148467,-0.16420939118758873
1427619774.38,0.3146545401197832,0.3123435928640609,0.1646460793260469
1427619774.39,0.44086812585155705,0.1711185577450502,0.16007642456585658
1427619774.4,0.3561200300492352,0.19486156473086347,0.022074429906271252
1427619774.41,-0.17105670730898045,-0.08123978129603973,0.08295348807175622
1427619774.42,-0.8530346592637056,-0.2711144450024846,0.03983484352415599
1427619774.43,-0.8964441655669035,-0.11355298554667918,-0.029581063871927014
1427619774.44,-0.7762869266711234,-0.1012846721976515,-0.06945292880751022
1427619774.45,-0.8288136776676751,0.21027900266469474,-0.18111756672469298
1427619774.46,-0.6889270147941312,0.48462442602540656,0.025919942188871697
1427619774.47,-0.568387645611572,0.17712722337725437,0.36970419903356116
1427619774.48,-0.5387822192929885,0.017208451118426782,0.547982251601749
1427619774.49,-0.3011616890076095,0.23144354605232548,0.7697361034120637
1427619774.5,-0.07217829237376303,0.5069610217024748,0.875274215539954
1427619774.51,-0.08752443295021126,0.566174741583624,1.0326990573752226
1427619774.52,-0.11163393611728159,0.5315510989123333,0.8721022446177282
1427619774.53,0.045074691271329764,0.7814424053250195,-0.34690760060865217
1427619774.54,0.22646808706065996,0.9211082941508724,-1.3276690311857773
1427619774.55,0.15358196551993672,0.9465876151380807,-1.3358644952565835
1427619774.56,0.2618340653141235,0.7242287758538696,-1.2277383207593493
1427619774.57,1.007830587344412,-0.4376224528776336,-0.7943595955514613
1427619774.58,1.6129377996195087,-1.4843549526268562,-0.23959139257571016
1427619774.59,1.8005697836788674,-1.6242713969282465,-0.3261439946859236
1427619774.6,1.6454530524599424,-1.3331500184078573,-0.42277939445601276
1427619774.61,0.645058394132483,-0.3890311919726384,-0.059417973620518594
1427619774.62,-0.14362532633475283,0.49829249462416075,0.1993527043060107
1427619774.63,-0.139693555660046,0.5828151071652581,0.2647404332950042
1427619774.64,-0.5272182708710442,0.5845719403347512,0.5119784283630006
1427619774.65,-0.9212468257591895,0.6098336380921421,0.7033799924109411
1427619774.66,-0.8442388375011376,0.6626978307710634,0.661244552068049
1427619774.67,-0.8208400775029132,0.8299021536759938,0.531091451000746
1427619774.68,-0.5452453729220654,0.6692479757368796,-0.03618989326210453
1427619774.69,-0.1949283903230739,0.5617587440923846,-0.7363412297780737
1427619774.7,-0.2254402740376724,0.520505892707057,-0.5435903158321387
1427619774.71,-0.35631169017521136,-0.08000354759558093,0.4570498739633368
1427619774.72,-0.4849095181852107,-0.5101004715644927,1.2215546189138948
1427619774.73,-0.39687873260138473,-0.4353938367702558,1.1356927369120202
1427619774.74,-0.11262203107045453,-0.4931681078248671,0.7859379968789828
1427619774.75,-0.03255293814981612,-0.4373681033554255,0.7139500560840037
1427619774.76,0.09573831974311965,-0.3367432719896182,0.4032249929708179
1427619774.77,0.3318324474434225,-0.36618503688281556,-0.07921938495927199
1427619774.78,0.3491616475594964,-0.20304021148677354,-0.16362086108872118
1427619774.79,0.2943669761559717,-0.16013220001815093,-0.04471995886234702
1427619774.8,0.23734458457808655,-0.041342598728714305,0.04748153196952144
1427619774.81,0.37501531437601143,0.09049290802068012,-0.0680628403155887
1427619774.82,0.9422081604021271,-0.007514982609168663,-0.6022580049462777
1427619774.83,1.3373864774032458,0.29836942461041344,-1.0380587970566166
1427619774.84,1.2606619735770288,-0.2702618998165423,-0.8361357499420528
1427619774.85,0.7455033495041334,-1.6243183565230617,-0.4009796334412318
1427619774.86,-0.624916190309584,-1.2795844210916745,-0.24126099204317353
1427619774.87,-1.9165442521566556,-0.45442368697151825,-0.19895679122826493
1427619774.88,-1.7172635183020704,-0.23994562226910765,-0.13735357511519733
1427619774.89,-0.9344832633350015,0.5760400865865672,-0.13751956985596642
1427619774.9,-0.706395937329402,1.0550141918310383,-0.11734459015956794
1427619774.91,-0.4263373989616225,0.7391678093548123,-0.037380209804015074
1427619774.92,0.07896939352750439,0.4919756871643497,0.09689821252551935
1427619774.93,0.10678428636304246,0.40285378014068784,0.13643110562348848
1427619774.94,-0.06665445062327063,0.45876922655008706,0.0694612854672135
1427619774.95,0.31622736083034964,0.2997401217329088,0.35557143815425174
1427619774.96,0.8918334814532842,-0.011834495667042783,0.8460761127167009
1427619774.97,0.9681347066211716,0.014025658071318697,0.8657948613163815
1427619774.98,0.8270259082148954,0.13517614393279795,0.4449344585297868
1427619774.99,0.8721135304196864,0.20682073726800185,0.09757689156266164
1427619775.0,0.8195196060642244,0.10191741354693912,-0.17602474836134707
1427619775.01,0.6856294309178644,-0.42802778139157976,-0.8083779455061726
1427619775.02,0.7149521319928489,-0.8004244576733823,-1.314564021489073
1427619775.03,0.4635868519896227,-0.5207738040591325,-1.1481867483844326
1427619775.04,-0.023208073992493652,-0.12142567908349688,-0.8532129377956066
1427619775.05,-0.1248963452489357,0.10273804244902206,-0.698890440511347
1427619775.06,0.036412735409219826,0.21006252071699355,-0.8903515008012901
1427619775.07,0.20578060230399262,0.26525903944821827,-0.9101277579541914
1427619775.08,0.33940421810842925,0.9000521207372568,0.4536179867772475
1427619775.09,0.4732395153720063,1.370246607859393,1.7679951028828786
1427619775.1,0.5710969298721456,0.4337155179471378,1.52889098206471
1427619775.11,0.3851513557246065,-0.47083328151177783,1.0167954649470303
1427619775.12,0.17346118834132035,-0.4633911096824198,0.8387084375650374
1427619775.13,-0.13904971461496907,-0.5065365152001267,0.518645052769963
1427619775.14,-0.7695984502716701,-0.4838465472772936,0.12312701492218933
1427619775.15,-1.01851313101776,-0.2318255161059072,-0.04249088412059886
1427619775.16,-0.9412706993848413,-0.008608919245055996,-0.058994965622560805
1427619775.17,-0.9354935463506728,0.1312080319014038,-0.1041870870303814
1427619775.18,-0.6122365016039775,-0.056168930732363134,0.1987796712370544
1427619775.19,-0.15833718901875846,-0.2712198537160928,0.4777739759479041
1427619775.2,-0.06356411591783434,-0.2224897614244493,0.48307083353550834
1427619775.21,-0.021134934410075384,-0.16597163964583667,0.6875446065548448
1427619775.22,0.5084114074462537,-0.15904659799472692,0.23288185189963284
1427619775.23,1.1854666076121518,-0.20612685480019732,-0.7716868468268478
1427619775.24,1.1341887211040438,-0.3368818718772913,-0.9756728643444295
1427619775.25,0.2299432209796878,-0.5772535483598303,-0.8285665711336148
1427619775.26,-0.6453670095542021,-0.7317055053623021,-0.8468173629734218
1427619775.27,-0.6549191532680131,-0.2809670279142105,-0.5053175214073578
1427619775.28,-0.24893035175202383,0.478113206225272,0.02956599358578721
1427619775.29,-0.12180835013604112,0.814250234147491,0.17200278346743755
1427619775.3,-0.059662168158896856,0.9620989746643465,0.32226593588601804
1427619775.31,-0.0438880865359535,0.9009993207477827,0.2793975329537133
1427619775.32,-0.37114408489876294,0.16824343027994937,-0.7639382176078082
1427619775.33,-0.6120770735510539,-0.3705744995189079,-0.9198273102018246
1427619775.34,-0.3071685189763097,-0.17325659873005156,0.4042628705225574
1427619775.35,-0.16901748508840064,-0.07662780817497358,0.7150114364735742
1427619775.36,-0.13155431807267262,-0.15939305822395922,0.4353779983578153
1427619775.37,0.7799709801710046,-0.22325772845613862,0.5463404134944457
1427619775.38,1.5989149415768804,-0.3865602484500209,0.29776794574745463
1427619775.39,1.4015269804557706,-0.2687077182021239,0.23053758266891666
1427619775.4,0.5555863528658178,-0.005922114786312294,0.27255283794101165
1427619775.41,-0.6070585087304647,-0.032523945692420016,-0.06207930074396831
1427619775.42,-1.3725084011784614,-0.2978139406882398,-0.30120160838339843
1427619775.43,-1.630953266993236,-0.6208332154183029,-0.4944685470044285
1427619775.44,-0.9244191886910036,-0.3771423773550435,-0.3957941444819745
1427619775.45,0.7667540550378734,0.3201415517463376,0.08240413112351895
1427619775.46,1.4354314564059316,0.5094775703233103,0.23366170552861254
1427619775.47,1.5179728128647667,0.5102720249561215,0.2479597356631626
1427619775.48,1.9492220509074856,0.5903471326204628,0.3605401268083919
1427619775.49,1.052341771608266,0.1356563147423231,0.1227952235203088
1427619775.5,-0.36788887647681756,-0.4449415211966513,-0.1995543298645858
1427619775.51,-0.41546005152977095,-0.5663051319459103,-0.2835832897163733
1427619775.52,-0.07606219262146888,-0.4406587325615467,-0.40606122175120984
1427619775.53,-0.26994055801953554,-0.33148880830948685,-0.44533093416104486
1427619775.54,-0.4918143442786631,-0.28480498162482193,-0.26927632654877665
1427619775.55,-0.781966453787777,-0.2598764569834935,-0.05390707466614768
1427619775.56,-1.21552711234264,-0.28067610600666987,0.15339766104501487
1427619775.57,-1.2399613757072923,-0.23727662747792894,0.2729828128255679
1427619775.58,-1.324337454010436,-0.3810291233866581,0.4220122170378853
1427619775.59,-1.282591080488072,-0.3667002211079396,0.3998264786380121
1427619775.6,-0.0025992018936001476,0.8048619912350511,-0.2530450639044035
1427619775.61,1.1068957057631819,1.8146059480331722,-0.8350080016980643
1427619775.62,1.1396571052365365,1.7978962146967805,-0.8808390600449508
1427619775.63,1.1625391526267284,1.792971366797631,-0.9709402062691914
1427619775.64,0.7268345452226116,0.8314138360785619,-0.6741184220371969
1427619775.65,-0.04139801681698414,-0.7758668610067789,0.10176353052512577
1427619775.66,0.005186047381171052,-0.851928815480758,0.25603694059677484
1427619775.67,0.38931186755892033,-0.27388851988882684,0.30700609986454475
1427619775.68,0.4729999993853291,-0.2664844634160831,0.9046556419267487
1427619775.69,0.3543901827725844,-0.37613913463617066,1.2568287306753338
1427619775.7,0.17455739096881204,-0.60807414062134,1.4888128177878117
1427619775.71,0.021010065559216515,-0.7821457819447148,1.5106599210685696
1427619775.72,-0.09975087453602499,-0.5344236675184123,0.6273440658484442
1427619775.73,-0.11207093519522571,-0.3227520317669689,-0.274379367394028
1427619775.74,-0.0670984322397775,-0.31033866753266554,-0.46892766572793043
1427619775.75,-0.011023640134009874,-0.2877576840747942,-0.47349087993249883
1427619775.76,0.1255235418091491,-0.6907810147760071,-0.48951415207808513
1427619775.77,0.20463078813526278,-1.1026939942563745,-0.47088445973679693
1427619775.78,0.05646877015960258,-0.693934684268714,-0.5297560521824465
1427619775.79,-0.20099096124598406,-0.08223597074958636,-0.5422914374171999
1427619775.8,-0.42596322913437606,0.524007914067858,-0.564588915337313
1427619775.81,-0.6580816584024624,1.0665495977340425,-0.6144936635310363
1427619775.82,-0.6932064679688901,0.7907392787509473,0.12151629996519339
1427619775.83,-0.5054721970729649,0.36006540665654485,1.0195798519725652
1427619775.84,-0.05562404796355325,0.7489894107804989,0.7731278225842905
1427619775.85,0.7202441290554111,1.4503624106454862,0.46706104095813217
1427619775.86,0.599120680632214,1.370065962439177,0.19946130308668764
1427619775.87,-0.3513188632459561,0.43751139471962797,-0.6254477235075707
1427619775.88,-0.6351981082964808,-0.01749639801987335,-0.9050577752977718
1427619775.89,-0.8077922950283491,0.1978949296491857,-1.0267925135697145
1427619775.9,-0.5701753589320965,0.010286822989184569,-0.7827997787216594
1427619775.91,0.9422990647335678,-0.40101530527117624,0.7701653858481708
1427619775.92,1.737444872800716,-0.4844298988580093,1.6004458189003377
1427619775.93,1.0640970200119333,-0.5357518749111241,0.8265059909315139
1427619775.94,0.40295055391771706,-0.7147122600473084,-0.11083410325421461
1427619775.95,0.04972497074945828,-0.7547704669218686,-0.5049301444485182
1427619775.96,-0.4707167212331561,-0.5295836587505002,-0.17876710601327994
1427619775.97,-1.1646744250005554,-0.2995746400998111,0.2345336327215216
1427619775.98,-1.3376685542379425,-0.229578020806609,0.262993184212433
1427619775.99,-0.6135019372203417,-0.1270107556992061,0.22271507762418266
1427619776.0,0.014967790932088295,-0.03694425333545716,0.12425525814585976
1427619776.01,-0.14308869566779436,-0.07063192602967373,0.15539300828244443
1427619776.02,0.043590909399701214,-0.008202636166524432,0.2228409405358922
1427619776.03,1.0864652777350978,0.19628532542373422,0.07166357431674734
1427619776.04,1.6148704089926742,0.33024439629097363,0.12364833412687366
1427619776.05,1.1709402738059338,0.3189172461939557,0.016328402832622886
1427619776.06,0.1391978839230744,0.46376914627932064,-0.6258074854956015
1427619776.07,-0.6347456861155222,0.6123234148775124,-0.9031791052007305
1427619776.08,-0.030980739301522953,0.11781560028590866,-0.5497850719096625
1427619776.09,0.42905957170613296,-0.2967908405928983,-0.04697975119490612
1427619776.1,-0.15103484500142322,0.009132099970261792,0.2331512563923637
1427619776.11,-0.49601460152483523,0.30759402742316244,0.25532329119963915
1427619776.12,-1.0060041928524992,0.6311973179873731,0.4766401301065423
1427619776.13,-0.9828381820839961,0.6732384572095746,0.38319831984689845
1427619776.14,0.2625286371523847,-0.041867223172192214,-0.2751766411346277
1427619776.15,0.7803179031667167,-0.3725122972887358,-0.5275001498617378
1427619776.16,0.788539222998648,-0.22324519469280474,-0.6208747795425597
1427619776.17,0.9829339322723939,-0.404056672456484,-0.5963180308535492
1427619776.18,0.6333268075072067,-0.8084078189805952,0.27780313106429877
1427619776.19,0.43102325204645886,-1.1905718613486385,1.028388935834799
1427619776.2,0.44897872938265904,-0.7678052182765903,0.4504458828648167
1427619776.21,0.3362850659722869,0.4184580561435574,-0.986248710624644
1427619776.22,0.2692400237131152,0.9175862792589808,-1.5788889863798399
1427619776.23,-0.4712255992029202,0.6511882146104779,-0.562879528494682
1427619776.24,-1.4702814867134504,0.45125980099954766,0.5923884202334984
1427619776.25,-1.6439902511966769,0.3583565354129204,0.9038833827790795
1427619776.26,-1.0758707006734258,0.18967978837859095,0.7810693381619287
1427619776.27,-0.07162359371065583,-0.08268153181515071,0.476987861955901
1427619776.28,0.683205492692584,-0.2991262633253812,0.28262336447308684
1427619776.29,0.8184180793719011,-0.30497220662034763,0.28012672657272353
1427619776.3,0.7950661178553305,-0.22897686415763494,0.2841331537145662
1427619776.31,0.8573138792949914,-0.22777073594194203,0.3352440091075319
1427619776.32,0.878251382958069,-0.18203695776204176,0.27159011638042646
1427619776.33,0.39030072950479805,0.11896678518563017,0.16810864821726218
1427619776.34,-0.29439939022892303,0.3884274898999786,0.20895225534056386
1427619776.35,-0.352175385321259,0.18350869254122454,0.15062229892932386
1427619776.36,-0.22201523785329133,-0.2551399444073943,0.08603145988710348
1427619776.37,-0.22901869425358753,-0.4374775927304027,0.025799929648661138
1427619776.38,-0.13232231657285215,-0.21266769685695944,0.027752191768482468
1427619776.39,-0.10678845974191553,0.13827261979264927,0.27100847969890124
1427619776.4,-0.038269193320986786,0.09978243872751506,-0.11219106985960144
1427619776.41,0.07850602927561935,-0.2164726297717034,-0.9650636595409164
1427619776.42,0.0919264422004082,-0.36371311808061474,-1.1835824446028538
1427619776.43,0.09606840351346946,-0.34425478672772425,-1.0952664842755844
1427619776.44,-0.1604265261127922,-0.030187427486415508,-0.5255024053253347
1427619776.45,-0.6057974975795344,0.5066185934800989,0.5118522920115585
1427619776.46,-0.7121843184081136,0.5762818025594258,0.6660886940247213
1427619776.47,-0.5172393551056075,0.10986388195583051,0.14926966439968992
1427619776.48,-0.4399870039709018,-0.26130988247754816,-0.136202165634141
1427619776.49,-0.4373648866611072,-0.1864614080001426,-0.1007299065677746
1427619776.5,-0.34866228585957515,0.2483761246871778,0.32645236307339287
1427619776.51,-0.36871852264965554,0.5719952194737306,0.6571333173899864
1427619776.52,-0.059286709114719685,0.37770838478744606,0.42852676085560115
1427619776.53,0.7285981145867612,-0.06066776354618637,-0.0005580229899498218
1427619776.54,1.0537294290349202,-0.26926750124569077,-0.2199101766742084
1427619776.55,0.9608103181966133,-0.2577523389513286,-0.19038323164361448
1427619776.56,0.8320040934852818,-0.20175074647474434,-0.054130718374808054
1427619776.57,0.5960429593257269,-0.11156378079247803,0.14684153403956984
1427619776.58,0.5477706642928984,-0.0885986378431407,0.24467263061839561
1427619776.59,0.26711361638157854,-0.33516889428408764,-0.010806598162752756
1427619776.6,-0.29672622416430405,-0.722860966604101,-0.37841571576194316
1427619776.61,-0.2947988984846442,-0.7505032754078583,-0.3519909113640321
1427619776.62,0.11221135800631307,-0.31004723303426507,0.20810207595988023
1427619776.63,0.4616829094819214,0.07716340444706787,0.7516914296319841
1427619776.64,0.47581872145792936,0.24755582119038405,0.534422899112325
1427619776.65,0.24306302006582226,0.574403123298036,-0.23277773619474607
1427619776.66,0.21457825993763197,0.835299072336003,-0.6482696176156033
1427619776.67,-0.05500315951285372,0.4877834534981639,-0.48813342111706615
1427619776.68,-0.5423690678198052,-0.05161568272264433,-0.2122693298942653
1427619776.69,-0.6836224155952972,-0.2433377053724481,-0.1260381753349763
1427619776.7,-0.7172676886443972,-0.2857232762387715,-0.16027191629204365
1427619776.71,-0.8099287380703246,-0.3085250458477388,-0.15098345318819764
1427619776.72,-1.263361875514802,-0.3710093596201034,-0.16683217708544074
1427619776.73,-1.5363525014058814,-0.35313054610143313,-0.17151068248053367
1427619776.74,-0.5897550808424653,0.05489317740716795,0.06264579698737689
1427619776.75,0.3341840614947807,0.44870880582864925,0.2750447025267567
1427619776.76,0.5266104309852423,0.46069030841208186,0.1943989059460215
1427619776.77,1.175729346305932,0.4272313569984214,0.025747905270864638
1427619776.78,1.8913458382984643,0.4766306812529013,-0.12675477288314585
1427619776.79,1.7665525844702221,0.44433616453675745,-0.17758612889453324
1427619776.8,1.247554332946883,0.46706508694721255,-0.2258121926242151
1427619776.81,0.7081022647119405,0.5251835990614044,-0.34132025126713156
1427619776.82,0.03250053419808574,0.00034573924931359805,0.018577732142128846
1427619776.83,-0.5559286312558858,-0.7513385776356329,0.5500549794302128
1427619776.84,-0.6794071040749594,-0.8212688865127482,0.5685918091269453
1427619776.85,-0.6405229694501677,-0.818189271923881,0.5790335318593789
1427619776.86,-0.7147079095589319,-0.8862297740984677,0.6185386094658968
1427619776.87,-0.6009834276586178,-0.45513724629353525,0.46526669374895324
1427619776.88,-0.4629307561531748,-0.07234677853458799,0.32909937635394787
1427619776.89,-0.5765423557065482,0.2504092052557365,-0.24264510646932802
1427619776.9,-0.5954762943856918,0.5161100182087315,-0.8007079802094196
1427619776.91,-0.312091538454282,0.22748911231633312,-0.5654494974653048
1427619776.92,0.06016379888833641,-0.06785085825251798,-0.25358988145219874
1427619776.93,0.2990693523187336,-0.33287557470028095,-0.06159952209381184
1427619776.94,0.525295629059516,-0.5476617624144888,0.15361994885339006
1427619776.95,0.9442269081665916,-0.0161202022551091,-0.013146386946023055
1427619776.96,1.2179835113210482,0.5015544525781919,-0.19882204772309287
1427619776.97,1.2504611934190415,0.46249553725575243,-0.16730662874202812
1427619776.98,1.152212625430091,0.4201997874556491,-0.1663031981182692
1427619776.99,0.43004703599605554,0.3357523173063912,-0.03339183241659968
1427619777.0,-0.3602501437623517,0.254780677090175,0.12166670824774428
1427619777.01,-0.6293531884508549,0.35900099198686153,0.19061641464663914
1427619777.02,-1.4654590538532375,0.6358758881631321,0.45359111494419807
1427619777.03,-2.0114304406913157,0.8360488290220083,0.6207165625471238
1427619777.04,-0.5530678732347701,0.4671960553189533,0.3172619613045644
1427619777.05,1.1187108289990735,0.045110386962165905,-0.020793513839252806
1427619777.06,1.1683194837015767,0.06873637533823754,-0.04341708305377325
1427619777.07,0.3851638970431345,0.06952757046705384,-0.010380787601831653
1427619777.08,-0.20996569353092565,-0.04103614897067581,-0.06644753434456126
1427619777.09,-0.1508256814561047,-0.39216879432444296,-0.20258728982356733
1427619777.1,0.21060352214080766,-0.8824424424753695,-0.41495161103180506
1427619777.11,0.17749016889650762,-0.9141322796448957,-0.44673306446016514
1427619777.12,0.12456845019809494,-0.8930878348937743,-0.4161759256907679
1427619777.13,0.13053253433971984,-0.863083285275989,-0.4537653492648811
1427619777.14,-0.5192575100793502,-0.15439848725120792,0.07886599662810868
1427619777.15,-0.9772879764488261,0.5051041508704422,0.54763763330269
1427619777.16,-0.29007874831603886,0.44723110481563677,-0.16159405270573185
1427619777.17,0.33554055310992603,0.2916330574196842,-0.6850472449670927
1427619777.18,0.3283164077014578,0.2754469495954431,-0.21885909965708422
1427619777.19,0.3987656018700653,0.17771193376974154,0.2589121905388492
1427619777.2,0.4615202864386398,0.1130423792594078,0.7621589088787601
1427619777.21,0.4589091160816159,0.10378168733166893,0.8689834940311598
1427619777.22,0.5066305020031886,0.0744862563272201,0.18157666777054315
1427619777.23,0.4837744104313324,0.10781595678254863,-0.20627823913041976
1427619777.24,0.5546478908445573,0.07264792898546163,-0.23032858175668364
1427619777.25,0.46480409891543645,0.0503832310305698,-0.23586283979210737
1427619777.26,0.027131516681394425,0.14493445498991603,-0.04200561497191078
1427619777.27,-0.18730927945451673,-0.010693405451405007,0.0034027159287551923
1427619777.28,-0.13792101957784791,-0.29196616224892924,-0.026663717150925026
1427619777.29,-0.18944519595509923,-0.6037650427369871,-0.04265665299476734
1427619777.3,-0.16967352892944915,-0.8131999915604082,-0.08948247809383691
1427619777.31,-0.10674594525895922,-0.6716574772600628,-0.04485293398139642
1427619777.32,-0.15973556029730393,-0.9814807580178955,-0.15849907584367245
1427619777.33,-0.07650053362293052,-0.7676554529048888,-0.0319391261025741
1427619777.34,-0.07423068432535812,0.9739456511505751,0.236510437269306
1427619777.35,-0.2775853588272218,1.4151840840314525,0.11200187082388513
1427619777.36,-0.3505129540816925,0.26956906054639307,0.24062643238531112
1427619777.37,-0.43368073075250524,0.12857573951878248,0.36797916954552035
1427619777.38,-0.44114271656199944,0.22286179751505322,0.2521199001731699
1427619777.39,-0.4825426107810462,-0.16588709716991706,0.4368233900566865
1427619777.4,-0.6324359617428441,-0.02773059693662841,0.252150614729037
1427619777.41,-0.32542129081950144,0.26504412195122806,-0.31029590381699734
1427619777.42,-0.1260514611759384,0.26843882589108575,-0.4415359079153445
1427619777.43,0.12020915642264873,0.17563445910429404,-0.23218792481183975
1427619777.44,1.019402627837752,0.03452455047077649,-0.02758638900295623
1427619777.45,1.315628574356767,-0.009234654273969911,0.23785697662026586
1427619777.46,1.169223153033849,-0.026031323055696567,0.6839699445857961
1427619777.47,1.0741792583018095,-0.10389394492524165,0.48433313663360483
1427619777.48,0.6175295581421495,-0.2335989595756025,-0.5660948829775903
1427619777.49,0.6284057471612231,-0.403440161565777,-1.337598512106241
1427619777.5,0.5174090357290874,-0.29617125934940014,-1.1146869644721094
1427619777.51,-0.1941597163189352,0.017527768786699052,0.0012015207436686416
1427619777.52,-0.3063696313839951,0.1823263084845232,0.6176074389281712
1427619777.53,-0.2103168326166469,0.20572367257703683,0.36787048028633845
1427619777.54,-0.2216033686619774,0.18805699286412803,0.4369623856907836
1427619777.55,-0.23625780791812334,0.4780708045332932,0.32032743521604456
1427619777.56,-0.6411338920020787,0.9450795320563898,-0.1934222707946125
1427619777.57,-0.8271546881197378,1.0064756660360499,-0.3202592254206712
1427619777.58,-0.8129641613412384,0.8102844626562296,-0.32477123109445805
1427619777.59,-0.9383743508682896,0.4685003129447891,-0.3219481802506003
1427619777.6,-0.5599428840817062,0.0791195291641539,-0.014348450924735426
1427619777.61,0.1944919958157773,-0.15482120612037698,0.6852966564960739
1427619777.62,0.6671313806745945,-0.5902490263983304,1.0104917376203226
1427619777.63,0.6170626560967816,-1.0537673333321005,0.3904491309330419
1427619777.64,0.34334757027624535,-1.112958839801451,-0.027213386293030606
1427619777.65,0.3422782673403957,-1.0763389679570001,0.04763965429919581
1427619777.66,0.3275231513779784,-1.2165417468936912,-0.039319600377242636
1427619777.67,0.08982722303480206,-0.9855864061383106,-0.0801438781411914
1427619777.68,-0.48936936337086623,0.2530273030205429,-0.41172771735282393
1427619777.69,-1.199407683562839,1.2910309104426843,-0.8734546390078324
1427619777.7,-0.49491546283867177,0.7100654695268105,-0.3694793446386746
1427619777.71,0.9599575937988782,-0.2305587795096236,0.387740400389194
1427619777.72,1.1247923806520508,-0.09060881521271523,0.4272120934630552
1427619777.73,0.9473415018017353,0.4592001847591474,0.30913267622667806
1427619777.74,0.8372736173799354,0.5267089639260863,0.10078499898900012
1427619777.75,0.21859922193158174,0.20913629843705306,-0.3309413341460926
1427619777.76,0.009796713002562754,-0.13984122875386998,-0.5904796161633715
1427619777.77,-0.04410885468265267,-0.291826797054133,-0.5306665083212742
1427619777.78,-0.28610236687959373,-0.10798907038231549,-0.07156545204606388
1427619777.79,-0.21148267185489816,0.09417932730608589,0.29361003729151
1427619777.8,-0.219650922631779,0.028852555677881808,0.1842451605321875
1427619777.81,-0.2515614309387229,0.02118870255007449,0.16879732858516505
1427619777.82,-0.1729959037902612,0.11602262507117013,0.21904058470713794
1427619777.83,-0.22319806376594886,0.08993164774194207,0.12245082816551942
1427619777.84,-0.18518111537548995,0.10274966119254635,0.15396284495341267
1427619777.85,-0.17235247800733883,0.12023510445221876,0.0957201776738875
1427619777.86,-0.10071470681875068,0.08491631066358449,-0.1719031446870164
1427619777.87,0.03280359598190302,0.027313219376158854,-0.34631741622283096
1427619777.88,-0.2624673394334582,-0.2839916696335635,-0.3199917877390859
1427619777.89,-0.19081526158015133,-0.3481227572077632,-0.12625433808749317
1427619777.9,0.7130608861279634,0.09640871732656678,0.08883920114883644
1427619777.91,1.046947234743711,0.22795107798925207,0.17417838597200289
1427619777.92,0.9428854356246316,0.23963434893200591,0.1597923838282835
1427619777.93,1.3876684274252664,0.44134081364534994,0.1720558661477723
1427619777.94,0.9955521451021114,0.2577945145044858,0.1930193178358452
1427619777.95,-0.4301074790350313,-0.09403945122062007,0.15529232684122798
1427619777.96,-0.8723585700607571,-0.19440106557000902,0.15219647347972598
1427619777.97,-0.5186781712836034,0.2221378287700073,-0.018857657309445816
1427619777.98,-0.3904690882303907,0.8864936841484544,-0.3476679515513222
1427619777.99,-0.34604805453958126,0.4190539859588264,-0.04264194083519765
1427619778.0,-0.5727526565126168,-0.7275240568854091,0.7165755221024037
1427619778.01,-0.6518687548765797,-0.8629531582626554,0.7175203277350268
1427619778.02,-0.4076688756060891,-0.6457050485267017,0.19468534005889898
1427619778.03,-0.5617899801646797,-0.8035006295356644,0.12249672274162976
1427619778.04,-0.4149416480949167,-0.5669702714756351,-0.030431850147366046
1427619778.05,0.0748324008464858,-0.1323823345051606,-0.5869782477345141
1427619778.06,0.040769731550322576,-0.044572667354543544,-0.6079271317024906
1427619778.07,0.044092413084444004,-0.0893771164004925,-0.4425281981629319
1427619778.08,-0.0006778595642881191,-0.14648866873704813,-0.6332075462434362
1427619778.09,0.009013887501136138,0.04133057179384197,-0.2372621610878754
1427619778.1,0.5236152602356693,0.5009617612613879,0.5568556829525994
1427619778.11,0.676436005286291,0.6031895496068828,0.7191388271775572
1427619778.12,0.9372112347998451,0.2238586194827425,0.20530507024612316
1427619778.13,1.396616303791699,-0.05674448827895717,-0.2837820915541609
1427619778.14,1.0839003005653538,-0.012205177461683453,-0.08823478020457193
1427619778.15,0.7380315914353183,0.09123605133978335,0.16711497862057761
1427619778.16,0.22727707423756477,0.30328139929388837,0.1554098396163452
1427619778.17,-0.4919143071130268,0.5322419264483789,0.2879860413584401
1427619778.18,-0.47938387870203036,0.5292135099808827,0.24376317942589146
1427619778.19,-0.5489930203250105,0.6553124847526258,0.2566320011490135
1427619778.2,-0.6482988693122286,0.5973560308638797,0.1373714677415153
1427619778.21,-0.22618252441703637,0.005425354670940075,-0.6074321782103325
1427619778.22,-0.1436139997127796,-0.2787386318322897,-0.9901645840375617
1427619778.23,-0.24815117514331358,-0.283847250948972,-0.7806927685567445
1427619778.24,-0.38157875532231766,-0.64213110156552,-0.4543136609682682
1427619778.25,-0.6475923376611037,-0.8879510191213735,-0.16611726520574072
1427619778.26,-0.509273170298286,-0.6200966393263356,0.1346327446606363
1427619778.27,-0.4340967876157281,-0.2933838556584118,0.8672234954062721
1427619778.28,-0.43786914467073645,-0.14973189285987848,0.9971885521838837
1427619778.29,-0.13990009124231165,-0.09881300531478222,0.23172622640069734
1427619778.3,-0.2988075492348155,-0.20156994684384633,0.12055773110387977
1427619778.31,-0.2874688827962649,-0.09983632823368674,0.19913067280168664
1427619778.32,0.5970932821542182,0.35481704371242895,-0.14681088125977293
1427619778.33,1.094787196599043,0.6441195982295145,-0.23858856945602233
1427619778.34,1.043023357740584,0.6786504012126433,-0.28957818208619435
1427619778.35,0.9309816993218882,0.4100787383295592,-0.24533996889856238
1427619778.36,0.5058377810275456,-0.4316802033962594,0.12917142219257913
1427619778.37,0.26306221400036167,-1.0675905349972827,0.3023280242103745
1427619778.38,0.4359724245858328,-0.42382856495289717,0.01398293188033553
1427619778.39,0.5703868998942849,0.49194730785501894,-0.4348018989204421
1427619778.4,0.5885043452315665,0.3607861483105427,-0.473786896853801
1427619778.41,0.25339597450149376,-0.6498634709788741,0.021659102491308535
1427619778.42,-0.18029918975839365,-2.140819949204666,0.4957341951192843
1427619778.43,-0.07958820234761876,-1.8493238676500916,0.4649256088052701
1427619778.44,0.015666922745007125,0.7261697582153857,0.08138959489051362
1427619778.45,-0.017742798565317575,1.88888784155172,-0.10827191017733107
1427619778.46,0.27396865213751,1.7160693157100133,-0.10318074793143406
1427619778.47,-0.08007335081332595,1.6530626272331346,-0.08875324227612613
1427619778.48,-1.3871143386940064,0.842105784296936,0.04948186822981321
1427619778.49,-2.115294132263347,0.6215352123028254,0.1212826927534637
1427619778.5,-1.2621036542729922,0.40771073383562667,0.007463710973354604
1427619778.51,0.2631307898050539,-0.9572705243188957,-0.14021516159704966
1427619778.52,0.7621125477253662,-1.2502537545525705,-0.2246321415402955
1427619778.53,0.48832494611067,-0.674433064641838,-0.1981318713050322
1427619778.54,0.4748139425556282,-0.3916770342129192,-0.21166876844400948
1427619778.55,0.3955065672598089,-0.07725214143959053,-0.22212081592082572
1427619778.56,0.21267593700687526,0.15441031743659545,-0.10027341142563759
1427619778.57,0.05718794364352084,0.6296352605620795,-0.04360676406889302
1427619778.58,-0.025451566753116037,0.7775782957552191,0.026536998543730844
1427619778.59,0.18689301396446512,0.2781861280458485,0.17865982018795779
1427619778.6,0.28355594444898546,0.122967543816867,0.16297897427930683
1427619778.61,0.26230137417518185,0.1427832444453166,0.12382528546076335
1427619778.62,0.2718069446166446,0.2172869234604214,0.1273985974743852
1427619778.63,0.3194699083695708,0.09917119187328005,0.062257391444961424
1427619778.64,0.6427537157113679,-0.6665143803240285,0.125782988407629
1427619778.65,0.7292020380426741,-0.9998698169669766,0.20256602406447038
1427619778.66,0.6270406180270964,-0.7387570593545217,0.3462695632593662
1427619778.67,0.5497838997810761,-0.6660372629686354,0.5160740836170867
1427619778.68,-0.2564950670430737,-0.7326822041049053,0.015619957457914418
1427619778.69,-1.0586766366777967,-0.7783911232614065,-0.4611889390369889
1427619778.7,-0.8701497595858254,-0.35887955042563824,-0.16294752955243558
1427619778.71,-0.6298173976569997,0.04482014551252492,0.013595436987118653
1427619778.72,-0.7436666147634613,-0.1417558654438882,0.07839715822823153
1427619778.73,-0.5030228471883837,0.2637146701844834,0.17471623551168924
1427619778.74,-0.0657615042668643,1.050180485219492,-0.12390573580318498
1427619778.75,-0.015795823277566845,1.0947371373243777,-0.22917511205176805
1427619778.76,-0.09806564887748764,0.980498678590674,-0.13118414700871778
1427619778.77,-0.06808973549025163,0.9431808069517353,-0.17114328530803546
1427619778.78,-0.031543373135518374,0.6738739151636014,-0.016046865014979955
1427619778.79,0.13592044248724536,0.3336058247093788,0.10268738618143862
1427619778.8,0.27158427657922507,0.10097150793851428,0.05820156629863915
1427619778.81,0.33631826576338086,0.009935441951835985,0.04364064041069973
1427619778.82,0.4800291619806766,-0.28365187828031735,0.014304272354950034
1427619778.83,0.39109377505432263,-0.6723157605413864,0.0588494995674147
1427619778.84,0.25459439471055745,-0.7268503375065126,0.07440615741134873
1427619778.85,0.3059446897464879,-0.6915881105608713,0.014392539334990406
1427619778.86,0.315781365362632,-0.6482341308263038,-0.0219476326226615
1427619778.87,0.40524083710843223,-0.5357664615121643,-0.1064885956866328
1427619778.88,0.4855506015933829,-0.6228807193426178,-0.13397543910429344
1427619778.89,0.3816251572651567,-0.6267776771905542,-0.16751898248277858
1427619778.9,-0.11015729439725092,-0.1220575457915227,-0.30081366683150135
1427619778.91,-0.7187166132524718,0.2280068450548674,-0.3636642261611098
1427619778.92,-0.07374134167111862,0.036247652763010105,-0.3918265624764605
1427619778.93,1.109298948238544,0.029351031855992027,-0.2605136991061906
1427619778.94,1.0019501184440958,0.22248073569156362,0.04993184505655852
1427619778.95,0.4256604793413101,0.5105266708041057,0.30767182445611313
1427619778.96,0.03282436983687434,0.9558513591365982,0.733844496144177
1427619778.97,-0.40021589726141227,1.1232934818324178,1.0328063634516782
1427619778.98,-0.37642912938611883,1.6947868126971828,0.7515785870681517
1427619778.99,-0.3518898216939571,2.0734710237814733,0.4134016525797988
1427619779.0,-0.6001221312333548,0.5593365958030758,0.20827706713916752
1427619779.01,-0.6412101667388873,-0.9023479923668425,0.08701499581211317
1427619779.02,-0.6785434774421414,-0.7911444194862199,0.16477858340970622
1427619779.03,-0.6062290228744628,-0.6898706438484792,0.1773787215904953
1427619779.04,-0.5178567668148486,-0.825933351623215,0.2193933377738613
1427619779.05,-0.4868322669890193,-0.6902369600429478,0.16181639809806583
1427619779.06,0.28552571290472056,-0.4930215280377698,-0.32294119678630867
1427619779.07,1.0064677883560469,-0.16629661114879385,-0.5864723825691136
1427619779.08,0.9150765349973389,0.02536317642873498,-0.43809930045947215
1427619779.09,1.0489546254670976,-0.0881205425554723,-0.41797153046500873
1427619779.1,0.879407011885511,0.17795562863917908,-0.3591484278265226
1427619779.11,0.034455586158558524,0.6916188667486982,-0.17050813254156705
1427619779.12,-0.2548487514243708,0.3843926464089985,-0.2459521020631395
1427619779.13,-0.29258903665314184,-0.307491938492557,-0.3669161592064249
1427619779.14,-0.4695671698508958,-0.6075647211361981,-0.3533357418252375
1427619779.15,-0.5163076831874586,-0.9260949783617124,-0.5129814780700737
1427619779.16,-0.5057916409786234,-0.7961687799592239,-0.32999436327743586
1427619779.17,-0.13393901257882157,0.13182573488514246,0.527222072578598
1427619779.18,0.14223852738921702,0.7347903469692298,1.111465461396754
1427619779.19,0.10096281951541206,0.5599963559386285,0.8780570183454144
1427619779.2,0.21602174804234528,0.11102149709971196,0.15496372715408438
1427619779.21,0.2015549383086247,-0.22910637255873645,-0.3863769577144964
1427619779.22,0.2391891003055628,-0.395875714424674,-0.25044764588288065
1427619779.23,0.17595613113415268,-0.4140890038582269,0.08591826086556931
1427619779.24,-0.21322480638305696,-0.18185213248043633,0.11262732287422483
1427619779.25,-0.40895960662250763,0.12916418947521452,0.12858427505753178
1427619779.26,-0.8204413008701505,0.28891806683902055,0.2662250404210533
1427619779.27,-0.6888829635735059,0.35685747905315424,0.16163692791779863
1427619779.28,0.47850106825243793,0.3529247977998171,-0.1572437816622435
1427619779.29,0.8413162382072972,0.3212330678388732,-0.29984926110220983
1427619779.3,0.6451498775817323,0.35315518521605493,-0.22466141181777066
1427619779.31,0.7548508660655584,0.356067181171561,-0.1791896374798074
1427619779.32,0.7042732140330983,0.35550996152239933,-0.27003737518648285
1427619779.33,0.716979051100602,0.40817995206682767,-0.09009863343590085
1427619779.34,0.41120030302104754,-0.08618883728497508,0.28059035569650925
1427619779.35,-0.03334273407300875,-1.1137658504526964,0.11053488802956596
1427619779.36,-0.034403271574930366,-1.2198725410913775,-0.12724067971774677
1427619779.37,-0.21121557778762415,-0.18938718350257522,-0.14543139715098702
1427619779.38,-0.28754172477141565,0.6380738230519676,-0.4479329337560224
1427619779.39,-0.3148191509082031,0.6893423456644646,-0.3669906898219203
1427619779.4,-0.6101668221642268,0.23124457545024893,0.12559631354994832
1427619779.41,-0.6270447030425066,-0.008285208914794673,0.2761069556673761
1427619779.42,-0.7586339894447023,0.15040414400647334,0.2645471840662491
1427619779.43,-0.577285241468563,-0.04322890100967129,0.13610344663122326
1427619779.44,0.2889142499094236,-0.5687915469193524,-0.12021900574567024
1427619779.45,0.49887769203622967,-0.8213223538855053,-0.30981344569166336
1427619779.46,0.3044263389565365,-0.41966192177282136,-0.21617913202719646
1427619779.47,0.4326169569274786,0.29834193016690475,0.020980427097878493
1427619779.48,0.38016341421796607,0.4225499363613948,-0.07516448082677536
1427619779.49,0.151346527383572,0.19508255898357874,-0.3068430713698471
1427619779.5,-0.07762083265934933,0.09453804097830354,-0.7738788730792767
1427619779.51,-0.12644021952078416,-0.042700791046589165,-0.8351903232774198
1427619779.52,0.18610655441317703,-0.26688694660931495,0.09178386414069713
1427619779.53,0.4371704755413606,-0.6444011031018197,0.34901254516456526
1427619779.54,0.3214545501654424,-0.5472721149113586,0.5165426104162809
1427619779.55,0.07228193511668224,0.01675694808379119,1.3464647782077188
1427619779.56,-0.004765221687494686,0.04922132670237006,1.3416912880650438
1427619779.57,0.030808628274692218,-0.12133544651363648,1.5085306206629074
1427619779.58,0.10189913855152145,-0.1749569798375433,1.2217431388526179
1427619779.59,0.518284938888584,-0.4472400410720482,-0.642950086550252
1427619779.6,0.8098907093525675,-0.6833388180260858,-1.1656514724579448
1427619779.61,0.16005271427334897,-0.4666025179727979,-0.4854744650361601
1427619779.62,-0.5367084036375122,0.1291337797039568,-0.35366867291274534
